-2024986555;-7;-6;1017;210;-70;980;-19;-24;1008;-547;352;-105
-2024430371;-7;-3;1019;210;-70;910;-19;-24;1008;-547;352;-105
-2023874175;-7;-3;1019;140;-70;980;-19;-23;1006;-543;351;-102
-2023317967;-7;-4;1017;140;-70;980;-18;-23;1008;-541;357;-111
-2022761773;-6;-3;1018;210;-70;980;-18;-23;1008;-541;357;-111
-2022205583;-6;-3;1018;210;-70;980;-17;-22;1009;-543;360;-96
-2021649385;-7;-5;1018;210;-70;980;-17;-22;1009;-540;352;-105
-2021093183;-8;-5;1016;210;-70;980;-19;-22;1010;-540;352;-105
-2020536995;-8;-5;1016;210;-70;980;-19;-23;1005;-546;349;-106
-2019980793;-6;-4;1017;210;-70;980;-19;-23;1005;-546;349;-106
-2019424595;-6;-4;1017;210;0;980;-20;-21;1006;-547;354;-102
-2018868413;-7;-5;1017;210;0;980;-20;-21;1007;-534;358;-99
-2018312203;-6;-4;1018;280;-70;980;-20;-26;1007;-534;358;-99
-2017756007;-6;-4;1018;280;-70;980;-20;-24;1005;-540;354;-99
-2017199815;-7;-4;1018;280;-70;980;-20;-24;1005;-549;361;-111
-2016643623;-7;-5;1018;210;-70;980;-17;-22;1006;-549;361;-111
-2016087419;-7;-5;1018;210;-70;980;-20;-23;1010;-538;348;-102
-2015531231;-6;-3;1017;280;-70;980;-20;-23;1010;-538;355;-108
-2014975027;-6;-3;1017;210;-70;980;-17;-21;1010;-538;355;-108
-2014418831;-7;-4;1019;210;-70;980;-17;-21;1010;-531;352;-105
-2013862635;-7;-4;1017;210;-70;980;-19;-21;1007;-531;352;-105
-2013306441;-7;-4;1017;210;-70;980;-20;-23;1011;-540;366;-93
-2012750255;-7;-3;1019;210;0;980;-20;-23;1011;-540;357;-102
-2012194049;-6;-5;1018;140;-70;980;-19;-23;1008;-540;357;-102
-2011637861;-6;-5;1018;140;-70;980;-19;-23;1008;-547;358;-108
-2011081659;-6;-6;1018;210;-70;980;-19;-24;1008;-534;354;-97
-2010525467;-6;-6;1018;210;-70;980;-17;-22;1008;-534;354;-97
-2009969275;-7;-5;1019;210;-70;980;-17;-22;1008;-535;363;-105
-2009413073;-7;-5;1017;210;-70;980;-19;-25;1004;-535;363;-105
-2008856883;-7;-5;1017;210;-70;980;-18;-21;1009;-547;360;-105
-2008300679;-6;-5;1018;210;-70;980;-18;-21;1009;-546;367;-102
-2007744481;-6;-5;1017;210;-70;980;-18;-25;1003;-546;367;-102
-2007188285;-7;-5;1017;210;-70;980;-18;-25;1003;-546;360;-108
-2006632087;-6;-5;1018;210;-70;980;-20;-22;1008;-543;351;-109
-2006075897;-6;-5;1018;210;-70;980;-17;-23;1007;-543;351;-109
-2005519705;-8;-5;1017;210;-70;980;-17;-23;1007;-538;352;-106
-2004963507;-7;-6;1017;210;-70;980;-19;-23;1007;-546;367;-103
-2004407305;-7;-6;1017;210;-70;980;-19;-23;1004;-546;367;-103
-2003851119;-6;-4;1018;210;-70;1050;-18;-23;1004;-537;360;-106
-2003294905;-6;-4;1018;280;-70;980;-19;-22;1011;-537;360;-106
-2002738727;-8;-5;1019;280;-70;980;-19;-22;1011;-544;355;-106
-2002182527;-7;-4;1018;210;-70;980;-19;-22;1007;-553;355;-103
-2001626323;-7;-4;1018;210;-70;980;-20;-23;1006;-553;355;-103
-2001070129;-7;-4;1018;210;-70;980;-20;-23;1006;-535;348;-103
-2000513937;-7;-4;1018;210;-70;980;-20;-24;1009;-535;358;-111
-1999957743;-7;-4;1018;210;-70;980;-20;-24;1009;-535;358;-111
-1999401539;-7;-5;1018;210;-70;1050;-19;-25;1005;-546;358;-109
-1998845351;-7;-5;1018;210;-70;980;-19;-21;1009;-546;358;-105
-1998289159;-7;-5;1018;210;-70;980;-19;-21;1009;-541;351;-105
-1997732951;-7;-5;1017;210;0;980;-18;-21;1006;-540;352;-99
-1997176749;-7;-5;1017;210;0;980;-18;-21;1008;-540;352;-99
-1996620571;-7;-5;1018;210;-70;980;-19;-23;1008;-540;346;-94
-1996064375;-7;-4;1018;210;-70;980;-18;-24;1006;-547;363;-97
-1995508167;-7;-4;1018;210;-70;980;-18;-24;1006;-547;363;-97
-1994951973;-7;-4;1018;210;0;980;-19;-23;1006;-540;357;-109
-1994395783;-7;-4;1018;210;0;910;-20;-22;1007;-537;352;-100
-1993839583;-7;-5;1017;210;0;910;-20;-22;1007;-537;352;-100
-1993283383;-7;-4;1017;210;0;980;-19;-22;1006;-541;364;-105
-1992727199;-7;-4;1017;210;0;980;-19;-22;1006;-541;364;-105
-1992170991;-7;-4;1017;210;-70;980;-20;-25;1010;-541;357;-106
-1991614807;-7;-4;1017;210;-70;980;-20;-23;1002;-538;351;-106
-1991058613;-7;-4;1017;210;-70;980;-20;-23;1002;-538;351;-106
-1990502403;-5;-5;1019;210;-70;980;-19;-23;1005;-537;357;-96
-1989946207;-5;-5;1019;210;-70;910;-19;-23;1005;-535;354;-105
-1989390015;-6;-5;1017;210;-70;910;-20;-23;1005;-535;354;-105
-1988833823;-7;-5;1019;210;-70;980;-20;-22;1009;-546;357;-100
-1988277631;-7;-5;1019;210;-70;980;-20;-22;1009;-546;360;-106
-1987721431;-7;-3;1018;210;0;980;-18;-21;1006;-540;360;-106
-1987165227;-7;-3;1017;280;0;980;-20;-22;1009;-543;354;-106
-1986609031;-7;-4;1017;280;0;980;-20;-22;1009;-543;354;-106
-1986052835;-7;-4;1019;280;-70;980;-18;-25;1005;-547;357;-100
-1985496641;-7;-4;1019;280;-70;980;-18;-25;1005;-537;358;-105
-1984940455;-6;-5;1017;210;-70;980;-20;-23;1008;-537;358;-105
-1984384249;-7;-5;1018;280;-70;980;-19;-20;1010;-546;349;-112
-1983828061;-7;-5;1018;280;-70;980;-19;-20;1010;-540;360;-112
-1983271859;-7;-5;1020;210;-70;980;-19;-22;1006;-540;360;-112
-1982715661;-7;-5;1020;210;-70;980;-19;-22;1009;-541;361;-111
-1982159475;-6;-5;1020;210;-70;980;-18;-23;1009;-541;361;-111
-1981603273;-8;-5;1018;70;-70;980;-18;-23;1002;-529;352;-93
-1981047083;-8;-5;1018;70;-70;980;-18;-23;1002;-544;361;-100
-1980490879;-7;-4;1016;140;0;980;-18;-24;1004;-544;361;-100
-1979934681;-6;-3;1017;280;0;1050;-18;-24;1006;-538;358;-102
-1979378485;-6;-3;1017;280;0;1050;-18;-24;1006;-540;354;-97
-1978822295;-2;5;1014;350;70;1190;17;-35;1002;-540;354;-97
-1978266093;-2;5;1014;560;-70;2240;17;-35;1002;-544;357;-102
-1977709905;-2;86;1018;560;-70;2240;90;-30;1008;-544;352;-105
-1977153707;-6;102;1021;630;70;4270;72;-24;1001;-544;352;-105
-1976597505;-6;102;1021;630;70;4270;72;-24;1001;-534;357;-109
-1976041307;-19;56;1015;420;70;4410;23;-2;1015;-534;357;-109
-1975485117;-20;37;1025;210;-210;2240;23;-2;1005;-541;352;-102
-1974928927;-20;37;1025;210;-210;2240;31;-15;1005;-540;357;-102
-1974372725;-14;62;1011;70;-210;1120;61;-15;1008;-540;357;-102
-1973816523;-14;62;1011;210;-280;1260;61;-15;1008;-537;354;-108
-1973260329;-20;77;1026;210;-280;1260;51;-8;1009;-538;355;-103
-1972704137;-31;58;1012;140;-70;1680;51;-3;1011;-538;355;-103
-1972147943;-31;58;1012;140;-70;1680;51;-3;1011;-541;358;-106
-1971591751;-21;71;1023;70;-70;1400;54;-9;985;-541;358;-109
-1971035549;-21;58;1012;210;-140;630;54;-9;985;-543;348;-109
-1970479349;-17;58;1012;210;-140;630;40;-26;1026;-540;369;-105
-1969923151;-7;59;1024;280;-140;420;43;-18;982;-540;369;-105
-1969366949;-7;59;1024;280;-140;-280;43;-18;982;-534;351;-108
-1968810759;-2;45;1020;420;-140;-280;24;-26;1036;-543;354;-105
-1968254573;-3;33;1037;420;-70;-1680;24;-41;979;-543;354;-105
-1967698367;-3;33;1037;420;-70;-1680;23;-41;979;-538;354;-100
-1967142173;-8;57;1011;-490;140;-910;61;-15;1027;-541;346;-103
-1966585983;-8;57;986;210;70;-280;61;-15;1027;-541;346;-103
-1966029785;-17;76;986;210;70;-280;27;-7;1006;-540;354;-117
-1965473583;-18;29;1054;420;-490;-700;28;-13;1010;-540;354;-117
-1964917393;-18;29;1054;420;-490;-700;28;-13;1010;-543;360;-111
-1964361191;-27;40;1006;70;280;350;32;-5;1010;-537;360;-109
-1963805007;-19;61;1014;0;-70;1400;32;-5;1010;-537;360;-109
-1963248813;-19;61;1014;0;-70;1400;54;-21;999;-541;358;-106
-1962692603;3;46;1015;630;-140;1750;11;-36;1022;-535;349;-109
-1962136419;3;46;1015;0;0;1960;11;-36;1022;-535;349;-109
-1961580217;-5;46;1023;0;0;1960;42;-18;984;-535;348;-103
-1961024017;-7;53;1036;0;-210;980;42;-23;1012;-550;354;-117
-1960467831;-7;53;1036;0;-210;980;45;-23;1012;-550;354;-117
-1959911631;-11;69;990;-140;0;-70;67;-20;1024;-537;351;-97
-1959355429;0;76;1036;560;-490;-770;67;-20;1024;-537;351;-97
-1958799231;0;76;1036;560;-490;-770;59;-19;996;-541;349;-102
-1958243047;-9;76;991;-210;70;-2100;63;-34;1048;-540;349;-111
-1957686841;-9;76;991;210;-140;-4200;63;-34;1048;-540;349;-111
-1957130657;-3;65;1042;210;-140;-4200;42;-11;956;-543;355;-103
-1956574451;-11;69;995;140;0;-5950;42;-11;956;-540;348;-108
-1956018261;-11;69;995;140;0;-5950;63;-32;1027;-540;348;-108
-1955462059;-2;59;1046;700;-560;-7700;20;-13;991;-543;354;-106
-1954905867;-17;38;1022;70;280;-8260;20;-13;991;-543;354;-103
-1954349653;-17;38;1022;70;280;-8260;24;-21;1022;-552;355;-103
-1953793473;-19;25;1001;490;70;-8330;24;-20;999;-543;348;-103
-1953237283;-19;25;1001;210;-140;-6720;3;-20;999;-543;348;-103
-1952681079;-9;28;1022;210;-140;-6720;14;-23;993;-543;346;-105
-1952124881;-12;30;1015;210;0;-4200;14;-23;993;-547;349;-100
-1951568685;-12;30;1015;210;0;-4200;43;-31;1027;-547;349;-100
-1951012495;-10;61;1008;350;-70;-2100;54;-49;1011;-537;342;-103
-1950456297;-10;92;1047;210;-350;-1750;54;-49;1011;-550;348;-108
-1949900105;12;92;1047;210;-350;-1750;104;7;969;-550;348;-108
-1949343907;-27;96;992;210;0;-2520;104;7;969;-538;351;-111
-1948787705;-27;96;992;210;0;-4830;78;-21;1040;-538;351;-111
-1948231507;-17;107;1011;210;-350;-4830;66;-13;1016;-550;355;-100
-1947675307;-11;72;1001;420;-420;-6930;66;-13;1016;-544;354;-100
-1947119127;-11;72;1001;420;-420;-6930;39;-11;990;-544;354;-100
-1946562925;-18;47;973;-210;350;-7910;39;-30;1060;-541;345;-106
-1946006723;-18;47;973;700;-210;-7140;24;-30;1060;-544;346;-106
-1945450529;-5;30;995;700;-210;-7140;1;-12;940;-544;346;-106
-1944894331;-15;9;882;-140;140;-3780;1;-12;940;-547;352;-108
-1944338143;-15;9;882;-140;140;-3780;14;-45;1047;-547;352;-102
-1943781951;-2;31;1001;70;0;-770;25;-22;970;-538;337;-102
-1943225749;-8;51;1010;560;-280;3640;25;-22;970;-547;346;-100
-1942669549;-8;51;1010;560;-280;3640;49;-16;978;-547;346;-100
-1942113351;-16;75;940;-630;560;8680;49;-16;978;-550;346;-100
-1941557161;-16;75;940;1050;-770;9450;74;-48;1065;-546;337;-100
-1941000959;15;80;1071;1050;-770;9450;42;-18;910;-546;337;-100
-1940444773;-3;92;953;-840;560;7980;42;-18;910;-547;340;-108
-1939888569;-3;92;953;-840;560;7980;64;-45;1106;-537;339;-109
-1939332373;14;60;1084;1050;-1190;4690;64;-15;911;-537;339;-109
-1938776183;-4;26;948;-700;-140;3640;21;-15;911;-544;337;-109
-1938219985;-4;26;948;-700;-140;3640;36;-56;1076;-544;337;-109
-1937663785;8;32;937;350;-280;2730;36;-56;1076;-549;340;-102
-1937107599;8;32;937;490;-840;4900;-22;-29;984;-543;343;-103
-1936551391;-9;15;955;490;-840;4900;0;-24;1014;-543;343;-103
-1935995197;-7;0;987;-280;-140;8680;0;-24;1014;-534;339;-105
-1935439013;-7;0;987;-280;-140;8680;5;-16;1036;-534;340;-96
-1934882803;-18;36;1032;420;-350;11970;5;-16;1036;-534;340;-96
-1934326619;-16;32;958;-630;350;15470;35;-21;1023;-544;346;-105
-1933770417;-16;32;958;-630;350;15470;46;-61;1026;-544;349;-106
-1933214217;35;48;1084;770;-420;16240;46;-61;1026;-541;349;-106
-1932658019;35;48;1084;770;-420;14210;18;-20;988;-540;349;-111
-1932101831;-4;52;838;-210;-420;14210;43;-25;994;-540;349;-111
-1931545629;2;50;978;-210;-140;11760;43;-25;994;-546;337;-106
-1930989437;2;50;978;-210;-140;11760;4;-43;1030;-544;336;-106
-1930433237;9;26;770;840;-840;9380;4;-43;1030;-544;336;-106
-1929877041;9;26;839;-280;-70;9310;40;-25;965;-543;348;-105
-1929320855;-9;74;839;-280;-70;9310;61;-23;1010;-543;339;-111
-1928764649;2;57;967;630;-560;9030;61;-23;1010;-543;339;-111
-1928208461;2;57;967;630;-560;9450;53;3;1018;-540;343;-106
-1927652259;-26;70;934;-140;630;9450;53;3;1018;-540;343;-106
-1927096061;-15;81;954;1050;-280;5670;71;-16;999;-544;340;-103
-1926539875;-15;81;954;1050;-280;5670;56;-31;1012;-537;339;-103
-1925983673;14;70;907;280;-70;1470;56;-31;1012;-537;339;-103
-1925427483;14;70;907;350;0;-2030;40;-33;1010;-549;343;-102
-1924871279;-1;60;926;350;0;-2030;13;-27;1011;-549;339;-121
-1924315081;4;39;1002;350;0;-5180;13;-27;1011;-549;339;-121
-1923758885;4;39;1002;350;0;-5180;23;-30;1006;-547;334;-100
-1923202695;-9;12;917;140;-140;-7350;23;-30;1006;-550;333;-111
-1922646497;-20;53;974;210;280;-7070;25;-20;1016;-550;333;-111
-1922090305;-20;53;974;210;280;-7070;0;-15;948;-553;345;-109
-1921534107;-13;7;877;490;-140;-5810;0;-15;948;-553;345;-109
-1920977905;-13;7;877;560;-210;-6300;26;-31;1030;-561;342;-108
-1920421707;-4;47;826;560;-210;-6300;26;-31;1030;-546;339;-117
-1919865505;0;27;773;420;0;-7210;9;-35;999;-546;339;-117
-1919309315;0;27;773;420;0;-7210;-19;-35;1058;-552;339;-115
-1918753119;5;-9;876;630;-350;-8050;-19;-35;1058;-553;333;-111
-1918196923;-7;6;783;280;210;-8260;-14;-27;1005;-553;333;-111
-1917640735;-7;6;783;280;210;-8260;-4;-26;1028;-547;334;-102
-1917084537;-3;1;892;420;-210;-7910;-4;-26;1028;-547;334;-112
-1916528343;-3;1;892;140;210;-6370;-15;1;944;-547;325;-112
-1915972139;-31;-16;904;140;210;-6370;-15;1;944;-558;330;-112
-1915415951;-23;12;1015;490;-630;-6090;2;-26;1050;-558;330;-112
-1914859747;-23;12;1015;490;-630;-6090;-67;-40;977;-564;327;-111
-1914303551;-4;-26;865;700;-280;-3990;-67;-40;977;-552;330;-106
-1913747361;13;-26;938;630;-420;-3290;-37;-50;1010;-552;330;-106
-1913191171;13;-26;938;630;-420;-3290;-37;-50;1010;-549;330;-102
-1912634975;5;0;765;490;-560;-2870;-2;-31;1017;-553;327;-117
-1912078767;5;0;765;490;-420;-1470;-21;-25;994;-553;327;-117
-1911522573;-8;16;882;280;-420;-1470;-21;-25;994;-562;319;-103
-1910966383;-18;-2;969;1120;-770;-2940;-9;-13;1006;-562;319;-103
-1910410185;-18;-2;969;1120;-770;-2940;-33;-23;1046;-556;331;-96
-1909853985;-9;-24;891;2520;-2450;-6090;-33;-23;1046;-558;334;-114
-1909297799;-9;-24;941;4270;-4900;-8190;-41;7;976;-558;334;-114
-1908741591;-22;-18;941;4270;-4900;-8190;-41;7;976;-564;327;-102
-1908185397;1;-27;869;5390;-5880;-8960;-18;-28;989;-570;321;-103
-1907629211;1;-27;869;5390;-5880;-9450;-113;-51;993;-570;321;-103
-1907073003;7;-52;962;1120;-1050;-9450;-113;-51;993;-561;322;-115
-1906516819;-28;-69;990;-420;1470;-8610;-75;17;1010;-561;325;-114
-1905960617;-28;-69;990;-420;1470;-8610;-75;17;1010;-561;325;-114
-1905404417;-7;-48;947;1050;-1680;-6020;-70;-31;997;-564;322;-109
-1904848231;-7;-48;947;1540;-1750;-2870;6;-54;1055;-564;322;-109
-1904292031;23;12;947;1540;-1750;-2870;6;-54;1055;-559;307;-108
-1903735827;15;30;946;350;280;-5040;2;-43;1009;-561;313;-102
-1903179635;15;30;946;350;280;-5040;-67;-14;978;-561;313;-102
-1902623437;-4;-33;881;210;-140;-9660;-67;-14;978;-562;322;-109
-1902067241;-4;-2;904;2100;-1960;-13720;8;-4;963;-558;297;-109
-1901511037;-4;-2;904;2100;-1960;-13720;8;-4;963;-558;297;-109
-1900954853;-39;-20;888;3010;-980;-18130;-10;-29;1095;-564;316;-117
-1900398661;-39;-20;888;4130;-1540;-20650;-64;-9;985;-564;316;-117
-1899842459;8;-15;1041;4130;-1540;-20650;-64;-9;985;-571;303;-103
-1899286261;-7;-74;963;4340;-1750;-21560;-72;-23;1014;-570;312;-105
-1898730075;-7;-74;963;4340;-1750;-21560;-72;-23;1014;-570;312;-105
-1898173861;25;-87;1002;6090;-2170;-23660;-135;-48;1032;-576;297;-103
-1897617683;39;-89;953;5880;-3150;-25480;-133;-38;937;-576;291;-105
-1897061475;39;-89;953;5880;-3150;-25480;-133;-38;937;-576;291;-105
-1896505279;-28;-109;840;7980;-2520;-22330;-103;-44;1118;-571;295;-99
-1895949085;-28;-109;840;10360;-3430;-18200;-99;12;1044;-571;289;-105
-1895392895;-31;-69;1027;10360;-3430;-18200;-99;12;1044;-580;289;-105
-1894836693;6;-94;984;13720;-5670;-16240;-108;-35;1021;-573;295;-103
-1894280505;6;-94;984;13720;-5670;-16240;-108;-35;1021;-573;295;-103
-1893724307;4;-57;707;18480;-5460;-15960;-65;-71;1012;-579;292;-97
-1893168105;105;-78;983;17360;-7210;-14140;-112;-119;1052;-582;285;-94
-1892611907;105;-78;983;17360;-7210;-14140;-112;-119;1052;-582;285;-94
-1892055705;-29;-101;991;16310;5320;-11620;-110;15;1001;-573;279;-105
-1891499527;-29;-101;991;16310;-3080;-11970;-110;15;1001;-580;279;-93
-1890943331;24;-84;1032;17150;-3080;-11970;-109;-90;1022;-580;279;-93
-1890387125;24;-93;1060;17570;980;-10080;-105;8;1030;-579;279;-97
-1889830929;24;-93;1060;17570;980;-10080;-105;8;1030;-579;279;-97
-1889274737;-17;-104;1022;18760;1890;-9380;-117;-52;1038;-585;274;-94
-1888718543;-17;-104;1093;20860;-2450;-7910;-142;-55;1062;-582;273;-94
-1888162351;37;-112;1093;20860;-2450;-7910;-142;-55;1062;-582;273;-94
-1887606149;-27;-124;1056;23450;3220;-5040;-140;-9;1043;-577;267;-87
-1887049949;-27;-124;1056;23450;3220;-5040;-140;-9;1043;-574;265;-84
-1886493751;14;-100;1094;26950;-840;-3360;-118;-65;1072;-574;265;-84
-1885937561;11;-50;1099;29890;1680;-1190;-29;-21;1079;-585;258;-82
-1885381371;11;-50;1099;29890;1680;-1190;-29;-21;1079;-582;259;-85
-1884825175;10;-40;1092;35350;840;-980;-70;-50;1092;-582;259;-85
-1884268979;10;-40;1092;40530;1190;-2450;-70;-50;1092;-582;258;-79
-1883712773;0;-52;1106;40530;1190;-2450;-38;-3;1084;-582;258;-79
-1883156583;-33;-15;1101;45500;2170;-3010;-38;-8;1083;-585;232;-69
-1882600385;-33;-15;1101;45500;2170;-3010;-38;-8;1083;-591;229;-67
-1882044185;-1;-10;1123;51170;910;-2520;-37;-26;1085;-591;229;-67
-1881487999;-16;12;1109;56490;2940;-1610;12;-20;1078;-586;232;-55
-1880931791;-16;12;1109;56490;2940;-1610;12;-20;1078;-588;231;-51
-1880375603;12;29;1099;62370;1470;-1260;28;-52;1094;-588;231;-51
-1879819411;12;29;1099;67830;2730;-1680;28;-52;1094;-574;219;-55
-1879263203;4;31;1094;67830;2730;-1680;36;-17;1067;-574;219;-42
-1878707019;-15;60;1088;73150;2940;-1540;51;-21;1072;-588;207;-42
-1878150817;-15;60;1088;73150;2940;-1540;51;-21;1072;-583;207;-39
-1877594617;-16;63;1080;77910;3500;0;60;-14;1077;-583;207;-39
-1877038431;-18;79;1059;82250;4480;2380;60;-14;1077;-583;210;-27
-1876482231;-18;79;1059;82250;4480;2380;72;-36;1011;-589;190;-25
-1875926027;12;110;1059;85540;3640;4970;100;-49;1077;-589;190;-25
-1875369835;12;110;1059;88060;4830;7000;100;-49;1077;-579;184;-10
-1874813637;0;88;996;88060;4830;7000;115;-31;978;-586;193;-4
-1874257441;35;153;1053;90230;4060;8190;100;-82;1032;-586;193;-4
-1873701255;35;153;1053;90230;4060;8190;100;-82;1032;-588;172;3
-1873145053;21;153;1040;92050;7350;10010;191;-36;996;-588;172;3
-1872588861;21;225;1023;94290;5460;12320;191;-36;996;-585;169;6
-1872032659;16;225;1023;94290;5460;12320;260;-65;1058;-585;160;12
-1871476467;6;265;1046;98910;8190;13370;260;25;1035;-585;160;12
-1870920275;6;265;1046;98910;9310;10360;260;25;1035;-589;147;18
-1870364061;-45;301;997;104020;9310;10360;310;-12;992;-579;147;27
-1869807883;-29;341;1032;107800;6230;5390;310;-12;992;-579;147;27
-1869251679;-29;341;1032;107800;6230;5390;318;23;1030;-577;139;45
-1868695479;-39;309;986;112140;3640;1680;316;-13;952;-582;139;54
-1868139285;-39;309;965;115430;-770;-3780;316;-13;952;-582;139;54
-1867583093;2;350;965;115430;-770;-3780;375;-30;935;-582;123;63
-1867026897;7;403;946;117670;-420;-7840;394;-34;916;-582;123;63
-1866470705;7;403;946;117670;-420;-7840;394;-34;916;-582;126;72
-1865914507;-1;405;894;118720;-1120;-9520;391;-26;873;-585;115;88
-1865358305;3;424;875;118510;-3290;-10150;391;-26;873;-585;115;88
-1864802107;3;424;875;118510;-3290;-10150;416;-47;854;-573;105;96
-1864245907;2;435;869;117180;-3990;-10640;428;-39;874;-568;94;108
-1863689727;2;435;869;115080;-4760;-10710;428;-39;874;-568;94;108
-1863133531;5;425;856;115080;-4760;-10710;403;-48;862;-576;88;100
-1862577323;12;423;873;113050;-5180;-9660;403;-48;862;-576;88;100
-1862021129;12;423;873;113050;-5180;-9660;391;-61;866;-580;90;121
-1861464931;14;412;872;110740;-3640;-6090;408;-74;857;-573;94;138
-1860908739;14;422;858;108360;-840;0;408;-74;857;-573;94;138
-1860352551;14;422;858;108360;-840;0;432;-62;870;-577;72;144
-1859796349;13;442;871;105910;3500;7560;427;-37;845;-579;70;148
-1859240149;13;442;871;103110;9100;13930;427;-37;845;-579;70;148
-1858683951;8;472;845;103110;9100;13930;484;-65;819;-574;75;153
-1858127761;8;507;827;101150;12250;18690;484;-65;819;-570;61;159
-1857571571;8;507;827;101150;12250;18690;505;-47;826;-570;61;159
-1857015375;8;538;823;100100;11550;20720;530;-28;810;-567;55;171
-1856459169;-9;555;832;100100;8750;19320;530;-28;810;-567;55;171
-1855902973;-9;555;832;100100;8750;19320;559;0;861;-567;57;183
-1855346783;-22;572;849;100800;6300;15960;559;0;861;-568;57;199
-1854790585;-22;572;849;102200;6230;12110;557;-18;843;-568;57;199
-1854234385;-28;581;863;102200;6230;12110;577;3;862;-546;39;198
-1853678199;-38;595;869;106330;7000;10360;577;3;862;-556;51;208
-1853121991;-38;595;869;106330;7000;10360;580;-19;848;-556;51;208
-1852565803;-17;602;851;111440;7280;10640;616;-19;815;-558;48;220
-1852009613;-17;632;822;116620;9380;11270;616;-19;815;-558;48;240
-1851453403;-7;632;822;116620;9380;11270;665;-33;778;-558;40;240
-1850897207;0;662;789;121800;8820;11620;665;-33;778;-550;25;255
-1850341015;0;662;789;121800;8820;9170;671;-28;760;-550;25;255
-1849784823;-11;678;762;127750;8820;9170;668;-8;730;-544;31;259
-1849228631;-31;684;748;132860;6720;5530;668;-8;730;-546;22;273
-1848672431;-31;684;748;132860;6720;5530;672;-4;714;-546;22;273
-1848116227;-18;679;723;136710;1960;2800;672;-4;714;-555;19;288
-1847560035;-18;679;715;139300;-840;560;655;-43;701;-541;9;298
-1847003837;7;671;715;139300;-840;560;655;-17;704;-541;9;298
-1846447641;-20;674;697;140910;-980;70;655;-17;704;-544;6;316
-1845891443;-20;674;697;140910;-980;70;656;-21;668;-544;6;316
-1845335253;-9;680;696;141120;-1890;2310;690;-20;677;-543;-4;318
-1844779061;-23;708;668;141470;700;3850;690;-20;677;-544;0;337
-1844222859;-23;708;668;141470;700;3850;701;6;626;-544;0;337
-1843666661;-45;709;618;139230;2240;5180;701;6;626;-550;-3;354
-1843110475;-45;709;618;135520;3920;7280;385;-130;951;-535;-10;369
-1842554261;74;415;859;135520;3920;7280;758;35;545;-535;-10;369
-1841998083;-72;748;394;135030;27510;18480;758;35;545;-538;-12;372
-1841441879;-72;748;394;135030;27510;18480;727;-40;522;-540;-12;388
-1840885679;24;799;645;119140;16870;19810;727;-40;522;-540;-12;388
-1840329485;-4;658;662;103600;12670;15960;637;-58;771;-540;-13;400
-1839773293;-4;658;662;103600;12670;15960;645;-47;627;-540;-13;400
-1839217097;-3;681;674;88480;11760;19040;645;-47;627;-538;-16;408
-1838660905;-3;681;674;72800;8400;19950;707;-22;681;-532;-12;408
-1838104707;-25;714;642;72800;8400;19950;720;0;598;-532;-12;408
-1837548505;-28;730;616;59010;5810;19530;720;0;598;-517;-15;415
-1836992307;-28;730;616;59010;5810;19530;748;-20;633;-519;-9;414
-1836436105;-20;772;624;46970;2800;18410;748;-20;633;-519;-9;414
-1835879927;-4;777;566;37870;420;17290;753;-29;555;-511;-24;427
-1835323731;-4;777;566;37870;420;17290;814;-60;553;-511;-24;427
-1834767525;20;835;565;34930;-1750;15890;814;-60;553;-517;-12;424
-1834211335;20;835;565;37100;-3430;13230;835;-50;494;-510;-24;433
-1833655137;9;862;509;37100;-3430;13230;835;-50;494;-510;-24;433
-1833098943;-3;896;500;43820;-5250;10500;869;-30;468;-516;-15;435
-1832542739;-3;896;500;43820;-5250;10500;857;-4;439;-508;-22;438
-1831986551;-26;875;464;53200;-6930;7070;857;-4;439;-508;-22;438
-1831430347;-26;876;475;63140;-8260;3570;850;-22;452;-505;-22;463
-1830874151;-21;876;475;63140;-8260;3570;874;-26;466;-516;-28;450
-1830317961;-22;891;474;70560;-8820;1400;874;-26;466;-516;-28;450
-1829761771;-22;891;474;70560;-8820;910;889;-16;458;-507;-13;472
-1829205575;-22;915;487;73850;-10010;910;889;-16;458;-507;-13;472
-1828649367;-11;917;468;76720;-11620;980;894;-33;447;-513;-24;469
-1828093173;-11;917;468;76720;-11620;980;884;-55;386;-511;-24;489
-1827536983;14;899;415;81690;-13720;350;884;-55;386;-511;-24;489
-1826980785;14;899;415;87500;-13650;-420;894;-68;373;-525;-30;496
-1826424585;27;920;393;87500;-13650;-420;894;-68;373;-510;-15;513
-1825868399;16;906;370;91560;-11200;-1960;887;-56;350;-510;-15;513
-1825312191;16;906;370;91560;-11200;-1960;873;-61;380;-513;-25;528
-1824755997;12;894;388;93800;-8960;-2940;873;-61;380;-513;-25;531
-1824199813;16;887;397;93520;-7560;-1820;865;-67;388;-505;-28;531
-1823643609;16;887;397;93520;-7560;-1820;884;-75;419;-517;-19;532
-1823087419;23;903;417;90020;-6510;2240;884;-75;419;-517;-19;532
-1822531217;23;903;417;83930;-6440;6790;898;-69;408;-508;-25;541
-1821975017;23;924;409;83930;-6440;6790;898;-69;408;-504;-15;556
-1821418831;28;922;401;77700;-6440;8960;904;-75;404;-504;-15;556
-1820862631;28;922;401;77700;-6440;8960;913;-68;380;-508;-16;570
-1820306427;27;938;388;72730;-4830;8960;913;-68;380;-514;-10;573
-1819750235;20;932;373;67970;-3150;7490;910;-58;373;-514;-10;573
-1819194037;20;932;373;67970;-3150;7490;910;-58;373;-501;-15;576
-1818637841;10;929;370;63420;-2310;5600;907;-50;361;-501;-15;576
-1818081643;10;929;370;58660;-2100;5040;918;-68;361;-502;-15;585
-1817525453;21;939;361;58660;-2100;5040;918;-68;361;-508;-21;588
-1816969261;35;967;353;53410;-770;5600;944;-76;347;-508;-21;588
-1816413059;35;967;353;53410;-770;5600;957;-65;320;-499;-10;597
-1815856861;26;978;325;48580;1540;5110;957;-65;320;-499;-16;595
-1815300675;13;981;312;46130;3360;3010;955;-52;298;-499;-16;595
-1814744461;13;981;312;46130;3360;3010;955;-52;298;-502;-18;604
-1814188283;15;972;288;45850;3850;0;945;-56;274;-502;-4;615
-1813632079;15;972;288;45850;3360;-2800;930;-66;259;-504;-4;615
-1813075879;25;955;282;47250;3360;-2800;930;-66;259;-498;-6;625
-1812519683;31;935;270;48650;2310;-3850;907;-76;264;-498;-6;625
-1811963493;31;935;270;48650;2310;-3850;907;-76;264;-499;-6;616
-1811407297;32;920;260;48580;1400;-2100;895;-84;253;-495;-10;633
-1810851105;32;920;256;46550;1330;1890;893;-99;250;-495;-10;633
-1810294907;43;914;256;46550;1330;1890;893;-99;250;-499;-10;633
-1809738705;46;928;249;43330;3430;6090;905;-93;245;-487;-4;643
-1809182507;46;928;249;43330;3430;8260;899;-47;226;-487;-4;643
-1808626305;18;925;240;40530;5740;8260;899;-47;226;-498;-4;654
-1808070127;-8;920;230;39900;6020;7560;898;-30;212;-498;-4;654
-1807513931;-8;920;230;39900;6020;7560;898;-30;212;-490;-3;652
-1806957725;0;917;223;41230;4410;5250;890;-43;203;-496;-6;646
-1806401529;0;917;223;42980;2660;2940;882;-56;203;-496;-6;646
-1805845337;12;908;213;42980;2660;2940;882;-56;203;-502;-3;661
-1805289139;27;899;214;43610;1750;2380;879;-79;207;-499;-3;661
-1804732951;27;899;214;43610;1750;2380;879;-79;207;-499;-3;661
-1804176749;46;930;224;42140;1610;3570;913;-96;232;-498;0;651
-1803620549;48;940;241;38290;2590;5390;914;-100;238;-493;1;666
-1803064351;48;940;241;38290;2590;5390;914;-100;238;-493;1;666
-1802508161;57;937;245;31850;4480;8470;911;-104;248;-486;-7;667
-1801951971;57;937;245;24080;7350;11270;895;-98;230;-486;-7;667
-1801395775;55;927;235;24080;7350;11270;895;-98;230;-496;-3;678
-1800839575;55;987;241;16520;10500;12040;1007;-4;217;-492;4;667
-1800283373;55;987;241;16520;10500;12040;1007;-4;217;-492;4;667
-1799727175;-82;879;166;10850;17360;-5390;1007;-39;268;-490;3;675
-1799170985;46;1039;266;5880;21210;-5670;907;-64;192;-492;3;669
-1798614791;46;1039;266;5880;21210;-5670;907;-64;192;-492;3;669
-1798058599;9;943;236;2450;21560;-7770;948;-39;242;-493;-3;672
-1797502391;9;943;236;-1610;20930;-9450;948;-39;242;-493;-3;679
-1796946197;-30;963;239;-1610;20930;-9450;934;-2;237;-499;-6;679
-1796390011;-25;974;234;-5040;19040;-11200;933;-31;201;-492;4;675
-1795833805;-25;974;234;-5040;19040;-11200;933;-31;201;-492;4;675
-1795277619;3;940;206;-5880;17220;-12810;914;-61;217;-495;-1;666
-1794721417;37;913;201;-8890;18270;-14630;874;-74;171;-495;-3;663
-1794165217;37;913;201;-8890;18270;-14630;874;-74;171;-495;-3;663
-1793609031;43;889;176;-12530;21210;-18270;865;-77;185;-498;-3;657
-1793052831;43;889;176;-12530;25620;-22610;865;-77;185;-504;-6;657
-1792496627;28;886;174;-15680;25620;-22610;868;-53;169;-504;-6;657
-1791940435;21;925;169;-18200;30100;-27020;881;-44;147;-492;-9;664
-1791384237;21;925;169;-18200;30100;-27020;881;-44;147;-492;-9;664
-1790828041;57;1186;216;-16590;32480;-32550;1387;-219;167;-513;-12;643
-1790271853;57;1186;189;-17640;38220;-25270;1387;-219;167;-505;-9;654
-1789715653;-23;776;189;-17640;38220;-25270;659;55;341;-505;-9;654
-1789159461;-104;950;261;-18340;32550;6650;968;40;233;-508;-15;648
-1788603259;-104;950;261;-18340;32550;6650;968;40;233;-495;-10;655
-1788047067;-3;969;220;-10220;18200;4620;935;-28;204;-495;-10;655
-1787490875;-47;965;214;-5320;9870;3010;978;-38;212;-496;-12;637
-1786934661;-47;965;214;-5320;9870;3010;978;-38;212;-496;-7;643
-1786378483;15;1005;233;-3220;7000;2660;955;-4;222;-501;-7;643
-1785822279;15;1005;233;-3570;7070;2380;955;-4;222;-499;-15;646
-1785266079;-31;973;193;-3570;7070;2380;954;-43;201;-499;-15;646
-1784709883;-21;986;253;-3500;7140;2380;972;-16;215;-499;-16;642
-1784153693;-21;986;253;-3500;7140;2380;972;-16;215;-508;-13;646
-1783597497;-1;994;205;-3710;6720;2520;961;-57;202;-508;-13;646
-1783041305;-6;981;214;-3850;6860;2310;961;-57;202;-501;-12;639
-1782485107;-6;981;214;-3850;6860;2310;948;-28;201;-495;-21;642
-1781928915;1;987;230;-4830;8260;2870;975;-40;231;-495;-21;642
-1781372707;1;987;230;-3990;7000;2310;975;-40;231;-496;-12;649
-1780816507;-19;985;215;-3990;7000;2310;945;-38;197;-496;-12;649
-1780260327;-10;985;230;-2590;4620;1680;973;-18;211;-502;-15;646
-1779704131;-10;985;230;-2590;4620;1680;973;-18;211;-498;-4;639
-1779147925;-7;988;200;-3570;5880;2310;955;-31;215;-498;-4;639
-1778591729;-14;967;229;-3710;7560;2660;955;-31;215;-496;-16;643
-1778035531;-14;967;229;-3710;7560;2660;959;-46;211;-493;-15;643
-1777479339;-16;990;255;-420;4340;1680;955;-11;229;-493;-15;643
-1776923151;-16;990;255;0;490;1190;955;-11;229;-496;-16;637
-1776366949;-14;986;209;0;490;1190;961;-34;208;-496;0;642
-1775810749;-19;982;231;210;-210;1050;961;-34;208;-496;0;642
-1775254551;-19;982;231;210;-210;1050;959;-30;213;-496;-6;646
-1774698369;-6;985;218;490;-1050;1050;964;-34;207;-496;-6;646
-1774142171;-13;986;221;490;-420;980;964;-34;207;-496;-19;640
-1773585975;-13;986;221;490;-420;980;961;-32;213;-493;-19;640
-1773029775;-12;987;218;420;-630;980;964;-38;201;-493;-19;640
-1772473579;-12;987;218;420;-210;1050;964;-38;201;-496;-16;630
-1771917375;-4;987;212;140;-210;1050;956;-29;215;-504;-13;642
-1771361185;-20;982;237;-140;700;980;956;-29;215;-504;-13;642
-1770804985;-20;982;237;-140;700;980;960;-27;218;-490;-12;642
-1770248799;-8;985;216;420;-630;1050;964;-40;202;-490;-12;642
-1769692591;-8;985;219;280;-140;980;964;-40;202;-492;-4;642
-1769136397;-9;986;219;280;-140;980;958;-24;222;-492;-7;640
-1768580211;-19;982;235;280;-350;980;958;-24;222;-492;-7;640
-1768024007;-19;982;235;280;-350;980;960;-32;211;-499;-16;637
-1767467807;-6;986;216;770;-1330;1050;964;-39;201;-498;-10;636
-1766911615;-6;987;213;350;-280;980;964;-39;201;-498;-10;636
-1766355423;-6;987;213;350;-280;980;961;-26;209;-502;-12;645
-1765799231;-16;984;226;70;350;980;960;-28;218;-499;-9;643
-1765243029;-16;984;226;280;-420;1050;960;-28;218;-499;-9;643
-1764686827;-11;983;224;280;-420;1050;958;-32;213;-496;-18;634
-1764130635;-12;985;222;490;-560;1050;958;-32;213;-496;-18;634
-1763574437;-12;985;222;490;-560;1050;958;-26;214;-499;-18;640
-1763018241;-16;983;225;560;-700;980;963;-32;208;-495;-9;639
-1762462043;-9;986;215;770;-1330;1050;963;-32;208;-495;-9;639
-1761905853;-9;986;215;770;-1330;1050;960;-36;208;-493;-15;631
-1761349661;-8;987;216;560;-910;980;960;-36;208;-498;-15;643
-1760793461;-8;987;216;210;-70;980;962;-33;212;-498;-15;643
-1760237267;-11;984;224;210;-70;980;959;-29;216;-489;-9;631
-1759681075;-15;985;225;420;-350;980;959;-29;216;-489;-9;634
-1759124861;-15;985;225;420;-350;980;962;-34;207;-498;-16;634
-1758568683;-8;987;215;420;-630;980;963;-32;207;-495;-12;645
-1758012479;-10;985;221;140;-70;910;963;-32;207;-495;-12;645
-1757456279;-10;985;221;140;-70;910;961;-32;217;-493;-13;640
-1756900083;-13;986;225;140;0;980;961;-32;217;-490;-15;634
-1756343893;-13;986;225;280;-280;980;962;-31;214;-490;-15;634
-1755787695;-10;985;220;280;-280;980;960;-36;210;-498;-13;630
-1755231505;-10;985;220;280;-140;980;960;-36;210;-493;-13;637
-1754675307;-10;985;220;280;-140;980;958;-30;213;-493;-13;637
-1754119115;-12;985;224;280;-70;980;958;-30;213;-492;-19;631
-1753562907;-12;985;220;350;-280;980;960;-30;209;-492;-19;631
-1753006705;-10;985;220;350;-280;980;961;-32;210;-505;-19;639
-1752450527;-11;986;218;280;-210;980;961;-32;210;-492;-13;637
-1751894331;-11;986;218;280;-210;980;962;-30;210;-492;-13;637
-1751338125;-10;985;219;210;-70;980;961;-32;213;-507;-13;643
-1750781929;-10;987;220;70;70;980;961;-32;213;-493;-16;637
-1750225737;-10;987;220;70;70;980;961;-31;210;-493;-16;637
-1749669539;-13;983;223;140;210;980;961;-31;210;-498;-9;642
-1749113339;-13;983;222;210;-70;1050;962;-32;213;-498;-12;643
-1748557149;-12;985;222;210;-70;1050;962;-34;207;-495;-12;643
-1748000949;-10;985;220;140;-70;980;962;-34;207;-499;-18;645
-1747444751;-10;985;220;140;-70;980;961;-30;215;-499;-18;645
-1746888547;-12;984;223;140;140;980;961;-30;215;-496;-18;645
-1746332371;-11;985;223;280;-70;980;959;-31;214;-498;-18;639
-1745776175;-11;985;223;280;-70;980;962;-30;209;-498;-18;639
-1745219975;-10;986;218;280;-70;1050;962;-30;209;-498;-15;640
-1744663779;-10;986;218;210;0;980;961;-32;210;-502;-9;634
-1744107587;-12;986;221;210;0;980;959;-30;216;-502;-9;634
-1743551383;-12;984;223;210;-140;980;959;-30;216;-495;-7;643
-1742995185;-12;984;223;210;-140;980;961;-37;208;-495;-7;643
-1742438999;-10;987;219;280;-140;980;961;-37;208;-495;-19;642
-1741882791;-11;986;219;140;0;980;962;-30;211;-492;-19;639
-1741326603;-11;986;219;140;0;980;960;-31;211;-492;-19;639
-1740770413;-12;985;222;140;140;980;960;-31;211;-496;-19;643
-1740214211;-12;985;222;210;-70;980;961;-29;209;-493;-12;645
-1739658007;-11;985;222;210;-70;980;961;-29;209;-493;-12;645
-1739101815;-8;987;215;70;0;980;964;-37;209;-493;-18;645
-1738545617;-8;987;215;70;0;980;958;-26;216;-496;-18;643
-1737989431;-14;983;226;0;350;980;958;-26;216;-496;-18;643
-1737433229;-11;984;220;210;-140;980;961;-36;205;-499;-7;645
-1736877027;-11;984;220;210;-140;980;963;-34;214;-499;-7;645
-1736320835;-9;987;216;210;0;1050;963;-34;214;-502;-13;643
-1735764637;-9;987;216;70;350;980;960;-29;209;-493;-16;643
-1735208441;-13;984;226;70;350;980;960;-29;209;-493;-16;643
-1734652243;-12;984;222;210;-140;980;959;-28;215;-496;-12;631
-1734096053;-12;984;222;210;-140;980;964;-37;205;-507;-19;639
-1733539861;-7;987;216;210;-70;980;964;-37;205;-507;-19;639
-1732983661;-7;984;225;0;420;980;958;-29;218;-496;-9;639
-1732427467;-13;984;225;0;420;980;958;-29;218;-496;-9;649
-1731871275;-12;984;221;140;-70;980;960;-30;207;-499;-4;649
-1731315061;-12;984;221;140;-70;1050;964;-38;210;-508;-25;634
-1730758883;-9;987;218;210;-140;1050;964;-38;210;-508;-25;634
-1730202681;-13;984;225;140;140;1050;962;-29;216;-502;-16;645
-1729646479;-13;984;225;140;140;1050;962;-29;209;-498;-13;642
-1729090283;-11;986;219;280;-210;980;962;-29;209;-498;-13;642
-1728534093;-11;986;219;210;-140;1050;964;-35;207;-498;-16;642
-1727977895;-9;986;216;210;-140;1050;964;-35;207;-496;-15;636
-1727421703;-11;984;224;0;280;910;960;-30;214;-496;-15;636
-1726865507;-11;984;224;0;280;910;962;-31;216;-499;-18;648
-1726309315;-11;985;223;140;70;980;962;-31;216;-499;-18;648
-1725753119;-10;985;221;140;70;980;961;-32;217;-508;-15;636
-1725196917;-10;985;221;140;70;980;961;-32;217;-495;-13;637
-1724640727;-12;985;222;140;140;980;959;-32;212;-495;-13;637
-1724084531;-12;985;222;210;-70;980;962;-33;211;-501;-18;643
-1723528325;-10;985;219;210;-70;980;962;-33;211;-499;-16;642
-1722972129;-11;984;222;140;0;980;961;-33;209;-499;-16;642
-1722415937;-11;984;222;140;0;980;960;-28;213;-495;-12;639
-1721859743;-12;985;223;210;-140;980;960;-28;213;-495;-12;639
-1721303551;-10;986;219;280;-210;1050;961;-32;209;-501;-21;639
-1720747355;-10;986;219;280;-210;1050;961;-32;209;-501;-10;640
-1720191147;-10;986;219;140;0;980;961;-31;214;-501;-10;640
-1719634951;-10;986;219;70;140;980;960;-30;212;-499;-13;651
-1719078769;-12;984;223;70;140;980;960;-30;212;-496;-16;645
-1718522571;-11;985;223;140;70;980;961;-34;212;-496;-16;645
-1717966363;-11;985;223;140;70;980;961;-34;212;-499;-18;639
-1717410175;-12;985;221;280;0;980;961;-29;209;-498;-10;640
-1716853973;-11;985;220;210;0;980;960;-30;208;-498;-10;640
-1716297787;-11;985;220;210;0;980;960;-30;208;-501;-16;643
-1715741587;-11;984;222;210;-70;980;960;-31;213;-501;-16;643
-1715185385;-11;984;222;210;-140;980;961;-33;215;-498;-15;642
-1714629199;-11;985;222;210;-140;980;961;-33;215;-493;-10;651
-1714072991;-10;986;219;280;-70;980;962;-33;210;-493;-10;651
-1713516797;-10;986;219;280;-70;980;962;-33;210;-504;-13;640
-1712960611;-11;986;218;140;0;980;960;-35;210;-499;-9;648
-1712404407;-11;985;222;0;210;980;961;-30;215;-499;-9;648
-1711848207;-11;985;222;0;210;980;961;-30;215;-502;-7;646
-1711292015;-11;985;224;70;210;980;962;-30;212;-493;-13;645
-1710735817;-11;985;224;70;210;980;962;-30;213;-493;-13;645
-1710179609;-10;987;220;140;0;980;964;-31;213;-501;-16;652
-1709623429;-10;986;220;70;140;980;962;-31;211;-501;-16;652
-1709067227;-10;986;220;70;140;980;962;-31;211;-495;-25;649
-1708511035;-13;984;224;70;210;980;960;-28;214;-490;-16;649
-1707954837;-13;984;224;210;-70;980;962;-31;214;-490;-16;649
-1707398641;-11;985;222;210;-70;980;962;-31;214;-505;-6;642
-1706842451;-9;987;218;210;0;980;960;-32;210;-498;-15;634
-1706286253;-9;987;218;210;0;980;960;-32;210;-498;-15;634
-1705730061;-12;985;222;140;140;980;961;-30;215;-504;-7;640
-1705173861;-11;985;222;140;70;910;961;-34;209;-504;-7;640
-1704617667;-11;985;222;140;70;910;961;-34;209;-498;-12;648
-1704061463;-9;985;219;70;140;980;961;-33;213;-501;-15;643
-1703505261;-9;985;219;0;280;980;961;-33;210;-501;-15;643
-1702949083;-12;985;222;0;280;980;960;-29;210;-510;-19;645
-1702392881;-11;985;221;70;140;980;960;-34;214;-496;-7;645
-1701836679;-11;985;221;70;140;980;960;-34;214;-496;-7;645
-1701280483;-12;984;222;70;140;980;960;-31;216;-490;-18;642
-1700724293;-13;985;223;140;0;980;960;-30;211;-496;-15;643
-1700168095;-13;985;223;140;0;980;960;-30;211;-496;-15;643
-1699611903;-10;985;219;210;-140;980;961;-34;212;-495;-13;643
-1699055707;-10;985;219;210;0;980;961;-34;212;-495;-13;643
-1698499503;-11;985;220;210;0;980;960;-31;209;-499;-16;633
-1697943307;-12;984;224;140;140;980;960;-29;216;-492;-10;634
-1697387107;-12;984;224;140;140;980;960;-29;216;-492;-10;634
-1696830927;-12;985;221;210;-70;980;961;-33;210;-492;-6;643
-1696274731;-9;987;218;210;0;980;961;-33;211;-501;-13;630
-1695718525;-9;987;218;210;0;980;960;-32;211;-501;-13;630
-1695162329;-13;984;224;70;140;980;961;-33;210;-498;-9;646
-1694606131;-13;984;224;70;-140;980;961;-33;210;-498;-9;642
-1694049939;-13;984;222;210;-140;980;960;-31;213;-498;-13;642
-1693493741;-10;985;219;280;-140;980;962;-31;208;-489;-13;652
-1692937555;-10;985;219;280;-140;980;962;-31;208;-489;-13;652
-1692381347;-11;986;222;210;0;980;960;-30;214;-501;-18;640
-1691825153;-11;986;223;140;-70;980;960;-30;214;-502;-12;637
-1691268969;-11;986;223;140;-70;980;962;-30;214;-502;-12;637
-1690712771;-10;985;221;210;-140;980;960;-32;212;-484;-10;637
-1690156575;-10;985;221;210;-140;980;960;-32;212;-496;-15;640
-1689600375;-11;984;221;280;-70;980;961;-30;213;-496;-15;640
-1689044179;-11;985;221;210;-70;980;961;-30;213;-493;-15;631
-1688487987;-11;985;221;210;-70;980;962;-34;213;-493;-15;631
-1687931785;-11;985;220;210;-70;980;960;-30;206;-492;-15;634
-1687375585;-11;985;220;210;0;980;960;-30;206;-496;-6;637
-1686819393;-11;985;223;210;0;980;960;-30;211;-496;-6;637
-1686263191;-12;986;221;210;-70;980;961;-31;215;-499;-10;649
-1685707003;-12;986;221;210;-70;980;961;-31;215;-498;-16;645
-1685150813;-10;985;220;210;-140;980;960;-32;207;-498;-16;645
-1684594607;-11;984;222;140;70;980;960;-32;207;-492;-7;633
-1684038407;-11;984;222;140;70;980;961;-27;213;-502;-22;630
-1683482215;-10;984;222;140;0;980;962;-32;215;-502;-22;630
-1682926017;-10;984;222;210;0;980;962;-32;215;-493;-15;642
-1682369819;-11;986;218;210;0;980;961;-30;211;-493;-15;642
-1681813629;-11;984;221;140;140;980;961;-30;218;-501;-3;634
-1681257427;-11;984;221;140;140;980;960;-30;218;-495;-7;642
-1680701235;-12;984;224;140;70;910;960;-31;215;-495;-7;642
-1680145037;-11;986;220;280;-140;980;960;-31;215;-505;-12;646
-1679588841;-11;986;220;280;-140;980;959;-33;210;-501;-12;642
-1679032643;-10;985;221;210;-70;980;961;-33;211;-501;-12;642
-1678476453;-10;985;221;210;-70;980;961;-33;211;-501;-13;640
-1677920261;-11;986;224;210;-70;980;959;-33;214;-501;-13;640
-1677364061;-11;984;222;280;-140;980;959;-33;214;-493;-10;642
-1676807861;-11;984;222;280;-140;980;962;-30;212;-502;-12;642
-1676251663;-11;985;221;280;-70;980;961;-35;212;-502;-12;642
-1675695473;-10;984;221;210;-70;980;961;-35;212;-489;-13;646
-1675139283;-10;984;221;210;-70;980;960;-30;212;-493;-10;645
-1674583085;-9;985;221;210;-70;980;960;-30;208;-493;-10;645
-1674026885;-9;985;221;210;70;980;961;-29;208;-499;-15;649
-1673470683;-11;985;222;140;70;980;961;-30;215;-501;-10;637
-1672914487;-11;985;222;140;70;910;961;-30;215;-501;-10;637
-1672358297;-11;985;222;140;70;910;961;-31;212;-498;-9;640
-1671802105;-12;986;220;210;-70;980;958;-31;218;-498;-9;640
-1671245905;-12;986;222;140;0;980;958;-31;218;-499;-12;642
-1670689703;-12;985;222;140;0;980;961;-32;216;-495;-13;645
-1670133507;-11;984;222;210;0;980;961;-32;216;-495;-13;645
-1669577317;-11;984;222;210;0;980;958;-29;217;-493;-13;645
-1669021121;-11;986;221;210;-70;980;959;-31;207;-505;-18;634
-1668464929;-10;987;220;210;-140;980;959;-31;207;-505;-18;634
-1667908735;-10;987;220;210;-140;980;960;-32;214;-496;-9;639
-1667352527;-11;985;221;140;70;980;960;-32;215;-496;-9;639
-1666796343;-11;985;221;140;70;980;960;-31;215;-489;-18;636
-1666240139;-14;984;223;140;70;980;962;-32;212;-508;-6;646
-1665683949;-10;986;220;210;-70;910;962;-32;212;-508;-6;646
-1665127755;-10;986;220;210;-70;910;963;-30;208;-502;-9;637
-1664571553;-12;985;222;140;70;980;959;-32;219;-492;-12;649
-1664015353;-13;984;226;140;0;980;959;-32;219;-492;-12;649
-1663459161;-13;984;226;140;0;980;961;-30;214;-502;-6;651
-1662902965;-10;986;220;280;-280;980;961;-30;214;-498;-18;640
-1662346763;-10;986;220;210;0;980;961;-33;209;-498;-18;640
-1661790573;-10;986;219;210;0;980;959;-34;216;-490;-3;652
-1661234373;-12;985;222;70;70;980;959;-34;216;-490;-3;652
-1660678187;-12;985;222;70;70;980;960;-32;210;-496;-3;640
-1660121987;-12;985;222;140;-70;1050;960;-32;212;-501;-18;634
-1659565795;-12;986;221;210;0;980;960;-34;212;-501;-18;634
-1659009593;-12;986;221;210;0;980;960;-32;213;-495;-12;643
-1658453391;-11;985;222;210;-70;980;960;-32;213;-496;-13;645
-1657897197;-11;985;222;210;-70;980;961;-34;210;-496;-13;645
-1657341013;-10;986;221;210;-70;980;961;-30;214;-498;-3;639
-1656784805;-12;985;223;140;0;980;961;-30;214;-498;-15;634
-1656228617;-12;985;223;140;0;980;961;-32;208;-501;-15;634
-1655672415;-11;986;221;140;0;980;961;-32;208;-492;-13;643
-1655116215;-11;985;220;210;-70;980;962;-30;211;-492;-13;643
-1654560031;-11;985;220;210;-70;980;960;-32;210;-498;-9;640
-1654003829;-11;985;220;140;70;980;960;-32;210;-499;-15;643
-1653447627;-11;985;220;140;70;980;958;-30;212;-499;-15;643
-1652891441;-13;983;225;140;70;980;958;-30;210;-496;-15;631
-1652335247;-11;985;221;350;-210;980;960;-33;210;-502;-19;639
-1651779045;-11;985;221;350;-210;980;965;-35;207;-502;-19;639
-1651222843;-10;987;218;280;-210;980;965;-35;207;-502;-13;645
-1650666653;-10;987;222;140;0;980;962;-33;212;-502;-13;645
-1650110461;-12;986;222;140;0;980;958;-29;213;-495;-16;646
-1649554255;-12;984;225;140;70;980;958;-29;213;-498;-9;640
-1648998059;-12;984;225;140;70;980;961;-31;211;-498;-9;640
-1648441863;-11;986;221;210;-70;980;961;-31;211;-499;-9;639
-1647885673;-10;987;219;140;0;980;963;-33;209;-505;-12;637
-1647329477;-10;987;219;140;0;980;961;-28;214;-505;-12;637
-1646773287;-13;984;224;70;140;910;961;-28;214;-501;-22;637
-1646217091;-13;984;224;210;-70;980;960;-32;210;-495;-10;648
-1645660885;-11;985;221;210;-70;980;960;-32;208;-495;-10;648
-1645104687;-11;986;220;210;-70;980;960;-32;208;-498;-3;649
-1644548497;-11;986;220;210;-70;980;960;-31;210;-498;-3;649
-1643992305;-12;985;222;140;70;980;960;-31;210;-496;-6;640
-1643436105;-10;986;222;210;-70;980;960;-35;218;-496;-13;642
-1642879903;-10;986;222;210;-70;980;962;-33;208;-496;-13;642
-1642323707;-11;986;221;210;-70;980;962;-33;208;-499;-4;642
-1641767517;-11;986;221;210;0;980;960;-31;213;-499;-9;640
-1641211321;-12;983;223;210;0;980;960;-31;213;-499;-9;640
-1640655129;-10;984;220;280;-210;980;961;-33;209;-492;-6;639
-1640098935;-10;984;220;280;-210;980;962;-33;210;-492;-6;640
-1639542727;-10;987;220;210;-70;980;962;-33;210;-496;-12;640
-1638986543;-12;984;224;210;70;980;961;-30;210;-501;-6;651
-1638430339;-12;984;224;210;70;980;961;-30;209;-501;-6;651
-1637874147;-12;985;221;280;-140;980;960;-32;209;-496;-16;637
-1637317955;-12;985;221;210;-70;980;960;-31;208;-501;-13;642
-1636761753;-9;985;218;210;-70;980;960;-31;208;-501;-13;642
-1636205557;-13;984;223;70;210;980;961;-32;218;-498;-10;639
-1635649361;-13;984;223;70;210;980;959;-35;215;-502;-7;637
-1635093161;-12;985;223;210;-70;980;959;-35;215;-502;-7;637
-1634536963;-12;986;219;280;-140;980;962;-32;208;-489;-9;640
-1633980773;-9;986;219;280;-140;980;962;-32;208;-489;-9;640
-1633424571;-12;985;222;140;70;980;960;-31;215;-492;-15;637
-1632868387;-12;985;222;140;70;980;960;-27;215;-493;-16;640
-1632312185;-13;984;224;210;-140;980;960;-27;215;-493;-16;640
-1631755995;-10;987;219;350;-280;980;961;-34;209;-492;-9;639
-1631199793;-10;987;219;350;-280;980;961;-34;217;-502;-10;634
-1630643591;-12;986;220;210;0;980;961;-30;217;-502;-10;634
-1630087397;-12;986;223;140;-70;980;960;-32;213;-490;-16;642
-1629531211;-12;984;223;140;-70;980;960;-32;213;-490;-19;633
-1628975009;-12;985;221;280;-210;980;960;-31;213;-501;-19;633
-1628418819;-12;985;221;280;-210;980;961;-32;213;-499;-16;640
-1627862611;-10;985;220;210;-70;980;961;-32;213;-499;-16;640
-1627306415;-13;984;223;210;-70;980;959;-30;214;-501;-15;645
-1626750231;-13;984;223;210;-70;980;959;-30;214;-513;-10;648
-1626194029;-12;985;222;210;-210;980;960;-29;210;-513;-10;648
-1625637839;-12;985;222;210;-70;980;958;-33;216;-501;-16;628
-1625081635;-11;984;221;210;-70;980;958;-33;216;-505;-18;637
-1624525435;-13;986;221;280;-140;980;962;-33;211;-505;-18;637
-1623969245;-13;986;221;280;-140;980;962;-33;209;-498;-19;642
-1623413049;-10;986;219;210;-210;980;960;-35;209;-498;-19;642
-1622856853;-11;984;222;140;0;980;959;-31;215;-496;-13;643
-1622300661;-11;984;222;140;0;980;959;-31;215;-493;-15;637
-1621744455;-13;983;225;280;-70;1050;960;-31;213;-493;-15;637
-1621188259;-13;983;225;350;-280;1050;962;-32;204;-502;-1;639
-1620632063;-10;985;220;350;-280;1050;962;-32;204;-504;-13;637
-1620075873;-10;986;219;210;-70;1050;961;-31;211;-504;-13;637
-1619519683;-10;986;219;210;-70;1050;961;-31;211;-495;-12;640
-1618963487;-13;986;223;140;70;980;960;-32;214;-495;-10;636
-1618407291;-12;984;221;210;-140;980;961;-33;213;-495;-10;636
-1617851085;-12;984;221;210;-140;980;961;-33;213;-493;-9;630
-1617294893;-10;986;220;210;-140;1050;960;-33;213;-493;-9;630
-1616738697;-10;986;220;140;0;980;960;-31;208;-505;0;634
-1616182505;-12;985;222;140;0;980;959;-31;208;-496;-22;646
-1615626305;-10;986;221;210;-140;980;960;-32;207;-496;-22;646
-1615070103;-10;986;221;210;-140;980;960;-32;207;-498;-21;637
-1614513907;-12;984;221;210;0;980;960;-31;217;-502;-9;642
-1613957717;-12;984;222;210;-70;980;962;-32;209;-502;-9;642
-1613401521;-12;984;222;210;-70;980;962;-32;209;-493;-10;636
-1612845319;-11;984;221;210;-140;980;960;-32;214;-493;-10;636
-1612289135;-11;984;221;210;-140;980;960;-32;214;-495;-15;630
-1611732927;-10;985;221;210;0;980;961;-30;209;-498;-6;645
-1611176743;-11;986;221;210;-70;980;960;-31;213;-498;-6;645
-1610620539;-11;986;221;210;-70;980;960;-31;213;-499;-10;634
-1610064347;-11;985;221;210;-70;1050;962;-29;207;-495;-13;637
-1609508155;-11;985;221;140;0;980;962;-32;217;-495;-13;637
-1608951953;-11;983;223;140;0;980;959;-32;217;-507;-9;646
-1608395753;-12;985;223;210;-70;980;961;-28;214;-492;-12;630
-1607839561;-12;985;223;210;-70;980;961;-28;214;-492;-12;630
-1607283365;-10;986;219;280;-210;980;962;-37;206;-495;-9;637
-1606727175;-10;986;221;140;-70;980;960;-33;215;-495;-9;637
-1606170979;-10;986;221;140;-70;980;960;-33;215;-487;-13;645
-1605614771;-14;984;224;140;70;1050;959;-33;211;-493;-19;643
-1605058587;-14;984;224;280;-210;980;959;-33;211;-493;-19;643
-1604502385;-11;985;220;280;-210;980;963;-33;206;-507;-7;643
-1603946195;-10;987;218;210;-70;980;962;-34;206;-496;-13;648
-1603389993;-10;987;218;210;-70;980;962;-34;206;-496;-13;648
-1602833791;-11;984;223;140;0;980;959;-32;213;-496;-15;640
-1602277603;-10;985;222;210;-140;980;959;-33;205;-496;-15;640
-1601721411;-10;985;222;210;-140;980;962;-33;205;-499;-13;640
-1601165209;-10;985;221;210;-70;980;960;-36;218;-501;-12;643
-1600609019;-10;985;221;210;-70;980;960;-36;218;-501;-12;643
-1600052811;-11;986;222;210;-70;980;963;-30;206;-492;-18;643
-1599496615;-11;986;220;210;-140;980;961;-31;209;-499;-6;648
-1598940431;-11;986;220;210;-140;980;961;-31;209;-499;-6;648
-1598384229;-11;986;221;140;0;980;960;-33;210;-502;-19;636
-1597828039;-11;985;222;210;0;980;960;-33;210;-496;-6;643
-1597271835;-11;985;222;210;0;980;959;-31;211;-496;-6;643
-1596715647;-10;986;220;210;-70;980;961;-31;206;-496;-12;642
-1596159447;-10;986;220;210;0;980;961;-31;206;-496;-12;642
-1595603243;-11;985;222;210;0;980;960;-34;212;-502;-16;642
-1595047053;-13;986;224;210;-70;980;960;-30;214;-502;-22;639
-1594490861;-13;986;224;210;-70;980;962;-30;214;-502;-22;639
-1593934655;-10;985;221;280;-280;980;962;-31;207;-495;-12;646
-1593378459;-10;985;220;280;-70;980;962;-31;207;-501;-10;640
-1592822263;-12;985;220;280;-70;980;961;-30;214;-501;-10;640
-1592266073;-12;985;222;280;-70;980;961;-31;212;-502;-9;643
-1591709883;-12;985;222;280;-70;980;961;-31;212;-502;-13;645
-1591153687;-10;985;219;280;-210;980;962;-32;211;-498;-13;645
-1590597491;-11;985;220;140;0;910;962;-32;211;-495;-7;648
-1590041285;-11;985;220;140;0;910;962;-30;215;-495;-7;648
-1589485087;-13;984;222;140;70;980;958;-34;212;-498;-19;648
-1588928897;-13;984;222;210;-70;980;958;-34;212;-499;-12;642
-1588372705;-11;984;222;210;-70;980;961;-32;214;-499;-12;642
-1587816505;-10;984;221;280;-70;980;961;-34;209;-495;-10;639
-1587260303;-10;984;221;280;-70;980;962;-34;209;-496;-21;640
-1586704107;-12;985;221;280;-140;980;961;-32;210;-496;-21;640
-1586147917;-12;985;220;280;-140;1050;961;-32;210;-499;-18;651
-1585591721;-12;985;220;280;-140;1050;959;-34;210;-499;-18;651
-1585035527;-11;984;223;210;-70;1050;962;-32;212;-493;-25;648
-1584479329;-11;984;223;210;-70;1050;962;-32;212;-498;-10;640
-1583923127;-11;986;221;210;-70;1050;959;-30;211;-498;-10;640
-1583366943;-11;985;220;210;-70;980;959;-30;211;-496;-15;639
-1582810739;-11;985;220;210;-70;980;960;-33;215;-499;-16;645
-1582254547;-11;985;222;140;0;980;959;-32;214;-499;-16;645
-1581698355;-11;985;223;210;-70;980;959;-32;214;-493;-18;640
-1581142153;-11;985;223;210;-70;980;958;-33;215;-498;-16;634
-1580585957;-11;984;221;280;-140;980;959;-35;210;-498;-16;634
-1580029761;-11;984;221;280;-140;1050;959;-35;210;-499;-16;642
-1579473565;-10;986;220;280;-140;1050;961;-33;212;-499;-16;642
-1578917375;-12;985;220;210;-70;1050;961;-33;212;-492;-19;639
-1578361179;-12;985;220;210;-70;1050;961;-32;210;-502;-7;645
-1577804973;-11;984;222;210;0;980;958;-35;207;-502;-7;645
-1577248787;-12;985;221;210;0;980;958;-35;207;-504;-12;643
-1576692587;-12;985;221;210;0;980;963;-33;206;-508;-13;642
-1576136395;-10;986;220;210;-70;980;963;-33;206;-508;-13;642
-1575580193;-10;986;220;210;0;910;961;-35;209;-508;-10;639
-1575023991;-12;985;221;140;0;910;960;-30;214;-508;-10;637
-1574467803;-12;984;222;140;0;980;960;-30;214;-496;-18;637
-1573911605;-12;984;222;140;0;980;962;-30;208;-502;-9;639
-1573355409;-11;986;221;210;-70;980;962;-33;212;-502;-9;639
-1572799219;-11;986;221;210;-70;980;962;-33;212;-507;-10;639
-1572243011;-11;985;221;210;-70;980;961;-34;213;-493;-18;642
-1571686815;-11;985;223;210;-70;980;961;-34;213;-493;-18;642
-1571130631;-11;985;223;210;-70;910;961;-31;211;-493;-12;645
-1570574417;-11;984;221;280;-140;910;961;-34;206;-492;-12;640
-1570018227;-11;985;219;210;-70;980;961;-34;206;-492;-12;640
-1569462035;-11;985;219;210;-70;980;959;-31;213;-498;-7;637
-1568905835;-12;985;222;210;0;1050;959;-31;213;-498;-7;637
-1568349645;-12;985;222;280;-140;1050;962;-31;210;-492;-12;643
-1567793449;-10;986;221;280;-140;1050;961;-31;211;-502;-16;645
-1567237253;-11;986;221;210;-70;980;961;-31;211;-502;-16;645
-1566681061;-11;986;221;210;-70;980;960;-30;214;-504;-1;645
-1566124855;-12;983;222;140;0;980;960;-31;214;-504;-12;640
-1565568659;-11;985;222;140;-140;980;960;-31;214;-504;-12;640
-1565012463;-11;985;222;140;-140;980;962;-31;211;-504;-12;643
-1564456273;-11;985;221;210;-70;980;962;-31;211;-504;-4;642
-1563900083;-11;985;221;210;0;980;961;-31;215;-495;-4;642
-1563343887;-11;985;222;210;0;980;961;-30;210;-492;-4;645
-1562787691;-11;985;221;210;-140;980;961;-30;210;-492;-4;645
-1562231485;-11;985;221;210;-140;980;960;-31;210;-501;-7;642
-1561675287;-10;985;220;280;-140;980;960;-31;210;-496;-6;649
-1561119095;-12;984;221;210;0;980;961;-32;215;-496;-6;649
-1560562901;-12;984;221;210;0;980;962;-33;208;-498;-13;657
-1560006705;-11;986;221;210;0;980;962;-33;208;-498;-7;637
-1559450503;-11;986;221;210;0;980;961;-33;211;-498;-7;637
-1558894307;-12;985;220;210;0;980;961;-32;213;-498;-16;636
-1558338117;-12;984;222;140;0;980;961;-32;213;-498;-16;636
-1557781921;-12;984;222;140;0;980;962;-31;216;-501;-7;648
-1557225725;-11;986;221;210;-70;980;962;-31;216;-501;-12;649
-1556669529;-10;986;220;210;-140;980;962;-33;215;-501;-12;649
-1556113329;-10;986;220;210;-140;980;960;-33;218;-493;-10;636
-1555557131;-12;984;221;210;-70;980;960;-33;218;-498;-16;640
-1555000943;-12;984;221;210;-70;980;960;-34;209;-498;-16;640
-1554444741;-12;985;222;210;-70;980;960;-34;209;-490;-13;634
-1553888555;-10;986;220;210;-70;1050;960;-32;210;-490;-12;652
-1553332353;-10;986;220;210;-70;1050;961;-34;210;-501;-12;652
-1552776157;-12;985;222;140;0;980;961;-34;210;-502;-19;642
-1552219961;-12;985;224;140;70;980;960;-32;213;-502;-19;642
-1551663761;-12;985;224;140;70;980;960;-31;209;-496;-12;642
-1551107575;-11;985;222;210;-70;980;960;-31;209;-510;-16;636
-1550551373;-11;985;222;210;-70;980;961;-33;213;-510;-16;636
-1549995171;-10;984;219;210;0;980;961;-33;213;-501;-15;631
-1549438987;-12;984;222;210;0;980;962;-33;217;-496;-13;637
-1548882785;-12;984;222;210;0;980;959;-33;208;-496;-13;637
-1548326595;-11;986;221;210;-140;1050;959;-33;208;-498;-10;643
-1547770393;-11;986;221;210;-70;980;960;-32;214;-498;-10;643
-1547214191;-10;985;220;210;-70;980;960;-32;214;-499;-15;636
-1546658003;-12;985;222;210;0;980;961;-34;211;-490;-18;642
-1546101805;-12;985;222;210;0;980;959;-33;210;-490;-18;642
-1545545609;-11;985;221;210;-70;980;959;-33;210;-496;-9;630
-1544989419;-10;985;221;210;-70;980;963;-33;209;-505;-12;643
-1544433211;-10;985;221;210;-70;980;961;-33;214;-505;-12;643
-1543877015;-12;986;223;140;0;980;961;-33;214;-505;-16;645
-1543320831;-12;986;223;210;-140;980;962;-31;208;-504;-13;637
-1542764629;-12;985;222;210;-140;980;962;-31;208;-504;-13;637
-1542208439;-10;985;220;210;-140;980;961;-33;209;-505;-3;648
-1541652235;-10;985;220;210;-140;980;962;-29;210;-505;-3;648
-1541096035;-12;985;221;210;0;980;962;-29;210;-489;-6;643
-1540539847;-12;985;222;210;0;980;961;-30;213;-496;-12;645
-1539983649;-12;985;222;210;0;980;961;-30;213;-496;-12;645
-1539427453;-10;986;220;210;-140;1050;961;-31;208;-498;-13;637
-1538871261;-10;986;220;140;0;980;961;-35;215;-505;-13;640
-1538315055;-12;985;222;140;0;980;961;-35;215;-505;-13;640
-1537758871;-12;985;224;140;0;980;960;-30;214;-499;-13;639
-1537202675;-12;985;224;140;0;980;962;-31;207;-499;-13;634
-1536646479;-10;986;219;210;-140;980;962;-31;207;-501;-21;634
-1536090283;-10;986;222;140;70;980;961;-31;211;-487;-4;648
-1535534087;-10;986;222;140;70;980;961;-31;211;-487;-4;648
-1534977891;-13;984;224;140;70;980;961;-32;214;-502;-16;639
-1534421685;-13;984;224;140;-140;980;959;-31;215;-498;-10;648
-1533865493;-11;986;221;280;-140;980;959;-31;215;-498;-10;648
-1533309295;-11;986;219;210;-70;980;962;-32;207;-510;-6;625
-1532753101;-11;986;219;210;-70;980;962;-32;207;-505;-13;643
-1532196905;-10;986;223;210;0;1050;960;-31;215;-505;-13;643
-1531640703;-10;986;222;210;-140;980;959;-32;215;-493;-18;643
-1531084507;-11;985;222;210;-140;980;959;-32;215;-493;-18;643
-1530528323;-10;986;221;210;-140;1050;960;-33;211;-504;-12;642
-1529972121;-10;986;221;210;-140;1050;962;-35;215;-504;-10;661
-1529415925;-12;986;222;210;-70;980;962;-35;215;-504;-10;661
-1528859729;-12;984;221;210;-70;910;959;-33;210;-496;-15;643
-1528303529;-12;984;221;210;-70;910;959;-33;210;-504;-10;645
-1527747343;-11;985;222;210;0;980;961;-32;214;-504;-10;645
-1527191139;-11;985;222;210;0;980;961;-34;211;-490;-16;642
-1526634947;-11;985;222;210;0;980;961;-34;211;-490;-18;645
-1526078755;-11;984;220;210;-70;980;960;-31;208;-504;-18;645
-1525522553;-11;984;220;210;-70;980;960;-31;208;-493;-13;636
-1524966357;-11;984;221;140;-70;980;960;-31;212;-493;-13;636
-1524410161;-12;985;224;210;0;980;961;-34;218;-489;-10;652
-1523853967;-12;985;224;210;0;980;961;-34;218;-505;-9;639
-1523297775;-11;986;223;280;-140;1050;959;-35;213;-505;-9;639
-1522741579;-11;986;223;280;-140;1050;960;-33;210;-501;-10;646
-1522185371;-10;986;219;280;-140;1050;960;-33;210;-499;-15;652
-1521629187;-10;985;221;140;0;980;960;-32;214;-499;-15;652
-1521072987;-10;985;221;140;0;980;960;-32;214;-499;-7;646
-1520516795;-11;984;222;140;70;980;960;-32;212;-499;-7;646
-1519960593;-11;985;220;210;0;980;963;-33;210;-496;-7;648
-1519404391;-11;985;220;210;0;980;963;-33;210;-493;-4;637
-1518848203;-11;985;222;210;0;980;959;-32;211;-493;-4;637
-1518292005;-11;985;222;210;70;980;959;-32;211;-490;-13;639
-1517735811;-12;985;224;210;70;980;961;-32;211;-496;-19;643
-1517179617;-12;985;222;210;-70;980;960;-30;209;-496;-19;643
-1516623411;-12;985;222;210;-70;980;960;-30;209;-492;-4;643
-1516067215;-11;986;221;210;-70;980;961;-31;210;-505;-6;643
-1515511031;-11;986;221;210;-70;980;960;-30;215;-505;-6;643
-1514954829;-10;986;221;210;-70;980;960;-30;215;-498;-9;648
-1514398639;-11;985;221;210;-70;980;960;-34;210;-498;-9;648
-1513842441;-11;985;221;210;-70;980;960;-34;210;-504;-12;639
-1513286241;-11;984;221;210;0;980;961;-31;214;-498;4;643
-1512730045;-11;986;219;210;0;980;963;-32;214;-498;4;643
-1512173843;-11;986;219;210;0;980;963;-32;214;-502;-15;646
-1511617649;-10;986;221;140;0;980;961;-32;213;-496;-10;640
-1511061461;-10;986;221;140;0;980;961;-32;213;-496;-10;640
-1510505255;-11;984;223;140;0;980;960;-31;212;-502;-13;646
-1509949071;-12;984;223;210;-70;980;961;-30;213;-502;-15;646
-1509392875;-12;984;223;210;-70;980;961;-30;213;-499;-15;646
-1508836681;-11;986;220;280;-140;980;962;-33;211;-498;-7;645
-1508280477;-11;985;220;210;-70;980;961;-30;213;-498;-7;645
-1507724287;-11;985;220;210;-70;980;961;-30;213;-495;-24;637
-1507168091;-12;984;224;210;0;980;959;-30;215;-496;-22;639
-1506611883;-12;984;224;280;-140;1050;959;-30;215;-496;-22;639
-1506055687;-11;984;221;280;-140;1050;961;-33;207;-502;-9;646
-1505499497;-11;986;218;210;-70;980;962;-33;210;-495;-19;637
-1504943305;-11;986;218;210;-70;980;962;-33;210;-495;-19;637
-1504387099;-11;985;221;70;0;980;959;-32;214;-495;-3;640
-1503830903;-11;984;224;140;70;980;959;-32;214;-495;-3;640
-1503274707;-11;984;224;140;70;980;959;-31;215;-498;-13;645
-1502718505;-11;985;223;210;0;980;961;-33;214;-498;-13;649
-1502162321;-11;985;223;210;-70;980;961;-33;214;-498;-13;649
-1501606125;-10;985;220;210;-70;980;960;-32;210;-492;-18;645
-1501049929;-11;985;222;210;0;980;961;-33;212;-493;-16;648
-1500493727;-11;985;222;210;0;980;961;-33;212;-493;-16;648
-1499937543;-13;985;222;210;-70;980;962;-31;212;-493;-7;640
-1499381339;-11;985;220;280;-140;980;962;-31;212;-493;-15;648
-1498825147;-11;985;220;280;-140;980;961;-34;213;-505;-15;648
-1498268955;-12;985;221;210;0;980;959;-33;210;-492;0;646
-1497712753;-12;985;221;210;-70;980;959;-33;210;-492;0;646
-1497156557;-11;985;222;210;-70;980;959;-30;212;-496;-16;645
-1496600361;-11;985;221;210;-70;980;959;-30;212;-496;-12;640
-1496044167;-11;985;221;210;-70;980;962;-33;216;-496;-12;640
-1495487973;-11;985;221;210;0;980;960;-34;213;-498;-3;637
-1494931773;-11;984;222;210;-70;1050;960;-34;213;-496;-7;639
-1494375573;-12;984;222;210;-70;1050;961;-32;214;-496;-7;639
-1493819387;-10;984;222;140;-70;980;959;-31;209;-495;-6;637
-1493263185;-10;984;222;140;-70;980;959;-31;209;-495;-6;637
-1492706995;-11;986;220;210;0;980;962;-31;216;-504;-21;639
-1492150793;-12;984;220;210;-70;980;962;-31;216;-495;-9;633
-1491594591;-12;984;220;210;-70;980;962;-32;208;-495;-9;633
-1491038403;-11;984;221;140;-70;980;960;-32;210;-496;-13;643
-1490482207;-11;984;221;210;-70;980;960;-32;210;-504;-13;643
-1489926009;-10;984;224;210;-70;980;960;-29;214;-504;-13;643
-1489369819;-11;985;222;280;-70;980;960;-29;214;-495;-7;634
-1488813615;-11;985;222;280;-70;980;961;-32;208;-495;-18;652
-1488257415;-11;986;219;210;-70;980;962;-31;217;-495;-18;652
-1487701219;-10;983;222;70;0;980;962;-31;217;-496;-6;646
-1487145017;-10;983;222;70;0;980;960;-32;212;-496;-6;646
-1486588827;-11;984;223;140;0;980;961;-31;215;-493;-21;643
-1486032635;-11;984;223;280;-140;980;961;-31;215;-493;-15;639
-1485476435;-12;986;220;280;-140;980;961;-32;211;-493;-15;639
-1484920245;-10;985;219;210;0;980;961;-32;211;-496;-18;637
-1484364043;-10;985;219;210;0;980;961;-35;205;-496;-12;649
-1483807853;-11;985;222;210;-70;980;960;-33;217;-496;-12;649
-1483251661;-12;985;222;210;-140;980;960;-33;217;-493;-15;643
-1482695459;-12;985;222;210;-140;980;962;-31;216;-493;-15;651
-1482139271;-10;985;221;210;0;980;962;-31;216;-490;-16;651
-1481583075;-10;985;221;210;0;980;960;-35;211;-498;-13;646
-1481026873;-12;984;221;210;0;980;959;-30;212;-498;-13;646
-1480470683;-10;986;221;210;-70;1050;959;-30;212;-504;-9;651
-1479914487;-10;986;221;210;-70;1050;962;-32;215;-504;-15;637
-1479358291;-11;985;222;140;-70;1050;959;-30;216;-504;-15;637
-1478802085;-11;985;222;210;0;980;959;-30;216;-496;-10;645
-1478245887;-11;985;222;210;0;980;961;-28;212;-502;-7;642
-1477689697;-11;984;221;210;-70;980;961;-28;212;-502;-7;642
-1477133505;-11;984;221;210;-70;980;960;-32;205;-502;-13;654
-1476577299;-11;986;220;140;-70;980;961;-30;209;-502;-13;654
-1476021103;-11;985;221;210;-70;980;961;-30;209;-504;-12;643
-1475464907;-11;985;221;210;-70;980;960;-33;207;-496;-4;639
-1474908705;-10;985;222;210;-70;980;960;-33;207;-496;-4;639
-1474352521;-10;985;222;140;-70;980;960;-35;210;-501;-6;654
-1473796319;-12;984;222;140;-70;980;962;-32;211;-489;-9;645
-1473240129;-12;986;221;210;-70;980;962;-32;211;-489;-9;645
-1472683929;-12;986;221;210;-70;980;961;-32;209;-499;-10;646
-1472127743;-10;985;221;210;-70;980;960;-30;212;-499;-4;640
-1471571539;-11;985;220;210;-70;980;960;-30;212;-495;-4;640
-1471015349;-11;985;220;210;-70;980;961;-32;213;-490;-15;639
-1470459155;-10;985;221;210;-70;980;961;-32;213;-490;-15;639
-1469902953;-10;985;221;210;-70;980;960;-32;218;-496;-9;640
-1469346757;-11;984;222;210;-70;980;962;-33;215;-505;-12;631
-1468790561;-11;984;222;210;-70;980;962;-33;215;-505;-12;631
-1468234367;-11;984;222;210;-70;980;959;-34;214;-501;-21;628
-1467678175;-12;986;221;210;0;980;959;-34;214;-501;-9;636
-1467121973;-11;985;222;210;0;980;961;-32;213;-501;-9;636
-1466565771;-11;985;222;210;0;980;960;-33;209;-496;-12;643
-1466009565;-11;984;222;210;0;980;960;-33;209;-496;-12;643
-1465453373;-11;984;222;210;-70;980;961;-33;214;-504;-10;649
-1464897189;-11;985;222;210;-70;980;962;-33;213;-495;-6;640
-1464340999;-11;986;219;280;-140;980;962;-33;213;-495;-6;640
-1463784797;-11;986;219;280;-140;980;960;-32;211;-502;-9;648
-1463228603;-11;985;222;210;0;980;960;-32;211;-490;-9;649
-1462672405;-13;985;224;140;0;980;959;-31;213;-490;-9;649
-1462116209;-13;985;224;140;0;980;961;-31;205;-498;-15;637
-1461560019;-12;985;221;280;-140;980;961;-31;205;-502;-7;643
-1461003815;-12;985;221;210;-70;980;962;-31;213;-502;-7;643
-1460447615;-10;986;220;210;-70;980;962;-31;213;-493;-6;649
-1459891431;-13;984;223;210;0;980;960;-30;216;-493;-6;649
-1459335229;-13;984;223;210;0;980;960;-31;212;-501;-13;643
-1458779039;-11;985;222;210;-140;1050;960;-31;212;-489;-1;648
-1458222831;-11;986;220;210;-70;1050;959;-33;210;-489;-1;648
-1457666635;-11;986;220;210;-70;1050;960;-30;209;-499;-16;645
-1457110445;-11;986;221;210;0;980;960;-30;209;-505;-16;643
-1456554249;-11;986;221;210;-70;980;960;-33;212;-505;-16;643
-1455998053;-12;985;222;210;-70;980;960;-33;212;-502;-9;628
