Timestamp;DSOax;DSOay;DSOaz;DSOgx;DSOgy;DSOgz;W12ax;W12ay;W12az;MDLmx;MDLmy;MDLmz
718370249;-1;-1;1018;210;70;490;-9;-40;1011;-880;823;-136
718926445;-1;-1;1018;140;0;490;-8;-40;1010;-883;835;-144
719482635;-1;-3;1019;140;0;490;-8;-40;1010;-883;835;-144
720038829;0;-2;1018;210;0;560;-10;-41;1012;-879;832;-139
720595039;0;-2;1018;210;0;560;-10;-36;1009;-886;843;-136
721151215;-1;-2;1018;210;0;560;-10;-36;1009;-886;843;-136
721707417;0;-1;1019;210;0;560;-9;-42;1011;-882;832;-138
722263617;0;-1;1019;210;0;560;-9;-42;1011;-880;835;-139
722819811;0;-1;1017;140;70;560;-7;-40;1014;-880;835;-139
723376005;0;-1;1017;210;0;560;-10;-39;1006;-883;831;-141
723932205;0;-2;1018;210;0;560;-10;-39;1006;-883;831;-141
724488407;0;-2;1018;210;0;490;-9;-37;1013;-870;834;-138
725044603;0;-2;1018;210;0;490;-10;-40;1012;-874;832;-135
725600797;0;-3;1019;210;0;490;-10;-40;1012;-874;832;-135
726156985;0;-2;1019;140;70;560;-10;-40;1016;-891;840;-135
726713189;0;-2;1019;140;70;560;-10;-40;1016;-883;828;-133
727269389;0;0;1018;140;70;560;-11;-40;1011;-883;828;-133
727825575;0;0;1018;140;0;490;-7;-38;1013;-883;834;-141
728381777;0;-2;1019;210;0;490;-7;-38;1013;-882;828;-142
728937967;0;-2;1019;210;0;560;-10;-39;1007;-882;828;-142
729494165;0;-2;1019;210;0;560;-10;-39;1007;-888;838;-144
730050357;-1;-1;1018;140;70;560;-10;-39;1011;-888;838;-144
730606557;-1;-2;1018;210;0;560;-10;-40;1009;-879;823;-142
731162759;0;-2;1018;210;0;560;-10;-40;1009;-882;828;-138
731718953;-2;-1;1018;210;0;490;-8;-38;1011;-882;828;-138
732275143;-2;-1;1018;210;0;560;-9;-39;1013;-888;829;-142
732831331;0;-1;1019;210;0;560;-9;-39;1013;-886;837;-147
733387547;-1;-1;1020;210;0;560;-10;-36;1012;-886;837;-147
733943723;-1;-1;1020;210;0;560;-10;-36;1012;-882;832;-138
734499925;0;-1;1018;210;70;560;-10;-39;1013;-882;825;-141
735056125;0;-1;1018;140;0;560;-10;-40;1015;-885;825;-141
735612331;0;-1;1018;140;0;560;-10;-40;1015;-885;840;-138
736168513;0;-2;1019;210;0;560;-10;-40;1011;-885;840;-138
736724721;0;-2;1019;210;0;560;-10;-40;1011;-880;831;-147
737280919;0;-1;1019;140;70;490;-9;-38;1006;-885;841;-141
737837103;0;-2;1019;210;0;560;-9;-44;1011;-885;841;-141
738393301;0;-2;1019;210;0;560;-9;-44;1011;-886;844;-142
738949497;0;-3;1018;140;0;490;-8;-37;1014;-885;835;-139
739505703;0;-3;1018;210;0;490;-9;-38;1006;-885;835;-139
740061895;0;-2;1020;210;0;490;-9;-38;1006;-883;838;-139
740618083;0;-2;1019;140;0;490;-10;-36;1014;-883;838;-139
741174281;0;-2;1019;140;0;490;-10;-36;1014;-879;826;-148
741730473;0;-1;1018;140;0;490;-9;-40;1012;-880;837;-130
742286663;0;-2;1018;140;0;560;-8;-41;1016;-880;837;-130
742842879;0;-2;1018;140;0;560;-8;-41;1016;-885;820;-144
743399063;0;-2;1019;210;0;490;-11;-38;1007;-888;832;-141
743955263;0;-2;1019;210;0;490;-11;-38;1007;-888;832;-141
744511455;0;-2;1019;210;0;490;-10;-38;1010;-879;829;-148
745067643;0;-2;1018;210;0;490;-9;-39;1013;-891;829;-133
745623855;0;-2;1018;210;0;490;-9;-39;1013;-891;829;-133
746180053;-1;-2;1019;140;0;490;-10;-39;1014;-885;838;-139
746736245;0;-2;1018;140;0;490;-10;-38;1006;-885;838;-139
747292435;0;-2;1018;140;0;490;-10;-38;1006;-883;841;-138
747848641;-1;-1;1019;210;70;560;-10;-38;1015;-883;835;-147
748404819;-1;-1;1019;210;0;490;-10;-38;1015;-883;835;-147
748961015;-2;-1;1018;210;0;490;-10;-38;1009;-879;831;-144
749517217;-1;-1;1018;140;0;490;-11;-39;1014;-883;838;-138
750073419;-1;-1;1018;140;0;490;-11;-39;1014;-883;838;-138
750629611;0;-2;1017;210;0;560;-10;-42;1009;-880;835;-145
751185805;0;-2;1019;210;0;560;-10;-42;1009;-880;835;-145
751742005;-1;-1;1019;210;0;560;-10;-41;1012;-892;835;-145
752298209;0;-2;1018;210;70;490;-9;-39;1007;-888;835;-139
752854399;0;-2;1018;210;70;560;-9;-39;1007;-888;835;-139
753410591;0;-1;1018;210;0;560;-10;-38;1010;-885;832;-148
753966799;0;-2;1018;140;0;490;-9;-40;1011;-894;834;-142
754522981;0;-2;1018;140;0;490;-9;-40;1011;-894;834;-142
755079189;0;-2;1018;140;70;490;-9;-39;1013;-882;841;-129
755635373;0;-2;1018;140;0;560;-9;-39;1013;-889;835;-144
756191563;-1;-2;1020;140;0;560;-9;-37;1011;-889;835;-144
756747767;0;-2;1018;140;0;560;-9;-39;1008;-876;829;-141
757303973;0;-2;1018;140;0;560;-9;-39;1008;-876;829;-141
757860171;0;-1;1019;140;70;560;-9;-38;1018;-885;837;-130
758416365;0;-1;1019;140;0;560;-9;-38;1018;-883;840;-133
758972557;0;-1;1019;140;0;560;-10;-40;1010;-883;840;-133
759528755;-1;-2;1018;140;0;560;-10;-39;1013;-880;828;-138
760084935;-1;-2;1018;140;0;490;-10;-39;1013;-879;826;-142
760641141;0;-1;1018;140;0;490;-9;-41;1011;-879;826;-142
761197333;0;0;1018;140;0;490;-9;-39;1013;-883;829;-139
761753541;0;0;1018;140;0;490;-9;-39;1013;-877;832;-135
762309729;-1;-1;1020;140;70;490;-10;-40;1007;-877;832;-135
762865925;-1;-2;1018;140;0;560;-10;-40;1007;-882;837;-142
763422129;-1;-2;1018;140;0;560;-10;-38;1010;-882;837;-142
763978321;-1;-2;1019;210;0;560;-10;-41;1016;-885;838;-139
764534519;-1;-2;1019;140;0;560;-10;-41;1016;-882;825;-129
765090713;0;-1;1018;140;0;560;-8;-38;1011;-882;825;-129
765646903;-1;-2;1019;140;0;560;-8;-38;1011;-882;837;-144
766203101;-1;-2;1019;140;0;560;-10;-38;1010;-886;840;-144
766759301;-1;-2;1019;140;70;490;-9;-38;1016;-886;840;-144
767315489;0;-1;1019;210;0;490;-9;-38;1016;-882;829;-138
767871697;0;-1;1019;210;0;490;-10;-42;1007;-882;841;-135
768427889;0;-2;1019;140;0;560;-11;-38;1010;-880;841;-135
768984079;0;-2;1019;140;0;490;-11;-38;1010;-883;840;-141
769540273;-1;-1;1019;210;0;490;-8;-39;1008;-883;840;-141
770096473;0;0;1018;210;0;490;-8;-39;1008;-879;832;-150
770652679;0;0;1018;210;0;490;-10;-41;1015;-880;834;-136
771208867;0;0;1018;210;0;490;-10;-37;1014;-880;834;-136
771765061;0;0;1020;210;0;490;-10;-37;1014;-880;829;-142
772321255;0;0;1020;210;0;490;-11;-40;1009;-888;835;-138
772877443;-2;-1;1017;210;70;560;-11;-40;1009;-888;835;-138
773433653;-2;-1;1017;210;70;560;-8;-39;1017;-888;828;-142
773989851;-1;-1;1020;140;0;560;-9;-39;1009;-888;828;-142
774546043;-2;-1;1018;140;0;490;-9;-39;1009;-883;837;-139
775102227;-2;-1;1018;140;0;490;-9;-40;1009;-888;841;-144
775658441;0;-1;1019;140;0;490;-10;-40;1013;-888;841;-144
776214625;0;-1;1019;210;0;490;-10;-40;1013;-882;835;-135
776770823;-1;0;1019;210;0;490;-9;-40;1013;-874;825;-133
777327019;-2;-1;1018;140;0;490;-9;-40;1013;-874;825;-133
777883219;-2;-1;1018;140;0;490;-10;-38;1006;-871;832;-142
778439413;-2;-2;1019;140;0;560;-11;-37;1010;-885;832;-136
778995605;-1;-1;1019;210;0;560;-11;-37;1010;-885;832;-136
779551807;-1;-1;1019;210;0;560;-4;-37;1014;-879;829;-126
780108009;-6;11;1019;140;0;560;-4;-37;1014;-879;829;-126
780664199;-6;11;1019;140;0;770;32;-22;1016;-870;834;-145
781220391;-24;48;1019;140;0;770;56;-10;1010;-883;831;-136
781776597;-30;69;1020;210;-70;1330;56;-10;1010;-883;831;-136
782332789;-30;69;1020;210;-70;1330;69;-17;1012;-888;829;-145
782888985;-24;82;1017;210;70;1960;80;-25;1011;-883;838;-138
783445175;-13;88;1020;350;0;2450;80;-25;1011;-883;838;-138
784001365;-13;88;1020;350;0;2450;86;-31;1014;-880;823;-141
784557569;-6;98;1022;280;-70;2520;86;-31;1014;-880;832;-144
785113775;-6;98;1022;70;0;2170;87;-49;1010;-886;832;-144
785669957;7;95;1016;70;0;2170;87;-45;1011;-877;838;-145
786226147;5;100;1019;0;70;1750;87;-45;1011;-877;838;-145
786782359;5;100;1019;0;70;1750;97;-47;1006;-882;837;-142
787338559;9;100;1014;560;-140;420;97;-47;1006;-880;829;-166
787894755;8;82;1033;0;140;-1960;76;-41;1021;-880;829;-166
788450931;8;82;1033;0;140;-1960;54;-35;1005;-880;837;-154
789007137;0;62;1008;0;70;-4620;54;-35;1005;-879;829;-159
789563335;0;62;1008;0;-70;-7770;46;-45;1014;-879;829;-159
790119519;4;49;1023;210;-70;-7770;38;-36;1019;-886;826;-163
790675725;0;40;1020;70;70;-10150;38;-36;1019;-886;826;-162
791231929;0;40;1020;70;70;-10150;8;-32;990;-876;831;-162
791788113;-5;16;1002;-70;140;-12460;8;-32;990;-889;834;-168
792344323;-5;16;1039;280;140;-14000;-3;-43;1039;-889;834;-168
792900513;0;5;1039;280;140;-14000;-6;-28;981;-886;832;-175
793456705;-6;-6;1003;0;140;-13930;-6;-28;981;-900;831;-178
794012901;-6;-6;1003;0;140;-13930;-28;-38;1028;-900;831;-178
794569107;-1;-14;1033;280;0;-13300;-28;-38;1028;-886;832;-174
795125293;0;-19;1012;0;210;-12040;-25;-41;1011;-880;823;-172
795681497;0;-19;1012;0;210;-12040;-31;-41;991;-880;823;-172
796237689;5;-22;1014;0;0;-10640;-31;-41;991;-883;834;-180
796793879;5;-22;1014;350;0;-9730;-27;-58;1047;-883;834;-180
797350087;6;-16;1033;350;0;-9730;-9;-48;987;-889;828;-183
797906269;7;2;1000;-70;70;-8190;-9;-48;987;-880;837;-190
798462459;7;2;1000;-70;70;-8190;-7;-60;1052;-880;837;-190
799018663;10;0;1048;350;-70;-6860;-7;-60;1052;-880;826;-186
799574865;0;10;986;0;0;-5040;7;-40;970;-882;823;-196
800131057;0;10;986;0;0;-5040;10;-51;1041;-882;823;-196
800687243;4;20;1045;210;0;-3150;10;-51;1041;-888;828;-196
801243445;4;20;1045;210;140;-1120;0;-29;989;-888;829;-199
801799643;-7;7;1009;210;140;-1120;0;-29;989;-877;829;-199
802355843;-1;14;1028;70;0;560;7;-46;1031;-880;823;-202
802912027;-1;14;1028;70;0;560;11;-37;992;-880;823;-202
803468241;-1;20;1010;350;-70;2240;11;-37;992;-892;825;-202
804024419;-4;21;1025;0;140;3780;9;-37;1023;-883;822;-207
804580623;-4;21;1025;0;140;3780;8;-37;1023;-883;822;-207
805136819;-3;12;1024;210;-140;4480;8;-37;1023;-886;825;-208
805693019;-3;12;1024;-70;70;4410;-10;-31;986;-885;816;-229
806249211;-11;1;1001;-70;70;4410;-10;-31;986;-885;816;-229
806805409;-9;-1;1035;280;-140;3640;-8;-26;1015;-885;811;-222
807361601;-9;-1;1035;280;-140;3640;-7;-24;1007;-885;811;-222
807917791;-17;-4;999;0;0;3080;-7;-24;1007;-895;808;-234
808474003;-17;6;1047;140;70;2940;-3;-19;1023;-889;813;-229
809030199;-20;6;1047;140;70;2940;-3;-19;1023;-889;813;-229
809586397;-23;3;996;210;70;3780;-2;-22;998;-894;804;-234
810142575;-23;3;996;210;70;4970;28;-21;1013;-891;802;-238
810698785;-19;29;1025;70;70;4970;28;-21;1013;-891;802;-238
811254979;-14;17;1029;420;-210;6090;10;-23;1029;-898;796;-238
811811177;-14;17;1029;420;-210;6090;20;-34;1030;-889;799;-243
812367367;-18;27;1016;-70;140;7000;20;-34;1030;-889;799;-243
812923555;-18;27;1011;140;140;7700;12;-25;973;-882;792;-247
813479769;-8;28;1011;140;140;7700;12;-25;973;-882;792;-247
814035965;6;22;1049;350;-210;7910;16;-47;1067;-897;795;-249
814592161;6;22;1049;350;-210;7910;-1;-26;941;-904;786;-267
815148349;-9;7;975;-210;140;7280;-1;-26;941;-904;786;-267
815704549;2;12;1069;700;-210;6020;0;-49;1078;-895;780;-264
816260731;2;12;1069;700;-210;6020;0;-49;1078;-892;778;-268
816816937;-8;-20;968;-280;210;4410;-26;-28;962;-892;778;-268
817373141;-8;-20;968;560;-210;2030;-15;-36;1040;-907;771;-268
817929327;5;-4;1051;560;-210;2030;-15;-36;1040;-907;769;-270
818485525;-2;-11;1016;210;70;210;-16;-40;1021;-895;769;-270
819041729;-2;-11;1016;210;70;210;-16;-31;997;-901;774;-279
819597913;-3;-12;1014;-70;210;-350;-16;-31;997;-901;774;-279
820154103;1;-11;992;350;-210;-420;-25;-41;994;-901;757;-280
820710313;1;-11;992;350;-210;-420;-25;-41;994;-898;750;-285
821266513;1;-20;1045;140;-70;-700;-22;-46;1037;-898;750;-285
821822699;1;-20;1045;70;210;-700;-15;-28;980;-892;741;-288
822378887;-7;-3;988;70;210;-700;-15;-28;980;-898;741;-282
822935103;7;-15;1056;420;-140;-560;-15;-49;1046;-898;741;-282
823491287;7;-15;1056;420;-140;-560;-15;-49;1046;-901;726;-279
824047489;-4;-20;986;-210;280;-700;-27;-34;990;-901;726;-279
824603681;1;-9;1036;420;-70;-980;-26;-42;1011;-901;730;-292
825159873;1;-9;1036;420;-70;-980;-26;-42;1011;-895;733;-286
825716069;0;-19;1023;140;-70;-910;-23;-40;1025;-895;733;-286
826272259;0;-19;1023;-70;210;-910;-19;-41;1000;-906;715;-295
826828463;-2;-12;1003;-70;210;-910;-19;-41;1000;-909;715;-298
827384667;1;-14;1039;210;-140;-630;-21;-38;1015;-909;715;-298
827940849;1;-14;1039;210;-140;-630;-21;-38;1015;-906;706;-298
828497061;0;-12;1001;70;-70;-420;-20;-49;1034;-909;706;-312
829053245;0;-12;1026;350;140;-140;-23;-41;981;-909;706;-312
829609447;4;-12;1026;350;140;-140;-23;-41;981;-913;709;-304
830165643;7;-29;1013;140;0;70;-34;-48;1029;-913;709;-304
830721835;7;-29;1013;140;0;350;-34;-48;1029;-907;697;-312
831278029;5;-23;1023;140;70;350;-26;-47;1019;-904;688;-301
831834239;-2;-15;1010;-140;140;490;-28;-40;989;-904;688;-301
832390423;-2;-15;1010;-140;140;490;-28;-40;989;-906;687;-301
832946619;11;-15;1032;490;-140;1050;-14;-40;1021;-913;672;-291
833502821;11;-15;1004;-70;70;1610;-8;-51;1012;-913;672;-291
834059011;-1;-3;1004;-70;70;1610;-8;-51;1012;-906;676;-304
834615205;3;5;1022;420;0;1890;-1;-40;1003;-906;672;-298
835171411;3;5;1022;420;0;1890;-1;-40;1003;-913;672;-298
835727607;0;-5;1006;-70;-70;2590;-28;-53;1028;-915;667;-300
836283801;1;-16;1001;140;140;2870;-23;-38;1003;-915;667;-300
836839993;1;-16;1001;140;140;2870;-23;-38;1003;-910;655;-301
837396199;11;-19;1009;210;-70;3290;-18;-53;1015;-912;648;-310
837952381;11;-19;1009;70;0;4270;-18;-53;1015;-912;648;-310
838508579;15;-12;1006;70;0;4270;-25;-59;1026;-915;645;-294
839064773;13;-13;1029;140;70;4970;-16;-50;983;-916;642;-298
839620971;13;-13;1029;140;70;4970;-16;-50;983;-916;642;-298
840177167;18;-4;1026;420;-70;5320;-28;-62;1023;-909;633;-306
840733375;2;-14;999;-70;210;5460;-5;-37;990;-909;633;-306
841289571;2;-14;999;-70;210;5460;-5;-37;990;-910;631;-315
841845747;11;-5;1044;490;-210;4690;-17;-43;1034;-924;633;-298
842401953;11;-5;1044;-210;70;3780;-17;-43;1034;-924;633;-298
842958149;-6;2;997;-210;70;3780;-11;-32;1007;-925;628;-297
843514353;6;-6;1043;350;-70;2730;-14;-39;1004;-918;618;-301
844070545;6;-6;1043;350;-70;2730;-14;-39;1004;-918;618;-301
844626743;-1;-5;1004;140;0;2380;-13;-40;1008;-921;610;-294
845182941;7;-2;1021;0;70;1820;-13;-40;1008;-925;597;-292
845739129;7;-2;1021;0;70;1820;3;-47;1018;-925;597;-292
846295325;0;10;1015;490;-70;700;-9;-41;1023;-919;595;-295
846851517;0;10;1015;-140;70;630;-9;-41;1023;-919;595;-295
847407721;1;-7;1018;-140;70;630;0;-45;1008;-928;591;-294
847963911;3;9;1033;490;-70;-140;-14;-29;1010;-924;588;-297
848520117;3;9;1033;490;-70;-140;-14;-29;1010;-924;588;-297
849076305;-2;-12;999;0;0;-980;-22;-44;1015;-930;583;-283
849632499;-2;-11;1040;490;-70;-1190;-22;-44;1015;-930;585;-291
850188701;0;-11;1040;490;-70;-1190;-20;-34;1005;-930;585;-291
850744893;-10;-26;1001;70;-70;-770;-41;-41;1016;-927;579;-292
851301087;-10;-26;1001;70;-70;350;-41;-41;1016;-927;579;-286
851857289;7;-26;1046;210;70;350;-41;-38;985;-922;567;-286
852413479;-3;-25;987;140;-70;1330;-41;-38;985;-913;564;-282
852969673;-3;-25;987;140;-70;1330;-25;-43;1031;-913;564;-282
853525873;2;-28;1050;70;70;2310;-40;-50;1016;-919;558;-277
854082079;2;-28;1050;70;0;3220;-40;-50;1016;-937;562;-270
854638267;0;-24;988;70;0;3220;-24;-40;1001;-937;562;-270
855194467;8;-14;1036;210;-70;3850;-21;-47;1034;-933;564;-265
855750649;8;-14;1036;210;-70;3850;-21;-47;1034;-928;552;-261
856306857;4;-22;1021;280;-140;4130;-25;-32;969;-928;552;-261
856863057;-4;-11;1009;-140;140;4270;-25;-32;969;-919;556;-264
857419249;-4;-11;1009;-140;140;4270;-25;-52;1063;-919;556;-264
857975447;4;-12;1022;420;-140;4130;-6;-28;961;-927;550;-265
858531637;4;-12;1022;210;-210;4130;-6;-28;961;-936;543;-256
859087843;0;0;1029;210;-210;4130;-8;-47;1045;-936;543;-256
859644029;-3;-5;996;-140;140;4480;-8;-47;1045;-933;538;-270
860200215;-3;-5;996;-140;140;4480;-24;-39;988;-931;526;-262
860756419;5;-8;1047;560;-280;4200;-15;-40;1026;-931;526;-262
861312621;-6;-3;986;0;140;4480;-15;-40;1026;-940;535;-249
861868811;-6;-3;986;0;140;4480;-17;-46;1014;-946;531;-244
862425005;10;-14;1052;420;-70;4690;-20;-37;1017;-946;531;-244
862981207;10;-14;1052;140;70;4620;-20;-37;1017;-937;516;-240
863537391;-4;-21;993;140;70;4620;-35;-34;976;-937;516;-240
864093603;-1;-22;1025;280;0;4760;-35;-34;976;-939;525;-243
864649797;-1;-22;1025;280;0;4760;-37;-47;1052;-940;517;-247
865205997;1;-27;1018;140;0;4620;-29;-39;986;-940;517;-247
865762193;3;-18;1034;210;-70;4340;-29;-39;986;-934;519;-238
866318387;3;-18;1034;210;-70;4340;-18;-39;1029;-945;516;-240
866874575;-7;-11;984;-350;490;4550;-18;-39;1029;-945;516;-240
867430765;-7;-11;984;-350;-280;4480;-8;-39;1015;-940;516;-231
867986969;6;0;1063;630;-280;4480;-5;-38;992;-940;516;-234
868543175;-9;3;973;-210;140;4550;-5;-38;992;-940;507;-234
869099361;-9;3;973;-210;140;4550;-3;-42;1031;-942;519;-222
869655555;4;5;1057;490;-210;4200;-15;-35;994;-942;519;-222
870211757;4;-8;994;140;70;3990;-15;-35;994;-946;498;-225
870767953;-8;-8;994;140;70;3990;-17;-39;1017;-946;499;-225
871324135;-3;-8;1028;140;0;3430;-17;-39;1017;-946;499;-225
871880345;-3;-8;1028;140;0;2520;-5;-31;1023;-948;504;-214
872436543;0;-3;1021;490;-140;2520;-10;-43;1000;-949;504;-223
872992741;1;-6;1006;-140;210;2030;-10;-43;1000;-949;504;-223
873548927;1;-6;1006;-140;210;2030;-25;-40;1048;-960;493;-219
874105125;-2;-14;1030;490;-70;1190;-25;-40;1048;-960;493;-219
874661317;-2;-14;1030;-70;70;490;-22;-34;968;-948;501;-204
875217507;4;-15;1012;-70;70;490;-19;-45;1055;-948;486;-205
875773713;1;-13;1023;350;0;-350;-19;-45;1055;-948;486;-205
876329917;1;-13;1023;350;0;-350;-36;-33;984;-949;490;-205
876886107;-4;-26;1018;0;70;-1400;-45;-35;1027;-952;495;-204
877442301;-10;-40;1006;210;70;-2240;-45;-35;1027;-952;495;-204
877998501;-10;-40;1006;210;70;-2240;-48;-36;1010;-958;492;-189
878554693;2;-38;1041;280;0;-2660;-48;-36;1010;-961;489;-195
879110879;2;-38;1041;-280;280;-2800;-46;-33;997;-961;489;-195
879667089;-7;-42;991;-280;280;-2800;-35;-41;1024;-954;498;-193
880223279;4;-26;1040;490;-210;-3010;-35;-41;1024;-954;498;-193
880779485;4;-26;1040;490;-210;-3010;-39;-33;1005;-957;484;-187
881335673;-8;-31;1005;70;140;-3150;-39;-33;1005;-952;484;-186
881891859;5;-34;1029;70;70;-2940;-43;-41;1017;-952;484;-186
882448065;5;-34;1029;70;70;-2940;-46;-41;1015;-957;483;-187
883004257;-1;-37;1009;140;140;-2730;-46;-41;1015;-963;487;-189
883560457;-1;-37;1009;210;0;-2450;-40;-42;1014;-963;487;-189
884116663;3;-34;1029;210;0;-2450;-40;-47;1013;-960;480;-178
884672859;1;-33;1009;0;210;-1890;-40;-47;1013;-960;480;-183
885229043;1;-33;1009;0;210;-1890;-36;-37;1008;-969;484;-183
885785245;2;-26;1024;210;0;-1540;-36;-37;1008;-960;486;-172
886341437;0;-25;1011;70;0;-1330;-33;-41;1006;-960;486;-172
886897641;0;-25;1011;70;0;-1330;-33;-41;1020;-964;481;-183
887453837;0;-25;1025;210;0;-1190;-33;-41;1020;-958;486;-190
888010023;0;-25;1025;210;70;-1120;-23;-41;1007;-958;486;-190
888566219;1;-12;1012;210;70;-1120;-23;-41;1007;-966;475;-184
889122421;2;-5;1022;210;70;-1050;-13;-41;1013;-966;480;-180
889678613;2;-5;1022;210;70;-1050;-38;-43;1011;-966;480;-180
890234809;0;-29;1019;140;0;-1260;-38;-43;1011;-955;483;-172
890791001;0;-29;1018;140;0;-1050;-41;-38;1011;-955;483;-172
891347191;-2;-33;1018;140;0;-1050;-35;-40;1013;-963;480;-180
891903403;0;-27;1020;210;0;-560;-35;-40;1013;-960;480;-181
892459599;0;-27;1020;210;0;-140;-27;-36;1007;-960;480;-181
893015799;-2;-20;1014;210;0;-140;-27;-36;1007;-958;480;-178
893571985;0;-8;1023;280;-70;-70;-15;-41;1013;-963;475;-169
894128179;0;-8;1023;280;-70;-70;-10;-37;1009;-963;475;-169
894684375;-2;-3;1016;140;0;70;-10;-37;1009;-957;478;-174
895240563;-2;-3;1016;280;0;70;-18;-40;1012;-963;481;-171
895796767;0;-8;1020;280;0;70;-18;-40;1012;-963;481;-171
896352973;0;-9;1018;210;0;70;-17;-40;1015;-966;484;-169
896909151;0;-9;1018;210;0;70;-20;-39;1012;-966;484;-169
897465365;0;-11;1019;210;0;210;-20;-39;1012;-964;477;-174
898021555;0;-12;1020;210;0;210;-20;-39;1011;-960;475;-181
898577753;0;-12;1020;210;0;210;-19;-38;1006;-960;475;-181
899133953;-1;-11;1017;140;0;280;-19;-38;1006;-963;481;-166
899690131;-1;-11;1017;280;0;350;-14;-40;1011;-969;481;-171
900246347;0;-8;1020;280;0;350;-14;-40;1011;-969;481;-171
900802535;0;-5;1017;210;0;420;-12;-41;1011;-964;481;-174
901358719;0;-5;1017;210;0;420;-11;-37;1012;-964;489;-175
901914923;0;-2;1019;140;0;490;-11;-37;1012;-958;489;-175
902471129;0;-1;1018;210;-70;490;-10;-41;1012;-943;481;-174
903027327;0;-1;1018;210;-70;490;-10;-41;1012;-943;481;-174
903583503;0;-1;1018;210;70;490;-9;-39;1011;-961;465;-175
904139735;0;-1;1018;210;0;560;-9;-42;1013;-954;484;-174
904695905;0;0;1019;210;0;560;-9;-42;1013;-954;484;-174
905252099;0;-1;1018;210;70;560;-11;-39;1010;-960;480;-171
905808301;0;-1;1018;210;70;560;-9;-38;1010;-964;481;-177
906364493;0;-2;1019;210;0;490;-9;-38;1010;-964;481;-177
906920697;-1;-2;1018;210;0;490;-9;-38;1010;-958;477;-168
907476891;-1;-2;1018;210;0;490;-9;-38;1010;-958;477;-168
908033071;-4;-5;1019;210;0;490;-13;-34;1012;-954;478;-172
908589273;-4;-5;1019;210;0;140;-20;-27;1014;-951;475;-177
909145477;-7;-10;1019;210;0;140;-20;-27;1014;-951;475;-177
909701659;-9;-12;1019;280;0;-700;-20;-27;1016;-966;478;-178
910257863;-9;-12;1019;280;0;-700;-20;-27;1016;-955;480;-175
910814063;-11;-16;1019;210;0;-1750;-25;-25;1013;-955;480;-175
911370255;-11;-16;1020;280;70;-3080;-37;-23;1011;-967;486;-171
911926457;-13;-28;1020;280;70;-3080;-37;-23;1011;-967;480;-175
912482645;-13;-44;1018;210;70;-4830;-54;-29;1009;-960;480;-175
913038853;-13;-44;1018;210;70;-4830;-56;-52;1017;-969;481;-172
913595045;13;-50;1021;140;70;-6370;-56;-52;1017;-969;481;-172
914151243;7;-40;1017;0;140;-6370;-55;-52;1007;-966;471;-177
914707441;7;-40;1017;0;140;-6370;-55;-52;1007;-957;486;-177
915263619;24;-70;1021;280;-70;-6300;-74;-67;1014;-957;486;-177
915819823;24;-70;1021;0;70;-6300;-67;-53;1003;-960;495;-178
916376019;21;-58;1021;0;70;-6300;-67;-53;1003;-964;484;-190
916932221;5;-35;1014;140;0;-6230;-37;-49;1022;-964;484;-190
917488411;5;-35;1014;140;0;-6230;-37;-49;1022;-958;490;-174
918044609;-8;-39;1014;0;0;-5740;-48;-29;994;-958;490;-184
918600805;2;-21;1031;490;-210;-4410;-23;-42;1033;-954;493;-184
919157011;2;-21;1031;490;-210;-4410;-23;-42;1033;-961;498;-184
919713201;-14;-36;1004;-70;140;-3290;-50;-28;996;-961;498;-184
920269393;-14;-36;1004;490;-70;-2730;-62;-33;1010;-957;492;-192
920825599;-4;-46;1028;490;-70;-2730;-62;-33;1010;-954;489;-195
921381785;-16;-45;1010;210;140;-2100;-38;-28;1033;-954;489;-195
921937985;-16;-45;1010;210;140;-2100;-38;-28;1033;-961;490;-199
922494173;-7;-31;1031;140;70;-1890;-57;-32;981;-957;480;-195
923050371;-3;-42;1014;420;-140;-2030;-32;-41;1035;-957;480;-195
923606567;-3;-42;1014;420;-140;-2030;-32;-41;1035;-949;501;-199
924162775;-4;-44;1011;0;0;-1820;-63;-36;1004;-949;501;-199
924718951;-4;-44;1011;280;-70;-420;-63;-36;1004;-946;499;-210
925275165;4;-39;1045;280;-70;-420;-44;-43;1017;-945;501;-205
925831355;-5;-54;983;-140;280;70;-59;-46;1009;-945;501;-205
926387555;-5;-54;983;-140;280;70;-59;-46;1009;-957;504;-213
926943751;15;-35;1064;420;-280;490;-56;-46;990;-949;511;-213
927499937;-1;-50;980;-140;280;1050;-34;-53;1034;-949;511;-213
928056143;-1;-50;980;-140;280;1050;-34;-53;1034;-943;519;-219
928612341;10;-21;1051;420;-140;840;-50;-37;980;-943;510;-223
929168519;10;-21;1051;420;70;630;-50;-37;980;-957;510;-223
929724725;0;-35;992;210;70;630;-24;-49;1057;-931;520;-223
930280929;3;-27;1037;140;70;280;-27;-32;987;-931;520;-223
930837127;3;-27;1037;140;70;280;-27;-32;987;-949;514;-232
931393303;-1;-33;1007;210;0;420;-48;-50;1036;-949;519;-225
931949505;-1;-33;1028;140;-70;700;-48;-50;1036;-949;519;-225
932505707;6;-50;1028;140;-70;700;-62;-41;977;-942;529;-232
933061899;6;-47;1020;420;-70;560;-77;-52;1022;-933;532;-247
933618101;6;-47;1020;420;-70;560;-77;-52;1022;-933;532;-247
934174293;12;-77;1006;0;-70;1120;-61;-58;1014;-943;538;-252
934730497;8;-44;1037;420;-70;2450;-62;-40;996;-943;538;-247
935286691;8;-44;1037;420;-70;2450;-62;-40;996;-943;543;-247
935842879;11;-33;1007;70;-70;3990;-29;-53;1046;-933;546;-252
936399073;11;-33;1007;-210;140;5390;-29;-53;1046;-933;546;-252
936955283;0;-29;1016;-210;140;5390;-28;-43;1002;-928;544;-253
937511479;4;-1;1043;700;-280;5810;-20;-34;991;-925;556;-265
938067663;4;-1;1043;700;-280;5810;-20;-34;991;-925;556;-265
938623863;-7;-20;1003;-420;490;5670;-9;-49;1043;-934;555;-274
939180055;-5;-12;1011;420;-140;5250;-9;-49;1043;-928;564;-277
939736257;-5;-12;1011;420;-140;5250;-33;-23;975;-928;564;-277
940292445;1;-15;1039;140;70;4620;-20;-43;1058;-934;564;-276
940848649;1;-15;1039;70;140;3850;-20;-43;1058;-934;564;-276
941404845;-9;-31;962;70;140;3850;-38;-29;956;-927;574;-276
941961043;9;-9;1050;490;-350;3990;-32;-50;1065;-927;579;-280
942517241;9;-9;1050;490;-350;3990;-32;-50;1065;-927;579;-280
943073425;-6;-36;992;140;140;4480;-38;-28;979;-925;588;-294
943629623;-4;-26;1039;0;140;4760;-38;-28;979;-922;595;-286
944185819;-4;-26;1039;0;140;4760;-32;-48;1046;-922;595;-286
944742017;6;-24;1007;210;0;5320;-35;-43;968;-922;613;-288
945298213;6;-24;1007;0;140;5250;-35;-43;968;-922;604;-292
945854405;-4;-43;999;0;140;5250;-42;-48;1060;-922;604;-292
946410607;2;-21;1013;630;-140;5040;-42;-48;1060;-919;622;-304
946966809;2;-21;1013;630;-140;5040;-18;-18;955;-919;622;-304
947523003;-2;8;1019;-210;210;4760;-6;-55;1080;-927;622;-286
948079203;-2;0;1019;490;-70;4410;-6;-55;1080;-912;633;-291
948635399;-7;0;1019;490;-70;4410;-21;-17;929;-912;633;-291
949191589;2;7;1041;70;-140;3990;19;-48;1087;-916;634;-289
949747777;2;7;1041;70;70;3850;19;-48;1087;-921;646;-295
950303979;-7;-9;979;-140;70;3850;-15;-30;963;-921;646;-295
950860177;8;-2;1060;280;-140;3290;-15;-30;963;-915;652;-289
951416369;8;-2;1060;280;-140;3290;-20;-40;1059;-915;652;-289
951972575;-10;-9;980;140;70;2800;-10;-48;1018;-909;658;-301
952528761;-10;-9;1048;70;140;2730;-10;-48;1018;-915;673;-297
953084967;2;-2;1048;70;140;2730;-23;-32;1001;-915;673;-297
953641155;-3;-25;994;280;-70;2310;-23;-32;1001;-906;673;-295
954197349;-3;-25;994;280;-70;2310;-26;-25;1001;-913;682;-301
954753543;0;-10;1057;350;-280;2030;-13;-46;1061;-913;682;-301
955309745;-7;-7;982;0;140;2310;-13;-46;1061;-906;697;-289
955865943;-7;-7;982;0;140;2310;-27;-29;962;-912;690;-282
956422123;0;-13;1038;140;0;2450;-9;-51;1058;-912;690;-282
956978331;0;-13;1038;280;-70;2660;-9;-51;1058;-910;705;-292
957534523;2;-15;1018;280;-70;2660;-44;-35;955;-910;705;-292
958090729;4;-11;1021;140;-70;3850;-44;-35;955;-913;718;-282
958646917;4;-11;1021;140;-70;3850;0;-45;1057;-909;730;-285
959203103;-4;-31;985;0;140;4690;-45;-44;971;-909;730;-285
959759313;9;-3;1053;350;-210;5250;-45;-44;971;-906;726;-289
960315511;9;-3;1053;350;-210;5250;-2;-47;1066;-912;741;-279
960871693;-7;-10;987;-140;70;5740;-2;-47;1066;-912;741;-279
961427901;-7;-10;987;210;0;5950;-5;-30;978;-906;741;-265
961984095;-1;20;1017;210;0;5950;21;-37;1036;-906;741;-273
962540291;-2;19;1016;420;-70;5740;21;-37;1036;-903;753;-273
963096479;-2;19;1016;420;-70;5740;-1;-40;996;-903;750;-268
963652679;-5;0;1013;0;0;5390;-17;-38;1014;-903;750;-268
964208873;-6;-3;1009;280;-140;5110;-17;-38;1014;-904;759;-264
964765077;-6;-3;1009;280;-140;5110;-8;-20;991;-900;763;-259
965321259;-8;0;996;0;140;4690;-8;-20;991;-900;763;-259
965877467;-8;0;996;280;-70;3990;-32;-28;1009;-904;769;-258
966433663;-6;-13;1028;280;-70;3990;-2;-35;1026;-907;777;-244
966989857;-13;-2;1004;0;140;3150;-2;-35;1026;-907;777;-244
967546053;-13;-2;1004;0;140;3150;-21;-43;1014;-897;777;-240
968102239;6;-7;1028;140;210;2800;-21;-43;1014;-897;777;-240
968658447;6;-7;1006;-70;0;3290;0;-45;1018;-900;790;-237
969214647;0;-7;1006;-70;0;3290;-23;-48;1019;-898;798;-232
969770841;10;-18;1031;210;0;3640;-23;-48;1019;-898;798;-232
970327041;10;-18;1031;210;0;3920;-33;-38;1005;-903;795;-235
970883219;-1;-14;1010;140;0;3920;-5;-40;989;-897;807;-226
971439423;-4;3;1019;210;70;4130;-5;-40;989;-897;807;-226
971995617;-4;3;1019;210;70;4130;6;-41;1031;-888;799;-220
972551809;-5;9;1014;0;140;4270;6;-41;1031;-898;795;-213
973108013;-5;9;1038;560;-70;3920;2;-32;1016;-898;795;-213
973664205;0;15;1038;560;-70;3920;-3;-27;998;-895;801;-204
974220401;-17;11;992;140;140;2800;-3;-27;998;-895;801;-204
974776599;-17;11;992;140;140;2800;18;-34;1004;-904;813;-193
975332801;-1;23;1027;280;-70;1890;18;-34;1004;-895;816;-192
975888993;-4;5;1019;140;70;1050;-4;-34;1016;-895;816;-192
976445179;-4;5;1019;140;70;1050;2;-38;991;-906;813;-184
977001385;-2;8;1016;350;0;140;2;-38;991;-894;813;-186
977557589;-2;8;1016;350;-70;-350;3;-56;1055;-894;813;-186
978113781;14;17;1033;350;-70;-350;5;-37;982;-892;820;-180
978669965;5;6;1002;70;70;-210;5;-37;982;-892;820;-175
979226167;5;6;1002;70;70;-210;0;-41;1053;-894;825;-175
979782373;1;8;1036;70;70;280;0;-41;1053;-897;832;-171
980338557;-3;7;996;0;70;-140;2;-39;981;-897;832;-171
980894747;-3;7;996;0;70;-140;10;-47;1041;-895;826;-171
981450955;6;20;1041;350;-70;-490;10;-47;1041;-888;828;-159
982007149;6;20;1041;-70;70;-490;0;-42;994;-888;828;-159
982563345;-6;4;993;-70;70;-490;0;-42;994;-883;823;-154
983119545;2;27;1021;350;70;-770;22;-43;1047;-880;826;-150
983675733;2;27;1021;350;70;-770;7;-38;997;-880;826;-150
984231939;0;22;1016;0;70;-560;7;-38;997;-886;829;-141
984788119;-1;24;1004;140;140;-280;18;-37;979;-886;829;-141
985344323;-1;24;1004;140;140;-280;14;-37;1038;-888;826;-142
985900531;-2;26;1035;140;140;0;14;-37;1038;-891;832;-138
986456707;-2;26;1035;350;0;420;-13;-47;987;-891;832;-138
987012911;0;-1;999;350;0;420;-13;-47;987;-892;822;-141
987569109;-5;17;1030;560;0;700;12;-32;1032;-888;837;-127
988125307;-5;17;1030;560;0;700;10;-47;999;-888;837;-127
988681499;5;19;1022;140;0;1540;10;-47;999;-889;825;-129
989237707;5;26;1019;350;-140;1820;21;-48;1029;-885;828;-121
989793899;3;26;1019;350;-140;1820;21;-48;1029;-885;828;-121
990350097;1;33;1026;140;0;2170;25;-33;996;-883;832;-115
990906291;1;33;1026;140;0;1750;24;-51;1028;-883;832;-115
991462471;5;32;1016;420;0;1750;24;-51;1028;-895;834;-114
992018685;6;14;1012;-140;0;1470;0;-44;978;-889;823;-114
992574869;6;14;1012;-140;0;1470;20;-40;1038;-889;823;-114
993131059;-2;17;1022;350;-140;1400;20;-40;1038;-891;837;-100
993687261;-2;17;1022;-140;140;1400;0;-38;990;-882;831;-103
994243465;0;14;1022;-140;140;1400;0;-38;990;-882;831;-103
994799655;0;15;1007;490;-140;1260;13;-43;1049;-885;828;-96
995355853;0;15;1007;490;-140;1260;-10;-35;989;-885;828;-94
995912049;-5;4;1023;70;70;1330;-10;-35;989;-888;831;-94
996468235;0;1;1023;280;-210;1330;-7;-45;1039;-883;828;-94
997024447;0;1;1023;280;-210;1330;-7;-45;1039;-883;828;-94
997580643;7;10;1034;210;0;980;0;-38;988;-885;829;-75
998136841;7;10;1034;-70;140;700;-6;-38;1007;-883;831;-87
998693033;0;-9;998;-70;140;700;-6;-38;1007;-883;831;-87
999249225;3;17;1038;420;-140;770;0;-43;1014;-879;826;-79
999805419;3;17;1038;420;-140;770;14;-41;1026;-894;834;-81
1000361607;-5;18;1006;70;0;1190;14;-41;1026;-894;834;-81
1000917811;2;5;1028;210;0;1610;-3;-41;1022;-883;825;-73
1001474017;2;5;1028;210;0;1610;-3;-41;1022;-883;825;-73
1002030205;4;-11;1005;0;0;1820;-25;-48;1000;-889;829;-73
1002586401;4;-11;1005;420;0;2660;-23;-47;1014;-879;825;-76
1003142601;7;-12;1044;420;0;2660;-23;-47;1014;-879;825;-76
1003698797;0;-13;1005;140;0;3360;-16;-47;1026;-874;825;-75
1004254987;0;-13;1005;140;0;3360;-16;-47;1026;-882;825;-78
1004811181;2;-7;1021;0;0;3850;-12;-39;987;-882;825;-78
1005367381;0;4;1023;140;0;4410;1;-37;1025;-874;828;-72
1005923585;0;4;1023;140;0;4410;1;-37;1025;-874;823;-69
1006479773;-6;17;1015;70;70;4970;4;-36;998;-874;823;-69
1007035969;-6;17;1015;70;-70;5390;43;-31;1022;-882;825;-70
1007592173;-4;43;1031;490;-70;5390;43;-31;1022;-882;825;-70
1008148357;-7;49;1014;-70;70;5320;39;-38;1001;-877;813;-70
1008704547;-7;49;1014;-70;70;5320;39;-38;1001;-882;823;-75
1009260755;-9;58;1020;350;0;4830;61;-26;1027;-882;823;-75
1009816947;-9;74;1026;210;70;4340;58;-38;1017;-883;820;-66
1010373145;-4;74;1026;210;70;4340;58;-38;1017;-886;829;-67
1010929345;-5;68;1020;140;140;3500;53;-38;997;-886;829;-67
1011485533;-5;68;1020;140;140;3220;53;-38;997;-876;825;-61
1012041741;-1;55;1008;140;-70;3220;57;-45;1027;-876;817;-57
1012597933;1;58;1026;280;-70;3010;53;-32;1002;-876;817;-57
1013154125;1;58;1026;280;-70;3010;53;-32;1002;-892;826;-61
1013710317;-2;74;1022;280;70;2450;77;-42;1023;-892;826;-61
1014266507;-2;74;1022;-70;140;1960;55;-38;1007;-880;823;-55
1014822723;-2;75;1013;-70;140;1960;55;-38;1007;-882;819;-57
1015378907;-1;57;1020;280;70;1540;50;-37;1007;-882;819;-57
1015935109;-1;57;1020;280;70;1540;50;-37;1007;-891;820;-60
1016491299;-3;53;1019;210;70;1120;34;-34;1008;-879;819;-51
1017047501;0;32;1019;210;0;630;23;-42;1011;-879;819;-51
1017603699;0;32;1019;210;0;630;23;-42;1011;-877;814;-61
1018159895;0;44;1024;140;0;490;50;-41;1014;-877;814;-61
1018716091;0;44;1024;210;0;700;50;-41;1014;-882;819;-55
1019272279;-5;58;1017;210;0;700;36;-36;1007;-883;814;-54
1019828485;0;29;1022;280;0;560;16;-39;1017;-883;814;-54
1020384663;0;29;1022;280;0;560;16;-39;1017;-885;822;-58
1020940877;-1;13;1014;210;0;420;-2;-41;1011;-888;826;-55
1021497061;0;5;1025;280;-70;350;1;-41;1017;-888;826;-55
1022053267;0;5;1025;280;-70;350;1;-41;1017;-877;813;-55
1022609455;-2;24;1017;140;0;420;24;-39;1012;-877;813;-52
1023165649;-2;24;1017;70;70;490;24;-39;1012;-880;813;-52
1023721851;-3;36;1021;70;70;490;26;-33;1011;-877;817;-57
1024278035;-2;27;1017;140;70;490;11;-39;1019;-877;817;-57
1024834249;-2;27;1017;140;70;490;11;-39;1019;-879;820;-55
1025390437;-1;10;1018;140;0;560;-5;-39;1014;-880;820;-57
1025946643;-1;0;1020;210;0;490;-5;-39;1014;-880;820;-57
1026502829;-1;0;1020;210;0;490;-7;-39;1013;-879;819;-55
1027059015;-1;-1;1018;140;0;560;-8;-39;1008;-882;820;-52
1027615219;-1;-1;1018;140;0;560;-8;-39;1008;-882;820;-52
1028171407;0;0;1021;140;0;560;-9;-37;1013;-879;820;-60
1028727611;0;-1;1018;140;0;560;-9;-41;1010;-879;820;-60
1029283799;0;-1;1018;140;0;560;-9;-41;1010;-885;813;-54
1029840013;-1;0;1021;140;0;490;-9;-39;1013;-873;822;-60
1030396207;-1;0;1019;140;70;560;-9;-39;1013;-873;822;-60
1030952403;0;-1;1019;140;70;560;-9;-39;1014;-874;817;-57
1031508593;0;-1;1019;140;70;490;-9;-37;1010;-883;817;-51
1032064779;0;-1;1019;140;70;490;-9;-37;1010;-883;817;-51
1032620985;-1;-1;1020;140;0;490;-10;-41;1016;-882;816;-55
1033177181;0;-1;1018;140;0;490;-10;-41;1016;-871;817;-55
1033733377;0;-1;1018;140;0;490;-9;-38;1010;-871;817;-55
1034289573;0;-1;1020;140;-70;490;-9;-42;1010;-874;826;-51
1034845769;0;-1;1020;140;0;560;-9;-42;1010;-874;826;-51
1035401961;-1;-1;1018;140;0;560;-10;-38;1013;-883;817;-55
1035958165;0;-1;1021;140;0;560;-10;-39;1005;-877;820;-43
1036514361;0;-1;1021;140;0;560;-10;-39;1005;-877;820;-43
1037070557;-1;-2;1019;140;0;490;-8;-40;1016;-876;819;-55
1037626751;-1;-1;1019;210;70;490;-8;-40;1016;-876;805;-49
1038182945;-1;-1;1019;210;70;490;-8;-41;1010;-876;805;-49
1038739151;0;-2;1019;140;0;490;-10;-40;1015;-877;813;-51
1039295337;0;-2;1019;140;0;490;-10;-40;1015;-877;819;-48
1039851541;-1;-2;1019;140;0;490;-10;-40;1014;-882;819;-48
1040407735;0;-1;1021;140;70;560;-10;-40;1014;-879;826;-52
1040963923;0;-1;1021;140;70;560;-9;-38;1008;-879;826;-52
1041520117;-1;-1;1019;140;70;560;-10;-42;1012;-883;829;-60
1042076317;-1;0;1019;210;0;490;-10;-42;1012;-883;820;-51
1042632523;-1;0;1019;210;0;490;-8;-38;1011;-883;820;-51
1043188707;0;-1;1019;70;70;560;-10;-38;1006;-877;814;-58
1043744909;0;-1;1019;140;70;560;-10;-38;1006;-883;816;-52
1044301099;-2;-2;1020;140;70;560;-9;-37;1011;-883;816;-52
1044857305;-1;-2;1019;140;70;560;-9;-37;1011;-885;819;-58
1045413495;-1;-2;1019;140;70;560;-9;-41;1014;-885;819;-58
1045969695;-1;-1;1018;70;0;560;-9;-35;1013;-882;814;-58
1046525891;0;0;1021;140;0;490;-9;-35;1013;-879;820;-46
1047082079;0;0;1021;140;0;490;-10;-39;1010;-879;820;-46
1047638285;0;-2;1020;140;70;490;-10;-39;1010;-880;819;-60
1048194469;0;-2;1020;140;0;490;-9;-39;1016;-877;819;-42
1048750667;0;-1;1020;140;0;490;-10;-40;1011;-877;819;-42
1049306863;-1;-2;1019;140;0;560;-10;-40;1011;-885;819;-55
1049863065;-1;-2;1019;140;0;560;-10;-39;1012;-874;819;-61
1050419249;-1;-2;1020;70;0;490;-9;-40;1011;-874;819;-61
1050975449;-1;-2;1019;70;70;490;-9;-40;1011;-882;820;-63
1051531655;0;-1;1019;70;70;490;-10;-42;1011;-882;820;-63
1052087835;-1;-1;1019;70;70;490;-10;-42;1011;-874;822;-67
1052644047;-1;-1;1019;70;70;490;-10;-38;1008;-877;814;-60
1053200243;-1;-2;1019;70;0;490;-9;-38;1012;-877;814;-60
1053756443;0;-2;1019;70;0;490;-9;-38;1012;-879;831;-54
1054312619;0;-2;1019;70;0;490;-9;-39;1011;-886;820;-55
1054868829;-1;-2;1018;70;0;490;-9;-39;1011;-886;820;-55
1055425023;-1;-2;1018;140;0;490;-9;-39;1017;-885;808;-63
1055981219;0;-1;1020;140;0;490;-10;-37;1008;-885;811;-57
1056537411;0;-1;1019;70;0;560;-10;-37;1008;-889;811;-57
1057093599;0;-1;1019;70;0;560;-10;-43;1016;-883;817;-52
1057649795;0;-2;1018;70;70;560;-9;-41;1011;-883;817;-52
1058205999;-1;-2;1021;210;0;490;-9;-41;1011;-874;813;-46
1058762205;-1;-2;1021;210;0;490;-11;-39;1009;-879;817;-57
1059318397;-1;-3;1017;70;0;560;-11;-39;1009;-879;817;-57
1059874595;-1;-3;1017;210;0;490;-10;-37;1012;-882;823;-52
1060430785;0;-1;1022;210;0;490;-11;-39;1007;-889;811;-57
1060986981;-1;-2;1016;140;0;490;-11;-39;1007;-889;811;-57
1061543185;-1;-2;1016;140;0;490;-8;-35;1015;-880;816;-58
1062099365;0;-1;1021;210;0;490;-8;-35;1015;-880;816;-58
1062655567;0;-2;1018;140;0;560;-10;-39;1011;-874;816;-57
1063211773;0;-2;1018;140;0;560;-11;-35;1008;-883;820;-51
1063767957;-1;-2;1018;140;0;560;-11;-35;1008;-883;820;-51
1064324167;-1;-2;1018;210;0;490;-10;-40;1015;-871;816;-52
1064880355;-1;0;1020;210;0;490;-10;-41;1013;-882;817;-57
1065436553;0;-1;1018;140;0;490;-10;-41;1013;-882;817;-57
1065992743;0;-1;1018;140;0;490;-9;-42;1013;-886;816;-54
1066548931;0;-1;1021;140;0;560;-9;-42;1013;-882;811;-55
1067105143;0;-3;1018;140;0;560;-8;-39;1006;-882;811;-55
1067661331;0;-3;1018;140;0;560;-11;-40;1012;-879;810;-55
1068217533;-1;-2;1020;210;0;490;-11;-40;1012;-879;810;-55
1068773723;-1;-2;1020;210;0;560;-10;-37;1015;-880;817;-58
1069329931;-1;-1;1018;140;0;560;-10;-37;1015;-877;825;-49
1069886107;0;-1;1019;140;0;490;-10;-41;1010;-877;825;-49
1070442303;0;-1;1019;140;0;490;-10;-37;1014;-880;811;-60
1070998505;0;-1;1019;210;0;490;-10;-37;1014;-871;816;-60
1071554709;0;-1;1018;210;0;560;-9;-40;1007;-871;816;-60
1072110899;0;-2;1018;210;0;560;-10;-39;1013;-879;807;-57
1072667105;-1;-2;1019;210;0;560;-10;-39;1013;-879;814;-57
1073223289;-1;-2;1019;210;0;560;-10;-40;1009;-870;814;-57
1073779497;-1;-2;1018;140;70;560;-10;-40;1009;-883;813;-63
1074335691;0;-1;1020;140;70;560;-9;-35;1015;-883;813;-63
1074891881;0;-1;1020;140;70;560;-10;-37;1014;-882;817;-55
1075448087;-1;-1;1018;210;0;490;-10;-37;1014;-883;822;-57
1076004263;-1;-1;1018;210;-70;490;-10;-37;1016;-883;822;-57
1076560479;0;-1;1019;210;-70;490;-10;-37;1016;-873;813;-60
1077116663;-1;-2;1019;210;0;490;-9;-39;1013;-874;813;-46
1077672863;-1;-2;1019;210;0;490;-10;-41;1018;-874;813;-46
1078229055;0;-2;1019;210;0;490;-10;-41;1018;-885;823;-48
1078785253;-1;-1;1018;140;0;560;-9;-40;1010;-885;823;-48
1079341445;-1;-1;1018;140;0;560;-10;-38;1009;-882;817;-57
1079897653;0;-2;1018;140;0;560;-10;-38;1009;-879;829;-55
1080453847;0;-2;1018;140;70;560;-9;-39;1010;-879;829;-55
1081010037;0;-1;1018;140;70;560;-9;-39;1010;-883;817;-54
1081566241;-1;-2;1019;210;0;490;-9;-40;1013;-886;819;-58
1082122437;-1;-2;1019;210;0;490;-10;-39;1008;-886;819;-58
1082678623;-1;-1;1019;210;0;490;-10;-39;1008;-879;813;-46
1083234817;-1;-1;1019;210;0;560;-9;-38;1011;-880;826;-63
1083791017;-1;-1;1019;210;0;560;-9;-38;1011;-880;826;-63
1084347213;0;-1;1018;210;0;490;-8;-39;1013;-874;817;-58
1084903399;0;-1;1018;210;0;560;-9;-38;1015;-874;817;-58
1085459595;0;-1;1019;210;0;560;-9;-38;1015;-879;817;-64
1086015791;-1;-2;1019;210;70;490;-11;-41;1010;-882;823;-57
1086571997;-1;-2;1019;210;70;490;-12;-39;1012;-882;823;-57
1087128199;0;-2;1018;210;0;490;-12;-39;1012;-877;820;-55
1087684395;0;-2;1019;210;0;490;-10;-40;1016;-876;817;-63
1088240581;-1;-2;1019;210;0;490;-10;-40;1016;-876;817;-63
1088796777;0;0;1019;140;0;490;-10;-42;1011;-876;817;-54
1089352985;0;0;1019;140;0;490;-9;-38;1012;-876;817;-52
1089909183;-1;-1;1019;210;0;490;-9;-38;1012;-879;822;-52
1090465369;-1;-2;1020;210;0;560;-9;-40;1005;-876;822;-52
1091021575;-1;-2;1020;210;0;560;-9;-40;1005;-876;822;-52
1091577771;-1;-2;1018;140;0;490;-10;-36;1016;-873;822;-61
1092133947;-1;-2;1018;140;0;490;-9;-37;1012;-882;823;-52
1092690157;-1;-2;1018;140;0;490;-9;-37;1012;-882;823;-52
1093246347;0;-2;1018;140;70;490;-9;-39;1010;-880;808;-49
1093802543;0;-2;1018;140;70;490;-9;-38;1012;-876;825;-54
1094358745;0;-1;1019;140;0;490;-9;-38;1012;-876;825;-54
1094914947;-1;-2;1018;140;0;490;-10;-39;1008;-877;825;-60
1095471131;-1;-2;1018;140;0;490;-10;-39;1008;-877;825;-60
1096027335;-1;-1;1019;140;0;560;-10;-40;1017;-883;810;-52
1096583515;-1;-1;1019;210;0;490;-10;-40;1008;-882;816;-54
1097139717;-1;-2;1018;210;0;490;-10;-40;1008;-882;816;-54
1097695921;0;-1;1018;140;0;490;-10;-39;1011;-877;816;-48
1098252103;0;-1;1018;140;0;490;-10;-39;1011;-885;817;-49
1098808307;0;-1;1019;210;0;490;-10;-39;1011;-885;817;-49
1099364507;0;-1;1018;140;0;490;-10;-41;1008;-877;820;-54
1099920701;0;-1;1018;140;0;490;-10;-41;1008;-883;820;-55
1100476905;0;-2;1020;140;0;490;-10;-38;1010;-883;820;-55
1101033093;0;-2;1020;210;0;560;-11;-41;1013;-877;823;-57
1101589297;-1;-2;1018;210;0;560;-11;-41;1013;-877;823;-57
1102145491;0;-1;1019;210;0;560;-10;-39;1014;-894;829;-48
1102701687;0;-1;1019;210;0;560;-10;-39;1014;-879;820;-57
1103257873;0;-2;1018;140;0;490;-9;-40;1010;-879;820;-57
1103814073;0;-1;1019;210;0;490;-10;-42;1012;-885;819;-55
1104370259;0;-1;1019;210;0;490;-10;-42;1012;-871;819;-49
1104926463;-1;-1;1019;140;70;560;-9;-39;1016;-871;819;-49
1105482665;-1;-1;1019;140;0;560;-9;-39;1011;-885;817;-48
1106038855;-1;-2;1019;140;0;560;-10;-40;1011;-885;817;-57
1106595049;0;-2;1019;210;0;490;-10;-37;1013;-880;825;-57
1107151245;0;-2;1019;210;0;490;-10;-37;1013;-871;819;-60
1107707451;-1;-2;1018;140;70;490;-9;-40;1008;-871;819;-60
1108263645;-1;0;1019;210;0;560;-10;-41;1015;-882;816;-49
1108819835;0;0;1019;210;0;560;-10;-41;1015;-885;820;-61
1109376043;0;-2;1018;140;0;560;-10;-39;1006;-885;820;-61
1109932239;0;-2;1018;140;0;490;-10;-39;1006;-891;811;-57
1110488431;-1;-2;1019;140;0;490;-9;-42;1014;-876;817;-72
1111044617;-1;-2;1018;210;0;490;-10;-38;1012;-876;817;-72
1111600807;-1;-2;1018;210;0;490;-10;-38;1012;-877;816;-55
1112157013;0;-1;1019;210;0;490;-8;-42;1008;-877;816;-55
1112713205;0;-1;1019;140;0;490;-8;-42;1016;-877;819;-49
1113269415;0;0;1019;140;0;490;-8;-40;1016;-882;820;-55
1113825609;0;-1;1018;210;0;560;-10;-40;1005;-882;820;-55
1114381797;0;-1;1018;210;0;560;-10;-40;1005;-883;819;-58
1114937991;-2;-1;1019;210;0;490;-11;-37;1013;-876;816;-58
1115494197;-1;-2;1018;210;0;490;-10;-41;1010;-876;816;-58
1116050389;-1;-2;1018;210;0;490;-10;-41;1010;-885;817;-58
1116606587;-1;-1;1019;210;0;560;-10;-42;1013;-876;819;-55
1117162785;-1;-1;1019;210;0;560;-10;-42;1013;-876;819;-55
1117718963;-1;-1;1018;210;0;560;-9;-37;1009;-877;820;-63
1118275169;-1;-2;1019;210;0;560;-10;-41;1010;-877;820;-63
1118831355;-1;-2;1019;210;0;560;-10;-41;1010;-876;816;-57
1119387571;0;-2;1019;210;0;490;-10;-40;1011;-871;819;-63
1119943767;0;-1;1019;140;70;560;-10;-40;1011;-871;819;-63
1120499959;0;-1;1019;140;70;560;-9;-40;1011;-879;813;-45
1121056147;0;-2;1019;140;0;490;-10;-40;1010;-882;823;-57
1121612343;0;-2;1019;140;0;560;-10;-40;1010;-882;823;-57
1122168545;-1;-1;1019;140;0;560;-9;-37;1006;-886;817;-58
1122724737;-1;-1;1018;210;0;560;-10;-41;1012;-886;817;-57
1123280941;-1;-1;1018;210;0;560;-10;-41;1012;-882;816;-57
1123837135;0;-1;1019;140;0;490;-10;-37;1015;-880;816;-55
1124393323;-1;-2;1019;210;0;490;-10;-37;1015;-880;816;-55
1124949517;-1;-2;1019;210;0;490;-11;-40;1011;-873;817;-58
1125505727;0;-2;1018;140;0;490;-11;-40;1016;-885;816;-61
1126061923;0;-2;1018;140;70;490;-11;-40;1016;-885;816;-61
1126618111;0;-1;1018;140;70;490;-10;-37;1011;-873;816;-51
1127174307;-1;-1;1018;140;0;560;-10;-37;1015;-882;820;-48
1127730501;-1;-1;1018;140;0;560;-10;-40;1015;-882;820;-48
1128286693;-1;-1;1019;140;0;490;-9;-37;1010;-882;817;-55
1128842899;-1;-2;1018;140;0;490;-9;-37;1010;-882;817;-55
1129399097;-1;-2;1018;140;0;490;-9;-42;1009;-879;814;-60
1129955291;0;-1;1018;140;0;560;-9;-38;1015;-876;819;-57
1130511481;0;-1;1018;140;0;560;-9;-38;1015;-876;819;-57
1131067673;0;-1;1018;140;0;560;-9;-40;1007;-880;819;-55
1131623873;0;-1;1019;140;0;490;-9;-40;1007;-880;820;-55
1132180067;0;-1;1019;140;0;490;-9;-38;1008;-880;820;-55
1132736263;0;-1;1019;140;0;490;-9;-39;1009;-882;811;-52
1133292465;0;-1;1019;140;70;490;-9;-39;1009;-882;823;-61
1133848655;-1;-2;1018;140;70;490;-9;-41;1009;-883;823;-61
1134404853;0;-1;1018;210;0;490;-9;-41;1012;-879;820;-51
1134961051;0;-1;1018;210;0;490;-9;-38;1012;-879;820;-51
1135517253;0;-2;1018;210;70;490;-9;-40;1009;-873;820;-54
1136073447;0;-1;1019;210;0;490;-9;-40;1009;-882;813;-54
1136629637;0;-1;1019;210;0;490;-10;-39;1018;-882;813;-54
1137185841;-1;-2;1018;210;0;490;-10;-41;1011;-874;811;-54
1137742029;-1;-2;1018;210;0;490;-10;-41;1011;-889;814;-58
1138298223;0;-2;1019;210;0;490;-10;-40;1012;-889;814;-58
1138854419;-2;-2;1018;140;0;560;-10;-40;1012;-877;828;-51
1139410609;-2;-2;1018;140;0;560;-10;-41;1013;-877;828;-51
1139966813;-2;-1;1018;140;0;560;-11;-40;1011;-879;817;-46
1140523019;-1;-2;1018;210;0;490;-11;-40;1011;-873;826;-49
1141079205;-1;-2;1018;210;0;490;-10;-39;1011;-873;826;-49
1141635409;-2;-1;1018;210;0;490;-10;-39;1010;-882;819;-52
1142191599;-2;-1;1018;140;0;490;-10;-39;1010;-894;823;-60
1142747791;-1;-1;1018;140;0;490;-10;-38;1006;-894;823;-60
1143303995;0;-2;1017;140;70;490;-10;-38;1006;-880;822;-63
1143860189;0;-2;1017;140;70;490;-10;-39;1012;-877;808;-52
1144416383;0;-1;1019;210;70;490;-9;-40;1005;-877;808;-52
1144972575;-1;-1;1018;140;70;560;-9;-40;1005;-882;823;-51
1145528765;-1;-1;1018;140;70;560;-10;-39;1015;-882;823;-51
1146084967;0;-2;1019;210;0;560;-10;-39;1015;-877;819;-55
1146641161;0;-2;1019;210;0;490;-9;-38;1008;-879;817;-54
1147197351;0;-1;1018;210;0;490;-10;-41;1015;-879;817;-54
1147753547;-1;-1;1019;140;0;490;-10;-41;1015;-883;814;-54
1148309773;-1;-1;1019;140;0;490;-10;-40;1013;-885;819;-51
1148865947;0;-1;1019;140;70;490;-10;-40;1015;-885;819;-51
1149422145;0;-2;1017;210;70;560;-11;-40;1015;-874;813;-54
1149978337;-1;-2;1017;210;70;560;-9;-40;1015;-874;813;-61
1150534533;-1;-2;1018;210;0;560;-9;-40;1015;-874;813;-61
1151090741;-1;-2;1018;210;0;560;-9;-39;1013;-873;814;-61
1151646933;0;-1;1019;210;0;560;-11;-42;1010;-873;814;-61
1152203123;-1;-1;1019;140;0;560;-11;-42;1010;-883;813;-58
1152759329;-1;-1;1019;140;0;560;-9;-40;1008;-883;826;-54
1153315521;-1;-1;1018;210;70;490;-9;-40;1008;-883;826;-54
1153871711;-1;-1;1018;140;0;560;-10;-39;1007;-879;819;-55
1154427911;-1;-2;1019;140;0;560;-9;-39;1014;-879;813;-58
1154984107;-1;-2;1017;210;0;490;-9;-39;1014;-879;813;-58
1155540301;-1;-2;1017;210;0;490;-8;-38;1008;-873;807;-37
1156096487;-1;-1;1018;140;0;490;-8;-40;1013;-873;807;-37
1156652693;0;-1;1018;210;0;490;-9;-40;1013;-874;823;-54
1157208897;0;-1;1018;210;0;490;-11;-37;1014;-874;817;-64
1157765091;0;-2;1019;210;0;560;-11;-37;1014;-874;817;-64
1158321279;0;-2;1019;140;70;560;-8;-39;1014;-877;817;-58
1158877485;0;-2;1020;140;70;560;-10;-38;1014;-885;811;-58
1159433669;0;-3;1018;140;0;560;-10;-38;1014;-885;811;-58
1159989859;0;-3;1018;140;0;560;-10;-36;1011;-883;816;-60
1160546063;0;-2;1019;210;0;490;-10;-36;1011;-877;819;-57
1161102265;-1;-2;1018;140;0;560;-10;-40;1012;-877;819;-57
1161658457;-1;-2;1018;140;0;560;-9;-40;1013;-876;817;-49
1162214663;-1;-1;1020;140;0;560;-9;-40;1013;-876;817;-49
1162770849;-1;-1;1020;210;0;560;-9;-39;1011;-876;817;-57
1163327035;-1;-1;1018;210;0;560;-9;-40;1012;-880;822;-57
1163883245;-1;-1;1019;210;0;490;-10;-40;1012;-880;822;-57
1164439437;-1;-1;1019;210;0;490;-9;-40;1016;-879;820;-57
1164995641;0;-2;1019;210;0;490;-9;-40;1016;-880;810;-49
1165551829;0;-2;1018;140;0;490;-8;-42;1008;-880;810;-49
1166108015;0;-2;1018;140;0;490;-8;-37;1010;-888;825;-57
1166664219;0;-2;1019;210;0;490;-8;-37;1010;-888;825;-46
1167220419;0;-2;1019;210;0;560;-10;-36;1011;-880;822;-46
1167776611;0;-2;1019;140;0;560;-10;-36;1011;-876;820;-46
1168332817;0;-1;1018;140;0;490;-10;-39;1009;-876;820;-46
1168888995;0;-1;1018;140;0;490;-8;-40;1011;-879;822;-52
1169445199;0;-2;1018;210;70;560;-8;-40;1011;-876;813;-58
1170001405;0;-2;1019;210;70;560;-10;-38;1004;-876;813;-58
1170557593;-1;-1;1019;210;70;560;-10;-37;1016;-882;822;-54
1171113797;0;-1;1019;140;0;490;-10;-37;1016;-877;828;-52
1171669993;0;-1;1019;140;0;560;-10;-40;1012;-877;828;-52
1172226187;0;-2;1019;140;70;560;-10;-40;1012;-882;810;-51
1172782385;0;-2;1019;140;70;560;-10;-40;1011;-882;810;-51
1173338577;0;-2;1019;140;70;560;-9;-41;1016;-883;820;-54
1173894767;0;-1;1019;140;70;560;-9;-41;1016;-876;819;-48
1174450973;0;-1;1019;140;0;560;-10;-39;1012;-876;819;-48
1175007151;0;-2;1019;140;0;560;-10;-39;1012;-876;810;-60
1175563347;0;-3;1019;140;70;490;-10;-40;1015;-871;822;-63
1176119549;0;-3;1019;140;70;490;-9;-41;1005;-871;822;-63
1176675757;0;-2;1018;140;0;490;-9;-41;1005;-868;810;-66
1177231937;0;-2;1019;140;0;560;-7;-40;1008;-882;819;-60
1177788131;0;-2;1019;140;0;560;-9;-40;1012;-882;819;-60
1178344343;-1;-2;1020;140;70;490;-9;-40;1012;-882;825;-61
1178900523;-1;-2;1020;140;0;490;-10;-37;1013;-882;825;-61
1179456735;-2;-2;1019;140;0;490;-10;-37;1013;-876;816;-51
1180012915;-1;-1;1020;140;70;490;-10;-39;1014;-883;816;-63
1180569117;-1;-1;1020;140;70;490;-9;-37;1016;-883;816;-63
1181125327;-2;-1;1019;210;70;560;-9;-37;1016;-873;813;-64
1181681513;0;-1;1019;140;70;560;-8;-40;1014;-877;814;-63
1182237707;0;-1;1019;140;70;560;-8;-40;1014;-877;814;-63
1182793911;-1;-1;1020;140;70;560;-9;-37;1014;-879;822;-55
1183350093;-1;-1;1020;140;70;560;-10;-39;1013;-879;822;-55
1183906297;-1;-2;1018;140;70;560;-10;-39;1013;-880;817;-55
1184462489;-1;-1;1020;140;70;560;-8;-39;1012;-876;817;-49
1185018693;-1;-1;1020;140;70;560;-7;-40;1015;-876;817;-49
1185574889;-2;-1;1019;140;70;560;-7;-40;1015;-882;825;-60
1186131079;-2;-2;1019;140;70;560;-8;-38;1006;-876;813;-60
1186687285;-2;-2;1019;140;70;560;-8;-38;1006;-876;813;-60
1187243469;-2;-1;1018;140;70;560;-11;-35;1008;-888;816;-61
1187799659;-2;-1;1018;140;70;560;-9;-40;1009;-883;819;-54
1188355863;-2;-2;1019;140;70;560;-9;-40;1009;-883;819;-54
1188912065;-1;-2;1019;140;70;560;-10;-39;1008;-874;822;-49
1189468257;-1;-2;1019;140;70;560;-10;-39;1008;-874;822;-49
1190024443;-2;-2;1019;140;70;490;-10;-40;1011;-883;805;-54
1190580645;-2;-2;1019;140;70;490;-9;-37;1016;-880;816;-55
1191136843;-1;-2;1019;140;70;490;-9;-37;1016;-880;816;-55
1191693043;0;-1;1018;140;70;490;-11;-38;1012;-892;825;-51
1192249239;0;-1;1018;140;70;490;-9;-40;1016;-874;813;-55
1192805423;0;-2;1020;210;0;490;-9;-40;1016;-874;813;-55
1193361637;0;-1;1019;140;70;560;-10;-41;1011;-877;814;-63
1193917833;0;-1;1019;140;70;560;-10;-41;1011;-877;820;-57
1194474023;0;-2;1020;140;70;490;-11;-41;1015;-879;820;-57
1195030207;0;-2;1020;140;0;490;-8;-38;1010;-879;831;-51
1195586411;-1;-2;1018;140;0;490;-8;-38;1010;-879;831;-51
1196142619;0;-2;1019;140;0;490;-10;-43;1009;-882;820;-58
1196698795;0;-2;1019;140;0;490;-10;-43;1009;-883;819;-49
1197255009;0;-1;1019;140;70;490;-10;-38;1013;-883;819;-49
1197811199;0;-2;1019;70;70;560;-10;-39;1013;-877;807;-52
1198367397;0;-2;1019;70;70;560;-10;-39;1013;-876;819;-63
1198923587;-1;-1;1018;140;0;560;-10;-40;1010;-876;819;-63
1199479789;-1;-1;1018;140;0;490;-8;-40;1012;-879;817;-52
1200035987;-1;-2;1020;140;0;490;-8;-40;1012;-879;817;-52
1200592183;-1;-2;1020;140;70;560;-8;-37;1009;-879;823;-61
1201148375;-1;-2;1020;140;70;560;-8;-37;1009;-879;814;-58
1201704569;-3;-2;1018;140;0;560;-9;-36;1006;-879;814;-58
1202260755;-2;-1;1019;140;0;490;-9;-36;1012;-876;820;-51
1202816971;-2;-1;1019;140;0;490;-9;-36;1012;-876;811;-61
1203373165;-1;-2;1019;140;0;490;-8;-37;1008;-876;811;-61
1203929355;-1;-2;1019;210;0;490;-8;-37;1008;-876;825;-55
1204485551;0;-1;1019;210;0;490;-9;-37;1014;-876;810;-58
1205041743;-1;-2;1019;210;0;490;-10;-38;1012;-876;810;-58
1205597931;-1;-2;1019;210;0;490;-10;-38;1012;-882;819;-60
1206154139;-1;-2;1018;210;70;490;-9;-39;1011;-882;819;-60
1206710341;0;-2;1019;210;0;490;-9;-38;1014;-874;822;-69
1207266531;0;-2;1019;210;0;490;-9;-38;1014;-879;826;-64
1207822725;0;-1;1019;210;0;490;-12;-41;1013;-879;826;-64
1208378911;0;-1;1019;210;70;490;-12;-41;1013;-877;814;-66
1208935113;0;-2;1019;210;70;490;-10;-40;1015;-883;829;-61
1209491321;-1;-2;1019;140;0;490;-10;-39;1007;-883;829;-61
1210047507;-1;-2;1019;140;0;490;-10;-39;1007;-879;814;-60
1210603713;0;-1;1020;140;0;490;-10;-41;1011;-879;814;-60
1211159893;0;-1;1020;140;0;560;-10;-41;1011;-888;814;-60
1211716093;0;-1;1020;140;0;560;-8;-39;1011;-883;823;-52
1212272299;-1;-2;1019;140;0;560;-10;-44;1011;-883;823;-52
1212828487;-1;-2;1019;140;0;560;-10;-44;1011;-873;816;-66
1213384689;-1;-2;1018;210;0;560;-8;-38;1012;-873;817;-64
1213940881;0;-1;1020;210;0;560;-9;-39;1007;-873;817;-64
1214497073;0;-1;1020;210;0;560;-9;-39;1007;-877;814;-63
1215053273;-1;-1;1019;140;0;490;-10;-41;1015;-874;820;-58
1215609467;-1;-1;1019;210;0;560;-10;-41;1015;-874;820;-58
1216165663;0;-2;1018;210;0;560;-9;-38;1011;-880;811;-64
1216721863;-1;-2;1019;210;0;560;-9;-38;1011;-880;811;-64
1217278057;-1;-2;1019;210;0;560;-9;-38;1011;-883;814;-60
1217834243;-1;-2;1019;140;0;560;-9;-33;1017;-871;813;-63
1218390451;-1;-2;1021;140;0;490;-9;-33;1017;-871;813;-63
1218946653;-1;-2;1021;140;0;490;-11;-38;1010;-886;814;-58
1219502847;-1;-2;1018;140;70;490;-9;-38;1010;-880;811;-61
1220059035;-1;-2;1018;140;0;560;-9;-38;1010;-880;811;-61
1220615223;0;-1;1019;140;0;560;-9;-39;1010;-873;820;-60
1221171439;-1;-2;1018;140;0;490;-8;-40;1014;-879;811;-61
1221727625;-1;-2;1018;140;0;490;-8;-40;1014;-879;811;-61
1222283811;-2;-3;1019;140;0;560;-10;-40;1008;-879;822;-54
1222840007;0;-2;1019;210;0;490;-10;-40;1008;-879;822;-54
1223396213;0;-2;1019;210;0;490;-10;-41;1010;-877;817;-55
1223952405;0;-1;1019;210;0;490;-7;-42;1018;-871;813;-60
1224508605;0;-1;1019;140;0;560;-7;-42;1018;-871;813;-60
1225064791;0;-1;1022;140;0;560;-7;-40;1015;-871;819;-57
1225620999;0;-2;1018;70;70;560;-7;-40;1015;-874;816;-63
1226177195;0;-2;1018;70;70;560;-9;-41;1008;-874;816;-63
1226733387;0;-2;1018;210;0;560;-9;-37;1013;-879;822;-60
1227289589;0;-3;1019;210;-70;490;-9;-37;1013;-879;822;-54
1227845783;0;-3;1019;210;-70;490;-8;-38;1015;-879;819;-54
1228401967;0;-2;1021;140;0;560;-11;-40;1012;-874;820;-54
1228958165;0;-2;1021;140;0;560;-11;-40;1012;-874;820;-54
1229514359;-1;-2;1020;210;0;560;-10;-36;1015;-879;829;-63
1230070573;-1;-2;1017;140;0;560;-10;-36;1015;-882;822;-57
1230626761;-1;-2;1017;140;0;560;-8;-40;1010;-882;822;-57
1231182947;0;-2;1019;210;0;560;-9;-38;1013;-876;819;-61
1231739151;0;-2;1020;140;0;490;-9;-38;1013;-888;819;-54
1232295351;0;-1;1020;140;0;490;-10;-40;1012;-888;819;-54
1232851545;-1;-2;1019;140;0;490;-10;-40;1012;-879;816;-61
1233407741;-1;-2;1019;140;0;490;-11;-38;1007;-879;816;-61
1233963943;0;-2;1018;140;0;490;-7;-38;1015;-879;820;-57
1234520141;-1;0;1019;140;0;490;-7;-38;1015;-885;817;-60
1235076333;-1;0;1019;140;0;490;-8;-39;1007;-885;817;-60
1235632523;-1;-2;1020;210;70;490;-9;-37;1017;-880;817;-60
1236188717;-1;-2;1020;140;70;560;-9;-37;1017;-883;817;-58
1236744907;-1;-2;1020;140;70;560;-10;-38;1008;-883;817;-58
1237301103;0;-1;1018;140;0;560;-10;-38;1008;-874;814;-58
1237857307;0;-1;1018;140;0;560;-10;-37;1009;-888;822;-54
1238413513;0;-2;1019;210;0;490;-8;-39;1015;-888;822;-54
1238969699;0;-1;1020;140;0;490;-8;-39;1015;-883;819;-55
1239525893;0;-1;1020;140;0;490;-10;-41;1014;-883;819;-55
1240082093;0;-1;1020;140;0;490;-10;-41;1014;-874;811;-57
1240638295;0;-1;1020;210;0;490;-8;-40;1013;-873;820;-60
1241194491;0;-2;1018;210;0;490;-9;-40;1013;-873;820;-60
1241750685;0;-1;1020;210;0;560;-9;-40;1013;-885;816;-58
1242306887;0;-1;1020;210;0;560;-9;-39;1016;-889;811;-55
1242863077;-1;-2;1020;210;0;490;-10;-40;1014;-889;811;-55
1243419269;0;-1;1018;210;0;490;-10;-40;1014;-871;816;-58
1243975461;0;-1;1018;210;0;490;-8;-40;1010;-871;816;-58
1244531653;0;-1;1019;210;0;490;-8;-40;1010;-874;816;-55
1245087857;0;-1;1019;140;0;490;-10;-41;1012;-868;819;-58
1245644043;-1;-2;1018;140;0;490;-8;-38;1006;-868;819;-58
1246200249;-1;-2;1020;210;0;560;-8;-38;1006;-879;813;-52
1246756445;-1;-2;1020;210;0;560;-10;-38;1011;-880;817;-52
1247312645;-1;-2;1019;210;0;560;-10;-38;1011;-880;817;-52
1247868841;-1;-2;1019;140;0;490;-8;-42;1013;-874;816;-54
1248425023;0;-2;1019;140;0;490;-8;-36;1008;-870;814;-60
1248981229;-1;-1;1018;140;70;560;-8;-36;1008;-870;814;-60
1249537425;-1;-1;1018;140;70;560;-9;-38;1013;-871;811;-61
1250093629;-1;-1;1019;210;0;560;-9;-37;1016;-871;811;-61
1250649821;0;-1;1020;210;70;490;-9;-37;1016;-880;816;-60
1251206013;0;-1;1020;210;70;490;-11;-39;1015;-877;820;-61
1251762205;0;-3;1017;140;0;560;-11;-39;1015;-877;820;-61
1252318395;0;-3;1021;210;0;490;-9;-40;1017;-885;817;-46
1252874599;0;-2;1021;210;0;490;-9;-39;1007;-883;820;-60
1253430801;0;-2;1020;140;0;560;-9;-39;1007;-883;820;-60
1253986991;0;-2;1020;140;0;560;-10;-40;1014;-877;811;-51
1254543189;0;-3;1018;140;0;560;-10;-40;1014;-877;820;-55
1255099375;0;-3;1018;210;0;490;-9;-38;1008;-894;820;-55
1255655577;0;-3;1018;210;0;490;-7;-43;1011;-894;825;-60
1256211767;0;-2;1020;210;0;490;-7;-43;1011;-894;825;-60
1256767975;0;-2;1020;210;0;560;-8;-40;1014;-889;816;-55
1257324167;0;-1;1021;210;0;560;-10;-39;1007;-876;822;-58
1257880375;0;-2;1017;140;0;560;-10;-39;1007;-876;822;-58
1258436551;0;-2;1017;140;0;560;-10;-43;1016;-886;820;-55
1258992767;0;-2;1019;140;0;490;-10;-43;1016;-889;817;-55
1259548951;-1;-3;1015;140;0;560;-11;-37;1003;-889;817;-55
1260105151;-1;-3;1015;140;0;560;-9;-40;1015;-874;816;-52
1260661335;0;-1;1023;210;0;560;-9;-40;1015;-874;816;-52
1261217531;0;-1;1023;140;70;490;-10;-34;1018;-877;817;-55
1261773743;-1;-1;1021;140;70;490;-10;-34;1018;-876;825;-67
1262329939;-2;-2;1015;140;70;490;-10;-37;1010;-876;825;-67
1262886133;-2;-2;1015;140;70;490;-7;-39;1016;-882;820;-61
1263442315;-1;0;1021;210;0;490;-7;-39;1016;-876;816;-58
1263998529;-2;-1;1019;140;0;490;-8;-38;1008;-876;816;-58
1264554721;-2;-1;1019;140;0;490;-9;-40;1017;-877;817;-51
1265110903;0;-2;1021;210;0;490;-9;-40;1017;-880;822;-69
1265667105;0;-2;1021;140;0;490;-10;-40;1008;-880;822;-69
1266223309;-1;-2;1018;140;0;490;-10;-40;1008;-883;817;-57
1266779499;-1;-1;1018;140;0;560;-9;-42;1009;-883;817;-57
1267335697;-1;-1;1018;140;0;560;-9;-41;1012;-882;823;-57
1267891895;0;-1;1021;210;0;560;-9;-41;1012;-876;820;-63
1268448095;0;-1;1020;210;0;630;-9;-39;1013;-876;820;-63
1269004289;0;-1;1020;210;0;630;-9;-39;1006;-877;816;-55
1269560487;0;-2;1018;140;0;560;-10;-42;1006;-870;820;-52
1270116685;0;-2;1018;140;0;560;-10;-40;1012;-870;820;-52
1270672869;0;-3;1018;210;0;560;-10;-40;1012;-880;820;-66
1271229059;0;-2;1020;210;0;560;-10;-40;1012;-880;820;-61
1271785263;0;-2;1020;210;0;560;-10;-41;1016;-888;820;-61
1272341451;0;-2;1023;210;0;490;-10;-41;1016;-880;826;-64
1272897655;0;-2;1023;140;0;490;-7;-39;1012;-880;826;-64
1273453849;0;-2;1018;140;0;490;-7;-39;1012;-880;814;-55
1274010049;-1;-2;1018;210;0;560;-9;-39;1010;-883;817;-60
1274566243;-1;-2;1018;210;0;560;-10;-38;1016;-883;817;-60
1275122447;-1;-2;1020;210;70;560;-10;-38;1016;-871;819;-57
1275678635;-3;-2;1020;140;0;490;-9;-38;1012;-885;816;-54
1276234843;-3;-2;1020;140;0;490;-9;-38;1012;-885;816;-54
1276791029;-1;-1;1020;210;0;560;-9;-38;1012;-874;825;-54
1277347225;-1;-1;1020;140;0;560;-9;-39;1010;-874;825;-54
1277903429;-2;-1;1019;140;0;560;-9;-39;1010;-885;811;-58
1278459621;-1;-2;1019;210;0;490;-10;-38;1012;-874;814;-60
1279015811;-1;-2;1019;210;0;490;-11;-37;1013;-874;814;-60
1279572005;-2;-2;1020;210;0;560;-11;-37;1013;-886;811;-55
1280128195;-2;-1;1021;140;0;490;-10;-40;1010;-880;810;-63
1280684391;-2;-1;1021;140;0;490;-10;-40;1010;-880;810;-63
1281240599;-2;-2;1018;210;0;490;-9;-40;1010;-876;814;-57
1281796801;-2;-2;1018;210;0;560;-7;-40;1010;-882;823;-63
1282352981;0;-1;1019;210;0;560;-7;-40;1010;-882;823;-63
1282909193;0;-1;1020;140;0;490;-10;-38;1017;-876;807;-51
1283465381;0;-1;1020;140;0;490;-10;-38;1010;-876;807;-51
1284021585;0;-2;1019;140;0;490;-10;-37;1010;-879;825;-57
1284577775;0;-2;1019;210;0;490;-10;-40;1015;-877;816;-51
1285133969;0;-2;1019;210;0;490;-10;-40;1015;-877;816;-51
1285690155;0;-3;1019;210;0;560;-10;-40;1013;-880;816;-58
1286246351;0;-3;1019;210;0;490;-9;-40;1009;-879;811;-55
1286802567;0;-1;1021;210;0;490;-9;-40;1009;-879;811;-55
1287358751;1;-1;1019;210;70;560;-10;-40;1018;-885;820;-52
