-1848460515;27;-14;1027;280;70;770;-2;-70;985;-261;-238;-301
-1847904281;25;-14;1028;280;70;700;-2;-70;986;-261;-238;-301
-1847348071;25;-14;1028;280;70;700;-2;-70;986;-262;-235;-315
-1846791859;28;-14;1027;210;70;700;-2;-70;982;-262;-240;-318
-1846235643;28;-15;1028;280;70;770;-2;-72;985;-262;-240;-318
-1845679407;26;-15;1028;280;70;770;-2;-72;985;-270;-231;-316
-1845123189;26;-15;1028;280;70;700;0;-69;983;-267;-234;-310
-1844566979;26;-15;1028;280;70;770;0;-69;979;-267;-234;-310
-1844010769;26;-15;1028;280;70;770;0;-70;979;-265;-240;-312
-1843454555;26;-15;1027;280;140;770;-2;-68;984;-259;-231;-304
-1842898323;26;-15;1027;280;140;770;-2;-68;984;-259;-231;-304
-1842342111;27;-15;1029;280;140;700;0;-70;983;-252;-238;-307
-1841785883;27;-14;1028;280;70;770;-2;-72;982;-252;-238;-307
-1841229679;27;-14;1028;280;70;770;-2;-72;982;-255;-237;-309
-1840673461;26;-15;1029;280;140;700;-2;-71;981;-268;-234;-310
-1840117229;27;-15;1028;210;70;770;-2;-71;981;-268;-234;-310
-1839561017;27;-15;1028;210;70;770;-3;-72;982;-262;-241;-307
-1839004811;27;-15;1029;280;70;700;-3;-67;982;-256;-235;-312
-1838448591;27;-15;1029;280;70;770;-3;-67;982;-256;-235;-312
-1837892371;27;-15;1028;280;70;770;-2;-69;982;-264;-238;-318
-1837336155;27;-15;1028;280;70;700;-3;-71;985;-264;-237;-310
-1836779935;27;-15;1028;280;70;770;-3;-71;985;-258;-237;-310
-1836223715;27;-15;1029;210;70;770;-1;-72;985;-267;-241;-306
-1835667483;26;-15;1026;280;70;770;-1;-72;985;-267;-241;-306
-1835111271;26;-15;1026;280;70;770;-1;-71;980;-262;-235;-300
-1834555065;26;-15;1028;280;70;770;-1;-72;980;-267;-237;-321
-1833998847;27;-14;1028;280;70;770;-1;-72;980;-267;-237;-321
-1833442617;27;-14;1028;280;70;770;-2;-70;979;-267;-232;-312
-1832886413;27;-14;1029;280;140;700;-2;-70;979;-268;-240;-310
-1832330191;27;-14;1029;280;140;700;-2;-70;987;-268;-240;-310
-1831773967;27;-14;1028;280;140;700;0;-70;987;-262;-238;-316
-1831217757;26;-14;1028;280;70;770;0;-70;987;-262;-238;-316
-1830661539;26;-14;1028;210;70;700;-4;-73;982;-258;-246;-304
-1830105309;26;-15;1028;210;70;700;-2;-69;975;-258;-237;-312
-1829549105;26;-15;1028;280;70;770;-2;-69;975;-258;-237;-312
-1828992875;26;-15;1028;280;70;770;0;-70;982;-262;-225;-313
-1828436665;26;-14;1029;210;70;700;0;-70;982;-264;-232;-309
-1827880449;26;-15;1028;280;70;770;-2;-70;982;-264;-232;-309
-1827324221;26;-15;1028;280;70;770;-1;-68;978;-271;-246;-313
-1826768005;25;-14;1028;280;70;770;-1;-68;978;-273;-240;-321
-1826211781;25;-14;1028;280;140;770;-3;-72;984;-273;-240;-321
-1825655575;26;-14;1028;280;140;770;-3;-72;984;-264;-243;-310
-1825099361;26;-14;1028;280;70;770;-3;-71;982;-264;-243;-310
-1824543143;26;-14;1028;210;70;770;-1;-72;980;-262;-241;-309
-1823986921;27;-14;1027;210;70;770;-1;-72;980;-271;-235;-309
-1823430689;26;-14;1028;210;70;770;-2;-71;979;-271;-235;-309
-1822874485;26;-14;1028;210;70;770;0;-68;984;-267;-244;-306
-1822318261;26;-13;1027;210;70;770;0;-68;984;-262;-246;-310
-1821762051;27;-14;1028;280;70;770;-2;-71;977;-262;-246;-310
-1821205795;27;-14;1028;280;70;770;-2;-71;977;-258;-232;-325
-1820649611;26;-14;1028;280;140;700;-1;-70;986;-258;-232;-325
-1820093379;26;-16;1029;280;140;770;-2;-70;981;-265;-241;-315
-1819537177;26;-16;1029;280;140;770;-2;-70;981;-261;-237;-310
-1818980961;27;-15;1028;210;70;700;-2;-74;986;-261;-237;-310
-1818424731;27;-15;1028;210;70;770;-2;-74;980;-259;-235;-316
-1817868521;27;-14;1029;210;70;770;0;-69;980;-261;-249;-315
-1817312291;26;-15;1027;280;70;770;-1;-72;985;-261;-249;-315
-1816756073;26;-15;1027;280;70;770;-1;-72;985;-259;-247;-309
-1816199869;26;-14;1029;280;70;770;-3;-69;985;-259;-231;-313
-1815643653;27;-14;1028;210;70;770;0;-71;981;-259;-231;-313
-1815087425;27;-14;1028;210;70;770;0;-71;981;-265;-238;-315
-1814531207;26;-14;1028;280;140;770;-1;-69;983;-265;-238;-315
-1813974991;26;-14;1028;210;140;770;-1;-69;983;-271;-238;-316
-1813418779;26;-14;1028;210;140;770;-2;-69;988;-267;-241;-310
-1812862561;26;-15;1028;280;70;770;-4;-70;981;-267;-241;-310
-1812306347;26;-15;1028;280;70;770;-4;-70;981;-259;-243;-304
-1811750115;27;-15;1027;280;70;770;-3;-71;988;-262;-241;-321
-1811193893;26;-14;1029;280;70;770;-3;-71;981;-262;-241;-321
-1810637693;26;-14;1029;280;70;770;-1;-70;981;-255;-241;-313
-1810081465;26;-14;1028;280;70;770;-1;-72;979;-255;-241;-316
-1809525253;27;-14;1028;280;70;770;-1;-72;979;-265;-235;-316
-1808969039;27;-14;1028;280;70;770;-1;-70;981;-264;-231;-315
-1808412819;26;-15;1028;280;70;770;-2;-70;980;-264;-231;-315
-1807856585;27;-15;1028;280;70;770;-2;-70;980;-268;-247;-313
-1807300371;27;-15;1028;280;70;770;-2;-69;985;-259;-238;-307
-1806744163;26;-15;1029;280;70;770;-2;-69;985;-259;-238;-307
-1806187947;26;-15;1027;210;70;700;-3;-69;983;-264;-238;-298
-1805631729;26;-15;1027;210;70;700;0;-72;979;-259;-235;-309
-1805075501;26;-13;1028;280;140;770;0;-72;979;-259;-235;-309
-1804519283;26;-13;1028;280;70;770;-2;-71;980;-259;-235;-303
-1803963067;26;-14;1028;280;70;770;0;-72;979;-259;-235;-303
-1803406857;27;-15;1029;280;70;770;0;-72;979;-252;-235;-304
-1802850637;27;-15;1029;280;70;770;-2;-70;978;-264;-232;-310
-1802294419;26;-14;1028;280;140;770;-2;-70;978;-264;-232;-310
-1801738185;27;-15;1028;280;140;770;0;-69;985;-261;-235;-312
-1801181987;27;-15;1028;280;140;770;-2;-71;977;-256;-240;-307
-1800625765;27;-14;1028;280;70;700;-2;-71;977;-256;-240;-307
-1800069551;27;-14;1028;210;70;770;-1;-71;985;-267;-237;-315
-1799513331;27;-14;1028;210;70;770;-1;-71;985;-267;-235;-307
-1798957105;26;-14;1028;280;70;770;0;-70;979;-267;-235;-307
-1798400881;26;-14;1028;280;70;770;-2;-75;987;-264;-243;-312
-1797844675;26;-14;1028;280;70;770;-2;-75;987;-264;-243;-312
-1797288461;26;-14;1029;280;70;700;-2;-70;981;-255;-237;-301
-1796732243;26;-14;1029;280;70;770;0;-73;983;-274;-235;-315
-1796176019;26;-14;1028;280;70;770;0;-73;983;-274;-235;-315
-1795619797;26;-15;1028;210;70;770;0;-69;983;-258;-237;-306
-1795063587;26;-15;1028;210;70;770;0;-69;983;-259;-237;-316
-1794507361;26;-15;1028;210;140;770;-1;-69;987;-259;-237;-316
-1793951149;27;-15;1028;280;140;770;-1;-70;982;-258;-234;-303
-1793394931;27;-15;1028;280;140;770;-1;-70;982;-258;-234;-312
-1792838717;27;-14;1030;280;70;770;-2;-68;985;-264;-244;-312
-1792282499;27;-14;1030;280;140;770;-2;-68;985;-261;-232;-303
-1791726277;26;-15;1028;280;140;770;-2;-70;983;-261;-232;-303
-1791170061;27;-15;1029;210;70;770;-4;-72;982;-262;-243;-307
-1790613831;27;-15;1029;210;70;770;-4;-72;982;-259;-240;-298
-1790057621;26;-14;1028;210;70;770;-2;-69;983;-259;-240;-298
-1789501389;26;-14;1028;280;140;770;-2;-71;982;-250;-247;-304
-1788945179;26;-14;1028;280;140;770;-2;-71;982;-265;-235;-295
-1788388969;26;-14;1027;280;70;770;-1;-68;985;-265;-235;-295
-1787832755;26;-14;1029;280;140;770;-1;-68;985;-256;-247;-298
-1787276527;26;-14;1029;280;140;770;-2;-67;980;-256;-247;-298
-1786720311;25;-15;1028;280;70;770;-1;-72;986;-265;-241;-309
-1786164103;25;-15;1027;280;140;770;-1;-72;986;-261;-231;-307
-1785607879;27;-14;1027;280;140;770;-3;-69;985;-261;-231;-307
-1785051661;26;-15;1029;280;70;770;-3;-69;982;-264;-235;-298
-1784495433;26;-15;1029;280;70;770;0;-72;982;-253;-244;-298
-1783939217;28;-15;1027;280;70;770;-3;-71;983;-253;-244;-298
-1783383011;25;-14;1028;280;70;770;-3;-71;983;-261;-244;-295
-1782826791;25;-14;1028;280;70;770;-2;-73;985;-261;-241;-298
-1782270571;25;-13;1027;280;140;700;0;-73;977;-270;-241;-298
-1781714355;25;-14;1028;280;70;770;0;-73;977;-261;-241;-295
-1781158139;25;-14;1028;280;70;770;-1;-71;982;-261;-241;-295
-1780601901;26;-14;1029;280;70;700;-1;-71;982;-268;-237;-295
-1780045693;28;-15;1028;280;70;700;-2;-68;982;-270;-240;-298
-1779489471;28;-15;1028;280;70;700;-2;-69;982;-270;-240;-298
-1778933265;26;-14;1027;210;70;700;-2;-69;982;-264;-247;-298
-1778377049;26;-14;1027;210;70;770;-1;-69;984;-253;-249;-301
-1777820825;27;-15;1028;210;70;770;-1;-68;983;-253;-249;-301
-1777264601;26;-14;1029;210;70;770;-2;-68;983;-259;-247;-286
-1776708377;26;-14;1029;210;70;770;-3;-75;984;-259;-247;-286
-1776152167;27;-15;1029;280;70;770;-3;-75;984;-265;-243;-294
-1775595957;26;-15;1028;210;70;770;0;-68;979;-252;-244;-295
-1775039741;26;-15;1028;210;70;770;-1;-71;986;-252;-244;-295
-1774483511;27;-14;1029;210;70;770;-1;-71;986;-253;-232;-312
-1773927285;27;-14;1028;280;140;700;-2;-70;985;-259;-238;-306
-1773371087;27;-14;1028;280;140;700;-2;-70;985;-259;-238;-306
-1772814867;27;-15;1026;280;70;770;0;-70;981;-264;-238;-307
-1772258649;27;-15;1026;280;140;770;-4;-69;987;-261;-249;-295
-1771702421;27;-14;1029;280;140;770;-4;-69;987;-261;-249;-295
-1771146205;26;-13;1028;280;140;700;0;-71;986;-267;-235;-300
-1770589981;26;-13;1028;280;70;770;-4;-71;979;-267;-235;-300
-1770033775;27;-14;1028;210;70;770;-4;-71;979;-262;-243;-295
-1769477561;27;-14;1027;280;70;700;-2;-73;986;-273;-232;-301
-1768921341;27;-14;1027;280;70;700;-2;-73;986;-273;-232;-301
-1768365121;27;-15;1028;280;70;700;-1;-70;981;-264;-238;-297
-1767808889;26;-15;1028;280;70;770;-3;-72;982;-261;-246;-315
-1767252685;26;-15;1028;280;70;770;-3;-72;982;-261;-246;-315
-1766696461;26;-14;1027;280;140;770;-1;-68;982;-265;-244;-303
-1766140251;26;-14;1028;280;70;770;-1;-68;982;-265;-244;-307
-1765584019;27;-15;1028;280;70;770;-1;-68;978;-264;-243;-307
-1765027805;27;-15;1028;280;70;700;0;-72;985;-265;-240;-304
-1764471601;27;-15;1028;280;70;770;0;-72;985;-265;-240;-304
-1763915371;26;-15;1029;280;70;770;-1;-70;976;-255;-244;-310
-1763359159;27;-15;1028;280;140;770;0;-73;980;-259;-249;-301
-1762802931;27;-15;1028;280;140;770;0;-73;980;-259;-249;-301
-1762246719;27;-14;1028;280;140;700;-2;-68;981;-253;-240;-295
-1761690489;27;-14;1027;210;70;770;-2;-68;981;-268;-244;-289
-1761134279;27;-14;1027;210;70;770;-3;-70;988;-268;-244;-289
-1760578059;27;-15;1028;280;70;700;0;-71;983;-265;-252;-300
-1760021841;27;-14;1028;280;70;770;0;-71;983;-265;-252;-300
-1759465635;27;-14;1028;280;70;770;-3;-68;984;-268;-246;-303
-1758909409;27;-14;1029;280;70;700;-3;-68;984;-262;-240;-307
-1758353191;27;-14;1029;280;70;770;-1;-71;984;-262;-240;-307
-1757796973;26;-13;1027;280;70;770;-2;-70;976;-262;-241;-295
-1757240763;26;-14;1028;210;70;770;-2;-70;976;-258;-241;-301
-1756684547;26;-14;1028;210;70;770;-3;-71;984;-258;-241;-301
-1756128317;26;-15;1028;210;70;770;-1;-68;977;-267;-237;-297
-1755572093;25;-15;1028;280;140;700;-1;-68;977;-267;-249;-298
-1755015893;25;-15;1028;280;140;700;-2;-71;982;-264;-249;-298
-1754459665;27;-14;1028;280;140;770;-2;-71;982;-261;-238;-300
-1753903453;27;-14;1027;210;70;770;-2;-70;986;-261;-238;-300
-1753347229;27;-14;1027;210;70;770;-1;-67;980;-258;-240;-298
-1752791019;27;-16;1028;210;70;770;-1;-67;980;-258;-243;-298
-1752234785;27;-16;1028;210;70;770;-2;-72;986;-258;-243;-298
-1751678575;25;-15;1028;210;70;770;-2;-72;981;-268;-244;-310
-1751122365;25;-15;1028;280;70;770;-3;-68;981;-264;-246;-294
-1750566147;25;-15;1028;280;70;700;0;-72;982;-264;-246;-294
-1750009917;27;-13;1027;280;70;700;0;-72;982;-259;-241;-295
-1749453715;26;-14;1029;280;140;770;-2;-70;987;-259;-241;-295
-1748897483;26;-14;1029;280;140;770;-2;-71;983;-261;-231;-298
-1748341267;27;-13;1028;210;70;770;-2;-71;983;-262;-238;-292
-1747785055;27;-14;1027;280;140;700;-1;-68;980;-262;-238;-292
-1747228839;27;-14;1027;280;140;700;-1;-68;980;-271;-235;-301
-1746672621;25;-14;1028;280;140;770;-3;-67;986;-267;-243;-292
-1746116389;25;-14;1028;280;70;770;-1;-71;983;-267;-243;-292
-1745560175;26;-14;1028;280;70;770;-1;-71;983;-259;-244;-297
-1745003967;27;-15;1028;280;70;770;-1;-71;976;-264;-246;-298
-1744447737;27;-15;1028;280;70;770;0;-72;983;-264;-246;-298
-1743891527;26;-15;1028;280;70;770;0;-72;983;-258;-237;-307
-1743335315;28;-15;1028;280;70;700;-2;-71;975;-258;-237;-307
-1742779097;28;-15;1028;280;70;700;-2;-71;975;-265;-258;-295
-1742222875;27;-15;1028;210;70;700;-2;-71;982;-265;-243;-298
-1741666661;26;-15;1027;280;140;700;-1;-67;979;-265;-243;-298
-1741110443;26;-15;1027;280;140;700;-1;-67;979;-267;-244;-292
-1740554209;26;-15;1028;280;140;770;-2;-66;985;-255;-252;-294
-1739997987;27;-13;1028;210;70;770;-2;-66;985;-255;-252;-294
-1739441775;27;-13;1028;210;70;770;-3;-72;986;-268;-235;-304
-1738885559;26;-14;1028;210;70;770;-2;-70;983;-268;-237;-300
-1738329351;26;-14;1028;210;70;770;-2;-70;983;-259;-237;-300
-1737773131;26;-15;1029;210;70;770;-1;-73;978;-264;-249;-294
-1737216917;26;-14;1027;210;70;700;-1;-72;981;-264;-249;-294
-1736660683;26;-14;1027;210;70;700;-1;-72;981;-261;-240;-295
-1736104471;26;-14;1029;210;70;700;-1;-72;979;-267;-247;-303
-1735548259;27;-14;1028;280;140;770;-1;-72;979;-267;-247;-303
-1734992043;27;-14;1028;280;140;770;-4;-70;980;-262;-250;-304
-1734435821;26;-15;1029;280;140;770;0;-69;987;-268;-243;-298
-1733879609;27;-14;1028;280;70;770;0;-69;987;-268;-243;-298
-1733323379;27;-14;1028;280;70;770;-3;-68;979;-264;-250;-304
-1732767169;26;-14;1028;210;70;770;-3;-68;979;-264;-250;-304
-1732210953;26;-14;1028;210;140;770;-2;-71;989;-268;-244;-295
-1731654725;27;-14;1028;210;140;770;-2;-69;979;-259;-238;-297
-1731098509;26;-15;1028;210;70;700;-2;-69;979;-259;-238;-297
-1730542289;26;-15;1028;210;70;770;-1;-72;983;-268;-244;-295
-1729986079;27;-14;1029;280;70;770;-1;-71;979;-264;-241;-309
-1729429863;26;-15;1027;280;70;770;-1;-71;979;-264;-241;-309
-1728873647;26;-15;1027;280;70;770;-1;-73;981;-258;-237;-300
-1728317415;26;-13;1027;280;140;700;-1;-73;981;-264;-246;-304
-1727761193;26;-15;1028;280;140;700;-2;-68;985;-264;-246;-304
-1727204991;26;-15;1028;280;140;700;-3;-69;984;-259;-229;-306
-1726648771;26;-14;1028;210;70;770;-3;-69;984;-259;-229;-306
-1726092555;26;-14;1028;280;140;770;0;-70;983;-253;-249;-309
-1725536339;27;-15;1028;280;140;770;0;-70;984;-255;-241;-304
-1724980115;27;-14;1027;280;140;770;-3;-67;984;-255;-241;-304
-1724423887;27;-14;1027;280;70;770;0;-71;984;-256;-235;-294
-1723867675;26;-14;1028;280;70;770;0;-71;984;-267;-238;-304
-1723311467;26;-14;1028;280;70;700;-3;-73;981;-267;-238;-304
-1722755235;26;-14;1028;280;70;700;-1;-70;987;-267;-243;-301
-1722199017;26;-15;1028;210;140;770;-1;-70;987;-267;-243;-303
-1721642793;27;-15;1028;280;70;770;-3;-69;978;-268;-238;-303
-1721086583;27;-15;1028;280;70;770;-3;-69;978;-273;-247;-309
-1720530363;27;-15;1029;280;70;770;-2;-72;981;-273;-247;-309
-1719974145;26;-14;1028;280;70;770;-1;-70;980;-261;-241;-304
-1719417939;26;-14;1028;280;70;770;-1;-70;980;-262;-231;-318
-1718861725;25;-15;1027;210;140;770;-1;-69;976;-262;-231;-318
-1718305505;25;-15;1027;280;70;770;-1;-71;981;-265;-234;-309
-1717749275;26;-14;1027;280;70;770;-1;-71;981;-274;-238;-310
-1717193069;27;-15;1028;280;70;770;-1;-68;978;-274;-238;-310
-1716636849;27;-15;1028;280;70;770;-1;-68;978;-271;-234;-304
-1716080621;27;-14;1028;280;70;770;-1;-71;983;-271;-234;-304
-1715524397;26;-13;1027;210;70;770;-2;-69;986;-259;-244;-316
-1714968179;26;-13;1027;210;70;770;-2;-69;986;-267;-241;-315
-1714411967;25;-15;1028;280;70;700;-3;-70;987;-267;-241;-315
-1713855761;26;-14;1028;280;70;700;-3;-70;987;-256;-244;-307
-1713299541;26;-14;1028;280;70;700;-2;-70;984;-265;-244;-309
-1712743311;26;-15;1028;280;70;770;-2;-69;984;-265;-244;-309
-1712187107;26;-15;1028;210;70;770;-2;-69;984;-270;-243;-310
-1711630875;27;-14;1027;210;70;770;0;-71;982;-270;-243;-310
-1711074667;26;-14;1027;280;70;770;-2;-71;978;-273;-235;-312
-1710518451;26;-14;1027;280;70;770;-2;-71;978;-268;-244;-315
-1709962215;27;-14;1028;210;70;770;-1;-71;982;-268;-244;-315
-1709406005;26;-14;1027;210;70;700;-1;-71;982;-267;-244;-312
-1708849789;26;-14;1027;210;70;700;-2;-70;981;-265;-238;-312
-1708293571;26;-14;1029;280;140;700;-2;-72;983;-265;-238;-312
-1707737359;26;-15;1028;280;70;770;-2;-72;983;-258;-241;-309
-1707181141;26;-15;1028;280;70;770;-2;-68;984;-262;-238;-312
-1706624913;27;-15;1029;280;70;770;-2;-68;984;-262;-238;-312
-1706068689;27;-15;1028;280;70;770;-3;-72;987;-265;-235;-306
-1705512479;26;-14;1028;280;70;770;-3;-67;982;-265;-235;-306
-1704956259;25;-14;1028;280;140;770;-3;-67;982;-265;-247;-312
-1704400041;25;-14;1028;280;70;700;-1;-73;980;-265;-246;-313
-1703843835;27;-15;1028;280;70;700;-2;-71;983;-265;-246;-313
-1703287609;26;-15;1028;280;70;770;-2;-71;983;-267;-244;-307
-1702731397;26;-15;1028;280;70;770;-1;-71;982;-273;-241;-307
-1702175179;27;-15;1028;280;70;700;-1;-71;982;-273;-241;-307
-1701618963;26;-14;1028;210;70;700;-2;-71;977;-261;-235;-315
-1701062747;26;-14;1028;210;70;700;-1;-69;982;-261;-243;-312
-1700506523;26;-14;1028;210;70;770;-1;-69;982;-262;-243;-312
-1699950301;26;-14;1029;280;140;770;-2;-68;987;-271;-240;-306
-1699394093;26;-14;1029;280;140;770;-2;-68;987;-271;-240;-306
-1698837871;27;-14;1028;210;70;770;-3;-71;983;-268;-244;-309
-1698281655;27;-14;1028;210;140;770;0;-68;986;-268;-238;-307
-1697725437;26;-15;1028;210;140;770;0;-68;986;-268;-238;-307
-1697169207;25;-14;1028;280;140;770;-1;-70;976;-273;-246;-309
-1696612985;25;-14;1028;280;140;770;-2;-73;984;-256;-240;-307
-1696056775;27;-14;1028;280;70;770;-2;-73;984;-256;-240;-307
-1695500565;26;-14;1028;280;70;770;-2;-69;979;-259;-241;-304
-1694944335;26;-14;1028;280;70;770;-2;-69;979;-259;-241;-304
-1694388117;27;-16;1028;280;70;700;0;-72;982;-270;-240;-307
-1693831893;27;-15;1028;280;70;770;-2;-68;983;-265;-226;-313
-1693275683;27;-15;1028;280;70;770;-2;-68;983;-265;-226;-313
-1692719467;26;-14;1028;280;70;770;-2;-70;982;-264;-244;-303
-1692163255;26;-14;1028;280;70;770;-2;-70;983;-264;-234;-310
-1691607037;26;-15;1028;280;70;770;-3;-68;983;-264;-234;-310
-1691050815;26;-14;1027;280;140;700;-2;-69;988;-261;-244;-298
-1690494607;26;-14;1027;280;140;770;-2;-69;988;-267;-243;-304
-1689938383;28;-16;1028;280;140;770;-1;-72;979;-267;-243;-304
-1689382167;26;-14;1027;280;70;700;-1;-72;982;-262;-243;-304
-1688825935;26;-14;1027;280;70;700;-1;-72;982;-262;-243;-304
-1688269727;27;-15;1027;210;70;770;-1;-70;979;-268;-240;-304
-1687713505;26;-14;1027;280;70;770;-1;-70;979;-265;-243;-306
-1687157285;26;-14;1027;280;70;770;-1;-71;981;-265;-243;-306
-1686601075;27;-15;1028;280;140;700;-1;-68;985;-267;-244;-312
-1686044859;27;-15;1029;280;70;770;-1;-68;985;-267;-241;-310
-1685488625;25;-15;1029;280;70;770;-1;-68;983;-267;-241;-310
-1684932417;26;-14;1028;210;0;770;-1;-70;989;-265;-243;-304
-1684376191;26;-14;1028;210;70;770;-1;-70;989;-265;-243;-306
-1683819975;27;-13;1028;210;70;770;-3;-67;980;-268;-249;-306
-1683263767;27;-13;1028;280;70;770;-3;-67;980;-262;-241;-303
-1682707551;27;-13;1028;280;70;770;-1;-74;981;-262;-241;-303
-1682151323;25;-15;1029;280;70;700;-2;-71;981;-268;-241;-300
-1681595099;27;-14;1028;280;70;700;-2;-71;981;-261;-232;-301
-1681038899;27;-14;1028;280;70;700;-2;-71;982;-261;-232;-301
-1680482667;25;-16;1028;280;70;700;-2;-71;982;-264;-243;-306
-1679926449;25;-14;1028;280;70;700;-1;-71;976;-253;-249;-295
-1679370243;27;-14;1028;280;70;700;-2;-70;981;-253;-249;-295
-1678814021;26;-14;1027;280;70;770;-2;-70;981;-267;-246;-306
-902942209;27;-14;1028;280;70;770;-1;-68;980;-261;-241;-310
-902385997;27;-14;1028;280;140;770;-1;-68;980;-261;-234;-310
-901829769;26;-14;1028;280;140;770;0;-72;982;-261;-234;-310
-901273567;26;-15;1028;210;70;770;0;-72;982;-262;-243;-300
-900717341;26;-15;1028;210;70;770;-4;-67;985;-259;-240;-312
-900161119;26;-15;1027;210;70;770;-1;-72;983;-259;-240;-312
-899604913;27;-15;1028;280;140;770;-1;-72;983;-262;-237;-301
-899048697;27;-15;1028;280;140;770;-2;-71;982;-264;-235;-310
-898492479;27;-14;1028;280;140;770;0;-69;984;-264;-235;-310
-897936257;26;-14;1028;210;70;770;0;-69;984;-259;-247;-306
-897380041;26;-14;1028;210;70;770;-1;-68;975;-258;-237;-309
-896823811;27;-14;1028;210;140;770;-1;-68;975;-258;-237;-309
-896267599;27;-13;1027;280;70;770;0;-68;986;-268;-240;-307
-895711371;27;-13;1027;280;70;770;-2;-68;977;-268;-240;-307
-895155167;26;-14;1029;280;70;770;-2;-68;977;-268;-243;-310
-894598949;26;-14;1029;280;70;770;-2;-71;987;-262;-241;-300
-894042735;26;-13;1027;280;70;770;-2;-71;981;-262;-241;-300
-893486513;26;-14;1027;210;70;700;-1;-67;981;-258;-244;-316
-892930293;26;-14;1027;210;70;770;0;-71;982;-268;-241;-303
-892374083;26;-14;1028;280;70;770;0;-71;982;-268;-241;-303
-891817859;26;-14;1028;280;70;700;-2;-68;985;-259;-246;-304
-891261643;26;-14;1028;280;70;700;-1;-70;983;-259;-246;-298
-890705413;26;-14;1028;280;140;700;-1;-70;983;-267;-241;-298
-890149197;26;-15;1027;280;70;700;-3;-69;982;-262;-243;-304
-889592993;26;-15;1027;280;70;700;-3;-69;982;-262;-243;-304
-889036773;26;-15;1028;280;70;770;0;-71;981;-271;-241;-301
-888480551;26;-15;1028;280;70;770;-2;-72;975;-255;-249;-309
-887924335;27;-14;1028;280;70;770;-2;-72;975;-255;-249;-309
-887368117;27;-15;1027;280;70;770;-1;-70;981;-259;-237;-307
-886811881;27;-15;1027;280;140;700;-1;-70;985;-259;-241;-304
-886255673;27;-14;1026;280;140;700;-1;-68;985;-259;-241;-304
-885699451;27;-14;1027;210;140;700;-2;-71;986;-256;-240;-301
-885143245;27;-14;1027;210;140;700;-2;-71;986;-256;-240;-301
-884587029;27;-13;1028;210;70;700;0;-70;983;-261;-238;-300
-884030805;26;-14;1027;210;140;770;-2;-70;987;-256;-226;-301
-883474573;26;-14;1027;210;140;770;-2;-70;987;-256;-226;-301
-882918373;25;-14;1028;280;140;770;-2;-71;983;-265;-243;-309
-882362147;25;-14;1027;280;70;770;-2;-71;983;-262;-238;-304
-881805937;25;-15;1027;280;70;770;0;-70;981;-262;-238;-304
-881249719;25;-15;1029;210;70;770;-3;-69;988;-271;-249;-312
-880693497;25;-15;1029;280;70;770;-3;-69;988;-271;-243;-304
-880137287;27;-14;1028;280;70;770;0;-70;982;-268;-243;-304
-879581055;26;-15;1027;280;140;770;-4;-73;980;-277;-246;-300
-879024849;26;-15;1027;280;140;770;-4;-73;980;-277;-246;-300
-878468629;25;-14;1028;280;140;700;-1;-70;984;-268;-247;-300
-877912401;26;-15;1028;280;140;700;-1;-70;984;-261;-243;-316
-877356181;26;-15;1028;280;140;700;-2;-72;978;-261;-243;-316
-876799979;26;-15;1027;280;70;770;-1;-72;984;-265;-237;-306
-876243747;26;-14;1027;210;70;770;-1;-72;984;-268;-243;-304
-875687541;26;-14;1027;210;70;770;-2;-66;980;-268;-243;-304
-875131323;26;-15;1029;280;70;770;-2;-66;980;-262;-247;-300
-874575101;26;-15;1029;280;70;770;-2;-73;986;-262;-247;-300
-874018869;26;-14;1028;280;70;770;-2;-69;983;-256;-246;-306
-873462665;26;-15;1027;280;70;770;-2;-69;983;-274;-243;-307
-872906441;26;-15;1027;280;70;700;-1;-73;978;-274;-243;-307
-872350231;25;-14;1027;210;140;700;-3;-72;983;-262;-249;-306
-871793999;27;-14;1028;280;70;770;-3;-72;983;-255;-234;-297
-871237785;27;-14;1028;280;70;770;-1;-73;980;-255;-234;-297
-870681581;26;-14;1027;280;140;770;-1;-73;980;-258;-244;-303
-870125351;27;-15;1027;210;140;770;-3;-72;980;-267;-247;-303
-869569139;27;-15;1027;210;140;770;-1;-68;988;-267;-247;-303
-869012923;27;-15;1028;210;140;770;-1;-68;988;-262;-243;-313
-868456701;27;-15;1028;280;70;770;-3;-70;981;-262;-243;-313
-867900489;27;-14;1028;280;70;770;-3;-70;981;-262;-232;-309
-867344267;27;-14;1027;280;70;770;-2;-71;988;-270;-240;-313
-866788043;27;-14;1027;280;140;700;-1;-70;979;-270;-240;-313
-866231833;26;-14;1028;280;140;700;-1;-70;979;-267;-247;-307
-865675615;26;-14;1029;280;70;700;-1;-73;982;-262;-241;-306
-865119387;26;-14;1029;280;70;700;0;-70;980;-262;-241;-306
-864563181;26;-13;1028;280;70;700;0;-70;980;-259;-234;-307
-864006953;26;-14;1028;210;70;770;0;-72;981;-259;-234;-307
-863450743;26;-14;1028;210;70;770;0;-72;981;-262;-255;-309
-862894513;26;-13;1027;210;70;770;-2;-67;982;-262;-241;-307
-862338297;26;-13;1028;280;70;770;-1;-70;986;-262;-241;-307
-861782073;28;-14;1028;280;70;770;-1;-70;986;-273;-246;-307
-861225855;27;-14;1028;210;140;770;-1;-70;983;-262;-244;-307
-860669651;27;-14;1028;280;140;770;-1;-70;985;-262;-244;-307
-860113437;26;-16;1028;280;140;770;-2;-70;985;-267;-232;-306
-859557217;27;-15;1028;210;70;700;-3;-71;978;-259;-247;-310
-859001003;27;-15;1028;210;70;700;-3;-71;978;-259;-247;-310
-858444765;26;-15;1028;210;70;700;-1;-71;982;-262;-241;-312
-857888555;27;-14;1028;210;70;770;-1;-68;979;-262;-241;-312
-857332345;27;-14;1028;210;70;770;-1;-68;979;-270;-244;-307
-856776127;26;-14;1028;280;70;700;-2;-68;984;-267;-243;-303
-856219897;27;-14;1027;350;140;770;-2;-68;984;-267;-243;-303
-855663673;27;-14;1027;350;140;770;-2;-69;988;-265;-243;-313
-855107463;26;-14;1027;280;70;700;0;-69;984;-265;-252;-303
-854551243;26;-14;1027;280;70;770;0;-69;984;-265;-252;-303
-853995037;25;-14;1028;280;70;770;-2;-70;986;-264;-244;-313
-853438821;26;-15;1027;280;140;700;-2;-72;983;-264;-244;-310
-852882601;26;-15;1027;280;140;700;-2;-72;983;-267;-247;-310
-852326369;26;-14;1028;280;140;700;0;-72;978;-259;-241;-306
-851770155;26;-14;1028;280;140;700;0;-72;978;-259;-241;-306
-851213949;26;-14;1028;280;140;700;-3;-71;984;-259;-234;-300
-850657729;26;-16;1027;280;140;770;0;-72;983;-256;-244;-312
-850101507;26;-15;1027;210;70;700;0;-72;983;-256;-244;-312
-849545277;26;-15;1027;210;70;700;-2;-72;982;-259;-244;-310
-848989059;26;-15;1028;280;70;700;-2;-72;982;-256;-247;-315
-848432855;26;-15;1028;280;70;770;-2;-69;990;-256;-247;-315
-847876641;27;-14;1027;280;70;770;-2;-72;978;-261;-244;-307
-847320421;28;-14;1027;280;140;770;-2;-72;978;-261;-244;-307
-846764189;28;-14;1027;280;140;770;-2;-72;987;-264;-238;-310
-846207969;26;-15;1027;210;140;770;0;-69;979;-267;-247;-303
-845651757;26;-13;1028;280;70;700;0;-69;979;-267;-247;-303
-845095537;26;-13;1028;280;70;700;0;-72;983;-265;-250;-309
-844539319;27;-15;1028;280;70;770;0;-72;983;-261;-231;-307
-843983103;27;-15;1026;210;70;770;-2;-68;981;-261;-231;-307
-843426897;27;-15;1026;210;70;770;-1;-73;983;-264;-246;-310
-842870663;26;-14;1027;210;70;770;-1;-73;983;-264;-246;-301
-842314451;26;-14;1029;210;140;770;-4;-69;983;-264;-249;-301
-841758239;27;-14;1029;210;140;770;-4;-69;983;-271;-226;-309
-841202023;27;-14;1028;280;70;770;0;-73;980;-271;-226;-309
-840645801;27;-14;1028;280;70;700;-3;-69;980;-262;-243;-297
-840089589;27;-14;1027;280;70;700;-3;-69;980;-267;-247;-309
-839533359;25;-14;1028;280;140;770;-1;-69;983;-267;-247;-309
-838977149;25;-14;1028;280;140;770;-1;-69;980;-261;-240;-306
-838420933;26;-13;1027;280;70;770;-1;-69;980;-262;-243;-309
-837864711;27;-15;1028;280;140;770;-1;-70;989;-262;-243;-309
-837308487;27;-15;1028;280;140;770;-1;-70;989;-268;-234;-301
-836752269;27;-14;1027;280;140;700;-1;-70;978;-268;-234;-301
-836196059;26;-15;1027;280;70;770;-2;-75;987;-261;-249;-303
-835639843;26;-15;1027;280;70;770;-2;-75;987;-265;-240;-294
-835083613;26;-15;1028;280;70;770;-1;-68;979;-265;-240;-294
-834527397;26;-15;1028;280;140;770;-1;-68;979;-267;-226;-307
-833971173;27;-14;1026;280;140;770;0;-70;979;-265;-237;-300
-833414973;27;-16;1028;210;70;770;-3;-67;985;-265;-237;-300
-832858745;27;-16;1028;210;70;770;-3;-67;985;-258;-238;-313
-832302535;26;-15;1028;280;140;770;-1;-68;985;-258;-241;-303
-831746317;27;-14;1027;210;70;770;-2;-68;985;-264;-241;-303
-831190081;27;-14;1027;210;70;770;-2;-68;985;-259;-232;-304
-830633873;26;-15;1028;280;140;770;-1;-71;984;-259;-232;-304
-830077655;26;-14;1026;280;70;770;-1;-71;984;-271;-235;-303
-829521445;26;-14;1026;280;70;770;-2;-71;976;-267;-246;-300
-828965229;26;-14;1028;280;70;700;-1;-72;982;-267;-246;-300
-828408997;26;-14;1028;280;70;700;-1;-72;982;-268;-247;-294
-827852773;27;-14;1027;280;70;700;0;-70;977;-268;-237;-312
-827296573;26;-15;1027;280;70;770;0;-70;987;-268;-237;-312
-826740347;26;-15;1027;280;70;770;-2;-71;987;-258;-234;-310
-826184137;26;-15;1027;280;70;770;-3;-67;985;-258;-234;-310
-825627921;26;-15;1029;280;140;770;-3;-67;985;-264;-241;-306
-825071683;26;-15;1029;280;140;770;-1;-71;985;-270;-240;-310
-824515485;28;-15;1026;280;140;770;-3;-68;984;-270;-240;-310
-823959255;26;-14;1028;280;70;700;-3;-68;984;-270;-244;-307
-823403047;26;-14;1028;280;70;700;0;-72;982;-262;-243;-303
-822846813;27;-15;1028;280;70;700;0;-72;982;-262;-243;-303
-822290601;27;-15;1028;280;70;770;-1;-70;982;-258;-237;-312
-821734377;26;-15;1028;280;70;770;0;-71;983;-270;-237;-304
-821178159;27;-15;1028;280;70;700;0;-71;983;-270;-237;-304
-820621955;27;-15;1028;280;70;770;-3;-72;981;-261;-237;-307
-820065741;26;-15;1028;280;70;770;-2;-71;990;-261;-237;-307
-819509523;28;-15;1028;280;70;770;-2;-71;990;-265;-241;-306
-818953293;28;-15;1028;280;70;770;-2;-72;979;-264;-238;-312
-818397069;27;-14;1027;210;70;700;-2;-72;979;-264;-238;-312
-817840855;26;-15;1027;210;140;770;-2;-72;983;-274;-235;-315
-817284647;26;-15;1027;210;140;770;-1;-69;977;-267;-234;-301
-816728431;26;-16;1027;280;140;770;-1;-69;977;-267;-234;-301
-816172203;26;-14;1029;280;70;770;-1;-71;986;-265;-246;-307
-815615985;26;-14;1029;280;70;770;-1;-71;986;-265;-246;-307
-815059779;26;-13;1027;280;70;770;-2;-67;984;-259;-241;-304
-814503557;26;-13;1027;280;70;770;-2;-71;984;-261;-240;-312
-813947341;26;-15;1027;280;70;770;-2;-71;984;-261;-240;-312
-813391121;26;-15;1027;280;140;770;-2;-72;976;-262;-240;-301
-812834891;26;-15;1027;280;140;770;0;-72;979;-256;-241;-309
-812278669;27;-14;1029;210;70;770;0;-72;979;-256;-241;-309
-811722467;27;-15;1027;210;70;770;-1;-70;979;-262;-235;-304
-811166243;27;-15;1027;210;70;770;-1;-70;979;-262;-238;-313
-810610033;29;-15;1028;210;70;770;-2;-70;983;-259;-238;-313
-810053815;26;-15;1029;280;70;770;0;-70;980;-262;-238;-313
-809497587;26;-15;1029;280;70;770;0;-70;980;-262;-238;-313
-808941363;27;-15;1028;280;70;700;-3;-69;985;-258;-234;-325
-808385159;27;-15;1028;210;70;700;-3;-69;985;-261;-240;-303
-807828943;26;-15;1026;210;70;700;-1;-68;981;-261;-240;-303
-807272711;27;-15;1027;280;70;770;0;-75;986;-261;-231;-307
-806716497;27;-15;1027;280;70;700;0;-75;986;-267;-238;-303
-806160273;26;-14;1028;280;70;700;-1;-72;981;-267;-238;-303
-805604055;27;-14;1027;210;70;770;0;-70;977;-262;-243;-316
-805047845;27;-14;1027;210;70;770;0;-70;977;-262;-243;-316
-804491623;26;-15;1028;210;140;770;-1;-68;980;-268;-237;-297
-803935415;25;-14;1028;280;140;770;-1;-68;980;-255;-240;-313
-803379201;25;-14;1028;280;140;770;-3;-71;987;-255;-240;-313
-802822973;26;-14;1028;280;70;700;0;-71;983;-264;-240;-304
-802266755;26;-14;1027;210;140;770;0;-71;983;-264;-235;-306
-801710545;26;-15;1027;210;140;770;-4;-69;984;-264;-235;-306
-801154315;27;-14;1028;280;140;770;-4;-69;982;-273;-229;-306
-800598097;27;-14;1028;280;70;770;0;-70;982;-267;-240;-303
-800041873;27;-15;1028;280;70;770;-1;-71;976;-267;-240;-303
-799485663;26;-14;1027;280;70;770;-1;-71;976;-258;-235;-300
-798929447;26;-14;1027;280;70;770;0;-68;982;-258;-235;-300
-798373235;26;-14;1027;210;140;770;-2;-73;983;-259;-241;-301
-797817017;28;-14;1028;280;140;700;-2;-73;983;-259;-234;-303
-797260797;28;-14;1028;280;140;700;0;-71;984;-259;-234;-303
-796704587;26;-14;1028;280;70;770;0;-71;984;-271;-231;-309
-796148363;26;-15;1028;210;140;770;0;-71;981;-264;-240;-309
-795592147;27;-15;1028;210;140;770;-2;-69;983;-264;-240;-309
-795035929;26;-14;1027;210;140;700;-2;-69;983;-252;-237;-303
-794479707;26;-14;1027;280;140;770;-1;-70;985;-252;-229;-304
-793923479;26;-15;1028;280;140;770;-1;-70;981;-264;-229;-304
-793367265;26;-14;1028;280;70;770;-1;-68;981;-270;-237;-310
-792811055;26;-14;1028;280;70;770;-3;-69;987;-270;-237;-310
-792254839;26;-16;1028;210;140;770;-3;-69;987;-258;-234;-315
-791698607;26;-15;1026;210;140;770;-1;-70;982;-264;-244;-304
-791142397;26;-15;1026;210;140;770;-2;-72;985;-264;-244;-304
-790586171;26;-15;1028;280;140;770;-2;-72;985;-259;-235;-310
-790029959;27;-14;1028;280;70;770;-1;-70;978;-273;-238;-304
-789473747;27;-14;1028;280;70;770;-1;-70;978;-273;-238;-304
-788917533;27;-14;1027;210;70;770;-1;-72;983;-252;-240;-310
-788361309;27;-14;1027;280;70;770;-2;-65;981;-252;-240;-310
-787805079;26;-15;1027;280;70;770;-2;-65;981;-264;-235;-304
-787248879;27;-14;1028;350;70;700;-1;-71;986;-264;-237;-307
-786692647;27;-14;1028;350;70;770;-4;-70;984;-264;-237;-307
-786136429;27;-14;1028;210;70;770;-4;-70;984;-262;-235;-310
-785580223;26;-14;1026;210;70;700;0;-73;983;-267;-240;-307
-785023993;26;-14;1026;210;70;700;0;-73;983;-267;-240;-307
-784467773;27;-15;1028;210;70;770;0;-70;982;-262;-234;-301
-783911567;25;-13;1028;280;70;700;0;-71;985;-267;-240;-307
-783355353;25;-13;1028;280;70;700;0;-71;985;-267;-240;-307
-782799133;26;-16;1028;210;70;770;-2;-69;982;-264;-247;-309
-782242905;26;-16;1028;210;70;770;-2;-69;982;-264;-247;-309
-781686687;25;-14;1028;210;70;770;-3;-71;987;-273;-243;-316
-781130465;27;-15;1028;280;70;770;-2;-71;980;-264;-232;-306
-780574259;27;-15;1028;210;70;700;-2;-71;980;-264;-232;-306
-780018043;25;-15;1027;210;70;700;-2;-73;983;-256;-240;-319
-779461813;27;-15;1027;280;140;700;-2;-69;978;-258;-238;-309
-778905605;27;-15;1027;280;140;700;-2;-69;978;-258;-238;-309
-778349373;26;-15;1028;280;70;700;0;-73;986;-267;-246;-309
-777793163;26;-14;1029;280;70;770;0;-73;986;-267;-246;-307
-777236951;26;-14;1029;280;70;770;-3;-70;984;-268;-238;-307
-776680735;25;-15;1027;210;70;770;0;-73;979;-264;-225;-307
-776124515;25;-14;1028;280;140;770;0;-73;979;-264;-225;-307
-775568289;26;-14;1028;280;140;770;-1;-70;983;-256;-252;-309
-775012067;25;-15;1028;280;70;700;-1;-70;983;-270;-240;-310
-774455855;25;-15;1028;280;70;770;0;-71;980;-270;-240;-310
-773899643;27;-14;1028;280;70;770;-3;-70;982;-259;-232;-306
-773343415;27;-15;1027;280;70;770;-3;-70;982;-267;-240;-315
-772787205;27;-15;1027;280;70;770;-2;-69;989;-267;-240;-315
-772230973;26;-15;1028;280;70;770;-3;-72;980;-261;-241;-318
-771674773;27;-15;1028;280;70;700;-3;-72;980;-261;-241;-318
-771118547;27;-15;1028;280;70;700;-1;-71;979;-267;-235;-306
-770562337;26;-14;1028;210;140;770;-1;-71;979;-259;-237;-307
-770006121;27;-15;1027;280;140;770;-1;-71;980;-259;-237;-307
-769449897;27;-15;1027;280;140;770;-2;-69;983;-258;-240;-312
-768893685;27;-14;1028;350;70;770;-2;-69;983;-270;-232;-306
-768337463;27;-14;1028;280;70;770;-1;-72;982;-270;-232;-306
-767781249;27;-15;1028;280;70;770;-1;-72;981;-261;-229;-298
-767225031;25;-14;1028;280;70;770;0;-71;981;-261;-238;-294
-766668807;25;-14;1028;280;70;770;-1;-72;978;-259;-238;-294
-766112579;27;-14;1029;280;70;770;-1;-72;978;-259;-235;-304
-765556365;26;-15;1029;280;70;770;-1;-71;983;-259;-235;-304
-765000145;26;-15;1029;280;70;770;-1;-70;993;-259;-240;-304
-764443941;26;-15;1027;210;140;770;-1;-70;993;-265;-253;-297
-763887723;27;-14;1027;210;140;770;-2;-69;981;-265;-253;-297
-763331493;27;-14;1027;210;140;770;-2;-69;981;-264;-246;-306
-762775277;27;-14;1027;280;70;770;-1;-73;986;-268;-253;-312
-762219059;27;-14;1027;280;140;700;-1;-69;978;-268;-253;-312
-761662847;26;-15;1029;280;140;700;-1;-69;978;-268;-241;-295
-761106633;26;-14;1027;280;140;700;-1;-71;985;-268;-241;-295
-760550395;26;-14;1027;280;70;700;-1;-71;982;-262;-241;-309
-759994177;26;-15;1028;280;70;700;-3;-71;982;-255;-243;-295
-759437969;26;-15;1028;280;140;770;0;-71;981;-255;-243;-295
-758881757;26;-15;1028;280;140;770;0;-71;981;-262;-249;-304
-758325541;26;-14;1028;280;70;770;-1;-71;980;-255;-238;-307
-757769321;27;-15;1028;210;140;770;-2;-71;978;-255;-238;-307
-757213101;27;-15;1028;210;140;770;-2;-71;978;-256;-244;-298
-756656873;26;-15;1027;210;70;770;-1;-71;991;-261;-241;-298
-756100661;26;-14;1029;280;70;770;-1;-71;991;-261;-241;-298
-755544451;28;-14;1029;280;70;770;-1;-70;983;-259;-235;-301
-754988233;26;-14;1028;210;70;700;-2;-72;987;-259;-235;-301
-754432011;26;-14;1028;210;140;770;-2;-72;987;-258;-243;-303
-753875787;26;-14;1029;210;140;770;-1;-70;979;-262;-241;-306
-753319567;27;-14;1027;280;70;700;-2;-72;982;-262;-241;-306
-752763353;27;-14;1027;280;70;700;-2;-72;982;-276;-234;-300
-752207143;27;-14;1028;280;70;770;-2;-68;980;-267;-238;-298
-751650923;27;-14;1028;280;140;700;-2;-68;980;-267;-238;-298
-751094695;27;-14;1028;280;140;700;-2;-73;982;-265;-243;-306
-750538471;26;-15;1026;280;70;770;-2;-71;982;-265;-243;-306
-749982259;26;-15;1027;280;140;700;-2;-71;982;-274;-244;-298
-749426045;26;-15;1027;280;140;700;0;-73;982;-253;-231;-306
-748869823;27;-15;1028;280;140;770;0;-73;982;-253;-231;-306
-748313615;27;-15;1028;280;70;700;-4;-71;986;-256;-241;-312
-747757401;26;-15;1028;280;70;700;-1;-71;981;-262;-240;-310
-747201167;27;-14;1029;280;70;700;-1;-71;981;-262;-240;-310
-746644955;27;-14;1029;280;70;770;-2;-71;984;-261;-240;-301
-746088745;27;-14;1028;280;70;770;-1;-67;979;-261;-232;-301
-745532529;26;-13;1028;280;70;770;-1;-67;979;-265;-232;-301
-744976305;26;-13;1028;280;70;770;-2;-71;987;-264;-234;-310
-744420081;26;-15;1027;210;140;700;-2;-71;987;-264;-234;-310
-743863863;26;-14;1028;210;140;770;-2;-69;985;-255;-243;-301
-743307647;26;-14;1028;210;140;770;0;-72;980;-265;-249;-300
-742751435;27;-14;1028;280;70;700;0;-72;980;-265;-249;-300
-742195215;27;-14;1028;210;140;770;-1;-71;981;-259;-249;-310
-741638991;27;-15;1028;210;140;770;-1;-71;981;-262;-234;-300
-741082769;26;-14;1028;210;140;770;-2;-71;983;-262;-234;-300
-740526563;26;-14;1028;210;140;770;-2;-72;986;-256;-235;-310
-739970349;26;-15;1027;280;140;770;-2;-72;986;-256;-235;-310
-739414115;27;-13;1028;280;140;770;-2;-71;979;-268;-246;-304
-738857907;27;-13;1028;280;140;770;-2;-71;986;-256;-246;-300
-738301679;26;-14;1028;280;140;770;-2;-71;986;-256;-246;-300
-737745465;26;-14;1029;280;140;770;-1;-67;979;-270;-240;-310
-737189255;26;-14;1029;280;140;770;-1;-67;979;-265;-240;-313
-736633039;26;-14;1028;280;140;700;-1;-70;986;-265;-240;-313
-736076809;26;-14;1028;210;140;700;-3;-70;985;-259;-252;-307
-735520597;27;-14;1028;210;140;700;-3;-70;985;-256;-240;-306
-734964387;26;-14;1028;280;140;700;-1;-71;980;-256;-240;-306
-734408159;26;-14;1028;280;70;770;-1;-71;986;-253;-234;-303
-733851947;27;-15;1028;280;70;770;-1;-70;986;-253;-234;-303
-733295731;26;-15;1028;280;70;770;0;-73;982;-252;-238;-303
-732739509;26;-15;1028;280;70;770;0;-73;982;-262;-238;-304
-732183281;26;-15;1028;280;70;770;-2;-71;984;-262;-238;-304
-731627069;26;-14;1027;280;140;770;-1;-71;985;-258;-240;-312
-731070857;26;-14;1027;280;140;770;-1;-71;985;-264;-246;-294
-730514641;27;-15;1028;280;70;700;-1;-71;980;-264;-246;-294
-729958411;27;-15;1028;280;70;700;-1;-71;980;-259;-232;-295
-729402201;27;-15;1028;280;70;700;-2;-70;983;-259;-232;-303
-728845973;27;-15;1028;280;70;770;-1;-69;982;-261;-247;-303
-728289759;27;-15;1028;210;70;770;-1;-69;982;-262;-235;-304
-727733553;27;-14;1026;210;70;770;-2;-71;985;-262;-235;-304
-727177333;26;-15;1027;210;70;770;-2;-71;980;-262;-241;-298
-726621105;26;-15;1027;210;70;770;-2;-72;980;-259;-235;-294
-726064879;27;-15;1028;210;140;770;-1;-72;977;-259;-235;-294
-725508679;27;-15;1028;280;70;770;-1;-72;977;-265;-240;-295
-724952449;27;-15;1028;280;70;770;-3;-71;982;-262;-238;-304
-724396231;27;-14;1029;280;70;700;-1;-72;982;-262;-238;-304
-723840023;26;-14;1028;280;140;770;-1;-72;982;-258;-235;-303
-723283805;26;-14;1028;280;140;770;-2;-72;989;-258;-235;-303
-722727573;27;-15;1029;280;70;770;-2;-72;989;-261;-228;-300
-722171359;27;-15;1029;210;0;700;-2;-71;977;-261;-229;-300
-721615155;26;-14;1028;210;0;700;-1;-73;987;-261;-229;-300
-721058935;27;-14;1027;280;70;770;-1;-73;987;-259;-240;-303
-720502717;27;-14;1027;280;70;770;0;-70;978;-256;-247;-294
-719946489;26;-14;1027;280;70;770;-3;-70;982;-256;-247;-294
-719390267;25;-14;1028;280;70;770;-3;-70;982;-270;-246;-300
-718834055;25;-14;1028;280;70;770;-2;-68;980;-270;-243;-297
-718277845;26;-14;1028;210;70;770;-2;-68;980;-261;-243;-297
-717721613;26;-14;1027;210;140;700;-1;-72;980;-265;-241;-304
-717165395;26;-14;1027;210;140;700;-3;-72;981;-265;-241;-304
-716609173;26;-14;1028;280;140;700;-3;-72;981;-264;-235;-301
-716052963;26;-14;1027;280;70;770;0;-71;982;-273;-243;-303
-715496747;25;-14;1027;280;70;770;0;-71;982;-273;-243;-303
-714940537;25;-15;1027;280;70;770;-2;-69;981;-262;-232;-307
-714384319;25;-15;1027;280;70;770;0;-70;989;-259;-246;-298
-713828091;25;-15;1029;280;70;770;0;-70;989;-259;-246;-298
-713271869;26;-15;1026;280;70;700;-2;-73;983;-267;-249;-301
-712715663;26;-15;1026;280;70;700;-1;-70;980;-267;-249;-301
-712159449;26;-15;1028;280;70;770;-1;-70;980;-265;-237;-297
-711603231;26;-14;1028;210;140;770;0;-71;979;-258;-240;-315
-711047005;26;-14;1028;210;140;770;0;-71;979;-258;-240;-315
-710490777;27;-14;1027;210;70;700;-2;-70;980;-268;-243;-303
-709934559;26;-15;1027;210;70;700;0;-70;977;-259;-238;-303
-709378355;26;-15;1027;210;70;700;0;-70;977;-259;-238;-303
-708822127;26;-15;1027;210;140;770;-2;-68;982;-267;-240;-300
-708265923;26;-15;1027;280;70;770;-2;-68;982;-267;-240;-291
-707709693;27;-15;1028;280;70;770;-3;-73;983;-256;-240;-291
-707153477;27;-14;1028;210;70;770;0;-71;978;-273;-238;-307
-706597259;27;-14;1028;210;70;770;0;-71;978;-273;-238;-307
-706041047;27;-15;1028;210;140;770;-1;-70;984;-264;-231;-307
-705484833;26;-15;1028;280;70;700;-2;-70;980;-259;-246;-301
-704928603;26;-15;1028;280;70;700;-2;-70;980;-259;-246;-301
-704372377;27;-14;1028;280;70;770;-1;-71;986;-270;-247;-312
-703816169;26;-14;1028;280;70;770;-1;-71;986;-268;-241;-303
-703259951;26;-14;1028;280;70;770;0;-70;976;-268;-241;-303
-702703739;26;-15;1027;280;70;770;-2;-73;981;-264;-232;-315
-702147511;26;-15;1027;280;70;700;-2;-73;981;-264;-232;-315
-701591303;26;-14;1028;280;70;700;-1;-69;978;-252;-241;-300
-701035089;27;-14;1028;280;70;700;-1;-69;981;-252;-241;-304
-700478867;27;-14;1028;280;70;770;0;-73;981;-252;-241;-304
-699922651;26;-14;1028;280;70;770;-4;-70;987;-256;-244;-304
-699366435;27;-14;1028;210;70;770;-4;-70;987;-258;-234;-312
-698810211;27;-14;1028;210;70;770;0;-73;981;-258;-234;-312
-698253989;27;-14;1027;280;70;700;-2;-70;980;-261;-247;-297
-697697767;26;-14;1028;280;70;770;-2;-70;980;-261;-238;-309
-697141559;26;-14;1028;280;70;770;0;-69;985;-259;-238;-309
-696585343;26;-15;1027;280;70;770;0;-69;985;-271;-235;-304
-696029123;26;-15;1027;280;70;770;-2;-69;977;-271;-235;-304
-695472901;26;-14;1027;280;70;770;0;-68;987;-267;-244;-310
-694916673;27;-15;1027;280;140;770;0;-68;987;-262;-238;-303
-694360459;27;-15;1027;210;140;770;-1;-71;978;-262;-238;-303
-693804253;26;-14;1027;210;140;770;-1;-71;982;-259;-243;-306
-693248023;27;-16;1026;210;70;770;-2;-75;982;-271;-240;-306
-692691807;27;-16;1026;210;70;770;0;-69;981;-271;-240;-306
-692135601;27;-15;1028;280;70;770;0;-69;981;-255;-235;-303
-691579371;26;-16;1028;280;140;700;-1;-71;984;-255;-235;-303
-691023155;26;-16;1028;280;140;700;-3;-68;987;-256;-237;-307
-690466945;27;-15;1028;280;140;770;-3;-68;987;-258;-250;-306
-689910729;27;-15;1027;280;140;700;-3;-69;980;-258;-250;-306
-689354505;27;-15;1027;280;140;700;-3;-69;980;-267;-237;-295
-688798293;28;-14;1026;280;140;770;-1;-69;983;-267;-243;-313
-688242063;28;-14;1026;280;140;700;0;-70;978;-267;-243;-313
-687685847;26;-16;1027;280;140;700;0;-70;978;-265;-240;-304
-687129635;26;-15;1028;280;70;700;-1;-70;983;-265;-246;-319
-686573415;26;-15;1028;280;70;700;0;-69;984;-264;-246;-319
-686017191;26;-14;1028;280;70;770;0;-69;984;-265;-238;-304
-685460969;26;-15;1027;210;70;770;-1;-71;984;-265;-238;-304
-684904763;26;-15;1027;210;70;770;-1;-71;984;-262;-235;-312
-684348549;26;-14;1027;210;70;770;-3;-71;984;-267;-240;-316
-683792331;27;-15;1027;280;70;700;-1;-71;985;-267;-240;-316
-683236107;27;-15;1027;280;70;700;-1;-71;985;-265;-237;-310
-682679881;27;-14;1027;280;70;770;0;-72;984;-264;-244;-309
-682123659;27;-14;1027;280;140;770;0;-72;984;-264;-244;-309
-681567455;27;-15;1027;280;140;770;-1;-69;982;-265;-240;-306
-681011239;26;-14;1028;210;70;700;0;-71;982;-265;-240;-306
-680455007;26;-14;1028;210;70;770;0;-71;982;-270;-249;-309
-679898793;27;-14;1027;280;70;770;-3;-68;985;-268;-240;-321
-679342577;26;-15;1028;280;140;770;0;-71;983;-268;-240;-321
-678786359;26;-15;1028;280;140;770;0;-71;983;-262;-231;-310
-678230147;26;-14;1029;280;70;770;-3;-71;980;-270;-237;-307
-677673919;26;-15;1027;280;140;770;-3;-71;980;-270;-237;-307
-677117701;26;-15;1027;280;140;770;-1;-71;982;-268;-244;-304
-676561479;26;-14;1028;210;70;700;-1;-73;979;-265;-243;-321
-676005277;26;-14;1027;210;70;770;-1;-73;979;-265;-243;-321
-675449057;26;-14;1027;210;70;770;-1;-69;988;-261;-240;-306
-674892841;26;-14;1028;210;70;700;-1;-69;988;-261;-240;-306
-674336625;26;-14;1028;280;70;700;-1;-65;981;-265;-234;-309
-673780401;27;-14;1028;280;70;700;-2;-72;987;-265;-240;-309
-673224189;26;-15;1028;210;70;770;-2;-72;987;-265;-240;-309
-672667967;26;-15;1028;210;70;770;-3;-69;983;-267;-237;-307
-672111749;27;-15;1027;210;140;770;-2;-71;978;-273;-238;-312
-671555535;27;-14;1027;280;70;770;-2;-71;978;-273;-238;-312
-670999305;27;-14;1027;280;70;770;-4;-70;979;-258;-244;-309
-670443081;26;-15;1028;280;70;770;-4;-70;979;-258;-244;-313
-669886879;27;-14;1028;210;70;770;-2;-71;984;-265;-237;-313
-669330659;27;-14;1028;210;70;770;0;-71;978;-270;-244;-303
-668774445;26;-14;1028;280;70;770;0;-71;978;-270;-244;-303
-668218223;26;-14;1028;280;70;770;0;-69;982;-268;-249;-316
-667662011;27;-14;1027;280;70;770;0;-69;985;-265;-252;-310
-667105773;26;-15;1027;280;70;770;0;-68;985;-265;-252;-310
-666549561;26;-15;1027;280;70;770;-2;-70;981;-265;-235;-322
-665993355;26;-15;1027;280;70;770;-2;-70;981;-273;-240;-310
-665437137;27;-15;1027;350;140;770;-1;-69;987;-273;-240;-310
-664880917;27;-15;1027;350;140;770;-2;-70;979;-259;-240;-318
-664324703;27;-14;1027;280;140;770;-2;-70;979;-259;-240;-318
-663768465;26;-15;1029;210;70;770;-3;-72;987;-264;-240;-312
-663212255;26;-15;1029;210;70;770;-3;-72;987;-262;-237;-318
-662656045;26;-14;1027;280;70;770;-1;-69;980;-262;-237;-318
-662099829;26;-14;1027;280;140;700;0;-73;987;-255;-235;-315
-661543605;27;-15;1028;280;140;700;0;-73;987;-273;-249;-310
-660987373;27;-15;1027;280;140;770;-2;-68;984;-273;-249;-310
-660431163;27;-15;1027;280;70;700;-2;-72;984;-265;-234;-313
-659874955;26;-14;1026;210;70;700;0;-72;984;-259;-235;-318
-659318737;27;-15;1027;280;70;700;-3;-70;983;-259;-235;-318
-658762509;27;-15;1027;280;70;700;-3;-70;983;-264;-243;-300
-658206289;26;-15;1027;280;70;770;-2;-71;988;-264;-243;-300
-657650067;26;-15;1027;280;70;700;-2;-71;979;-264;-240;-324
-657093855;26;-15;1027;280;70;700;-2;-71;979;-274;-241;-300
-656537649;26;-14;1027;280;140;770;-2;-73;986;-274;-241;-300
-655981431;26;-14;1027;210;140;700;-2;-73;986;-273;-246;-310
-655425207;27;-15;1027;210;140;700;-2;-68;976;-259;-247;-306
-654868977;26;-15;1028;280;70;770;-2;-71;982;-259;-247;-306
-654312773;26;-15;1028;280;70;770;-2;-71;982;-256;-249;-315
-653756555;27;-14;1027;280;70;770;-3;-67;981;-256;-249;-304
-653200341;27;-16;1029;280;140;770;-1;-70;987;-270;-244;-304
-652644119;27;-16;1029;280;140;770;-1;-70;987;-262;-240;-309
-652087905;26;-14;1029;280;70;700;-2;-68;984;-262;-240;-309
-651531677;26;-15;1028;210;70;700;-2;-68;984;-270;-237;-310
-650975459;26;-15;1028;210;70;700;-3;-73;981;-267;-244;-312
-650419247;26;-14;1028;210;140;770;-2;-71;978;-267;-244;-312
-649863019;27;-16;1027;280;70;770;-2;-71;978;-267;-225;-301
-649306809;27;-16;1027;280;70;770;-1;-73;982;-268;-243;-315
-648750597;26;-14;1028;280;70;770;-1;-73;982;-268;-243;-315
-648194369;26;-14;1028;280;70;700;-1;-71;982;-262;-246;-307
-647638157;27;-14;1027;280;70;700;-2;-70;988;-262;-246;-307
-647081943;26;-16;1027;280;70;770;-2;-70;988;-261;-238;-310
-646525695;26;-16;1027;280;70;770;-2;-69;983;-264;-246;-303
-645969501;28;-14;1027;280;70;770;-4;-71;987;-264;-246;-303
-645413289;26;-14;1028;280;70;770;-4;-71;987;-270;-244;-310
-644857067;26;-14;1028;280;70;770;-1;-71;980;-271;-240;-301
-644300853;26;-14;1027;280;70;770;-1;-71;980;-271;-240;-301
-643744621;27;-14;1027;210;140;770;0;-72;978;-274;-246;-315
-643188405;27;-14;1027;210;140;770;-1;-71;981;-274;-246;-307
-642632201;25;-14;1027;210;70;770;-1;-71;981;-264;-241;-307
-642075979;25;-14;1027;280;70;770;-1;-71;978;-267;-238;-307
-641519759;27;-14;1028;280;70;770;-1;-71;978;-267;-238;-307
-640963543;26;-15;1027;210;140;700;-2;-70;984;-267;-235;-298
-640407325;26;-15;1027;210;70;770;-4;-69;988;-271;-241;-303
-639851089;25;-14;1026;280;70;770;-4;-69;988;-271;-241;-303
-639294889;26;-14;1028;280;70;770;-1;-73;981;-267;-243;-313
-638738669;26;-14;1028;280;70;770;0;-70;983;-262;-253;-307
-638182451;27;-14;1027;280;140;770;0;-70;983;-262;-253;-307
-637626235;27;-14;1028;210;70;700;0;-71;976;-264;-243;-304
-637070005;27;-14;1028;210;70;700;0;-71;976;-264;-243;-304
-636513781;27;-15;1028;210;70;770;-1;-68;984;-265;-250;-310
-635957571;27;-15;1029;280;70;770;-1;-69;982;-265;-244;-310
-635401351;27;-14;1029;280;70;770;-1;-69;982;-265;-244;-310
-634845145;27;-15;1028;210;70;770;-2;-72;982;-270;-241;-301
-634288929;27;-15;1028;210;70;770;-2;-72;978;-265;-246;-321
-633732691;26;-15;1027;210;70;770;-2;-71;978;-265;-246;-321
-633176477;26;-15;1027;210;70;700;-2;-73;981;-265;-243;-304
-632620263;26;-15;1027;210;70;700;-2;-73;981;-265;-234;-309
-632064055;26;-15;1028;210;140;700;-3;-68;983;-271;-234;-309
-631507837;26;-15;1027;210;70;700;-1;-70;988;-268;-234;-307
-630951609;26;-15;1027;210;70;700;-1;-70;988;-268;-234;-307
-630395403;25;-14;1027;280;70;770;-4;-68;982;-259;-243;-303
-629839167;25;-15;1027;280;140;770;-4;-68;982;-258;-241;-307
-629282963;27;-15;1027;280;140;770;-2;-68;987;-258;-241;-307
-628726749;26;-14;1028;280;140;770;0;-70;980;-274;-244;-310
-628170531;26;-14;1028;280;140;770;0;-70;980;-270;-240;-303
-627614309;27;-14;1027;280;140;770;-2;-72;980;-270;-240;-303
-627058077;26;-15;1027;280;140;700;-2;-69;980;-270;-240;-312
-626501873;26;-15;1027;280;140;700;-1;-69;980;-270;-240;-312
-625945647;27;-15;1026;280;140;770;-1;-72;977;-264;-232;-307
-625389437;26;-14;1027;280;70;700;-1;-72;977;-270;-234;-304
-624833207;26;-14;1027;280;70;700;-2;-70;986;-270;-234;-304
-624276993;25;-14;1027;280;70;770;-1;-68;981;-274;-243;-300
-623720771;26;-14;1027;280;70;700;-1;-68;981;-262;-231;-313
-623164565;26;-14;1027;280;70;700;-3;-71;986;-262;-231;-313
-622608351;25;-15;1028;280;70;700;-3;-71;986;-267;-246;-303
-622052131;25;-15;1028;280;70;700;-3;-71;983;-264;-253;-309
-621495909;26;-15;1028;280;70;700;0;-72;978;-264;-253;-309
-620939677;26;-15;1027;210;70;770;0;-72;978;-270;-237;-298
-620383477;26;-15;1027;210;70;770;-2;-71;983;-270;-237;-298
-619827257;27;-15;1027;280;140;770;-1;-71;978;-273;-235;-310
-619271041;27;-14;1028;210;70;770;-1;-71;978;-264;-243;-307
-618714823;27;-14;1028;210;70;770;-4;-70;983;-264;-243;-307
-618158593;27;-15;1027;210;70;770;-4;-70;983;-255;-240;-300
-617602391;26;-13;1029;210;70;700;-1;-71;990;-267;-244;-303
-617046167;26;-13;1029;210;70;700;-1;-70;978;-267;-244;-303
-616489953;26;-13;1027;280;70;700;-1;-70;978;-262;-244;-315
-615933735;26;-13;1026;280;70;700;-2;-71;989;-262;-244;-307
-615377509;27;-14;1026;280;70;700;-2;-71;989;-267;-244;-307
-614821281;28;-14;1027;280;70;770;-1;-70;978;-264;-244;-309
-614265079;28;-14;1027;210;140;770;-1;-74;982;-264;-244;-309
-613708853;26;-14;1027;210;140;770;-1;-74;982;-265;-241;-292
-613152645;27;-15;1028;210;140;770;-1;-70;978;-271;-246;-310
-612596427;27;-15;1028;210;140;770;0;-70;981;-271;-246;-310
-612040203;27;-15;1027;280;140;770;0;-70;981;-262;-247;-307
-611483973;26;-15;1028;280;70;770;-1;-69;984;-264;-238;-306
-610927763;26;-15;1028;280;70;770;-1;-69;984;-264;-238;-306
-610371553;26;-14;1028;280;70;770;-3;-70;986;-261;-250;-309
-609815323;26;-14;1027;280;70;770;-2;-70;981;-261;-250;-309
-609259113;26;-14;1027;280;70;770;-2;-70;981;-267;-238;-304
-608702881;26;-15;1028;210;70;700;-3;-70;983;-259;-237;-304
-608146673;26;-15;1028;210;70;770;-3;-70;983;-259;-237;-304
-607590455;26;-15;1027;210;70;770;0;-69;983;-268;-246;-307
-607034245;27;-14;1027;210;140;770;-2;-71;976;-259;-241;-304
-606478029;27;-14;1027;210;140;770;-2;-71;976;-259;-241;-304
-605921809;27;-14;1028;210;70;770;0;-70;986;-259;-249;-310
-605365593;26;-14;1028;280;70;770;0;-69;980;-259;-243;-300
-604809363;26;-14;1028;280;70;770;0;-69;980;-280;-243;-300
-604253155;27;-14;1026;280;140;700;-2;-72;988;-264;-243;-309
-603696921;26;-15;1027;280;140;700;-2;-72;988;-264;-243;-309
-603140709;26;-15;1027;280;140;700;-2;-68;981;-259;-237;-309
-602584505;26;-15;1028;280;70;770;-3;-72;987;-264;-240;-297
-602028267;26;-15;1028;280;70;770;-3;-72;987;-264;-240;-297
-601472063;26;-15;1028;280;70;770;-3;-69;983;-256;-246;-306
-600915849;26;-15;1027;280;140;770;-3;-69;978;-267;-238;-300
-600359629;26;-15;1027;280;140;770;0;-73;978;-267;-238;-300
-599803407;27;-14;1026;280;140;770;-2;-69;980;-267;-247;-310
-599247179;26;-14;1028;280;140;770;-2;-69;980;-267;-247;-310
-598690967;26;-14;1028;280;140;770;-2;-69;983;-259;-226;-304
-598134757;26;-14;1028;280;140;770;-2;-71;979;-267;-231;-304
-597578527;26;-15;1027;280;70;770;-2;-71;979;-267;-231;-304
-597022309;26;-15;1027;280;70;770;-3;-70;990;-265;-240;-306
-596466093;26;-14;1027;280;140;700;-3;-70;990;-262;-244;-313
-595909869;26;-14;1029;280;70;700;-2;-69;980;-262;-244;-313
-595353659;27;-15;1029;280;70;700;-1;-72;989;-268;-238;-307
-594797447;27;-15;1027;280;70;770;-1;-72;989;-270;-246;-309
-594241233;27;-15;1027;210;140;770;0;-72;980;-270;-246;-309
-593685001;26;-15;1027;210;140;770;0;-71;980;-265;-240;-300
-593128799;26;-14;1028;210;70;770;0;-71;980;-265;-240;-300
-592572577;26;-14;1028;210;70;770;-1;-68;979;-268;-238;-306
-592016357;26;-15;1028;210;140;770;-1;-68;979;-274;-244;-310
-591460141;26;-15;1027;280;140;770;-1;-69;984;-274;-244;-310
-590903919;26;-15;1027;280;140;770;-1;-71;984;-265;-240;-309
-590347693;26;-14;1027;280;140;770;-1;-71;984;-268;-247;-292
-589791477;26;-15;1027;210;70;700;-5;-71;983;-268;-247;-292
-589235267;27;-15;1027;210;70;700;-5;-71;983;-261;-237;-307
-588679053;26;-15;1028;280;70;770;0;-71;980;-261;-237;-301
-588122833;26;-15;1028;280;70;770;-2;-70;980;-267;-232;-301
-587566611;26;-14;1028;280;70;770;-2;-70;980;-265;-240;-304
-587010389;27;-14;1026;280;70;770;0;-70;978;-265;-240;-304
-586454179;27;-14;1026;280;70;770;-1;-68;980;-264;-244;-307
-585897959;26;-14;1028;280;70;770;-1;-68;980;-271;-243;-307
-585341743;27;-15;1027;280;70;770;-1;-69;983;-271;-243;-307
-584785523;27;-15;1027;280;70;770;-1;-69;983;-265;-244;-303
-584229297;26;-15;1029;280;70;770;-2;-72;979;-265;-244;-310
-583673075;27;-15;1027;280;70;770;-1;-71;985;-265;-244;-310
-583116863;27;-15;1027;280;70;770;-1;-71;985;-265;-234;-297
-582560653;26;-16;1027;280;140;770;-3;-72;979;-265;-234;-297
-582004435;26;-16;1027;280;140;770;-3;-72;979;-265;-244;-309
-581448213;26;-16;1027;280;140;770;0;-68;983;-262;-244;-312
-580891985;26;-16;1027;280;70;700;-3;-69;986;-262;-244;-312
-580335773;26;-16;1027;280;70;770;-3;-69;986;-273;-243;-304
-579779555;26;-15;1028;280;140;770;-1;-69;979;-261;-237;-307
-579223345;27;-14;1027;280;70;770;-2;-67;987;-261;-237;-307
-578667129;27;-14;1027;280;70;770;-2;-67;987;-279;-246;-310
-578110891;26;-15;1029;280;70;770;0;-70;984;-279;-246;-303
-577554693;26;-15;1027;210;140;700;0;-70;984;-268;-243;-303
-576998471;26;-15;1027;210;140;700;-3;-72;978;-264;-244;-303
-576442253;27;-16;1028;280;70;700;-1;-71;984;-264;-244;-303
-575886039;27;-16;1028;280;140;770;-1;-71;984;-262;-232;-309
-575329809;26;-14;1026;280;140;770;-2;-70;978;-265;-244;-307
-574773605;28;-14;1029;210;140;770;-2;-70;986;-265;-244;-307
-574217367;28;-14;1029;210;140;770;-2;-71;986;-262;-244;-306
-573661163;26;-14;1028;210;140;770;-2;-68;980;-265;-240;-321
-573104949;27;-15;1028;280;70;770;-2;-68;980;-265;-240;-321
-572548731;27;-15;1028;280;70;770;-1;-72;988;-256;-249;-307
-571992515;26;-14;1028;280;70;700;-2;-70;984;-256;-249;-307
-571436277;25;-15;1028;210;70;770;-2;-70;984;-270;-241;-310
-570880063;25;-15;1028;210;70;770;-2;-72;980;-270;-235;-307
-570323857;27;-14;1028;210;140;700;-2;-72;980;-270;-235;-307
-569767639;27;-13;1028;280;70;700;-2;-70;980;-267;-240;-306
-569211409;25;-13;1028;280;70;700;0;-73;977;-271;-244;-298
-568655185;26;-14;1027;210;70;700;0;-73;977;-271;-244;-298
-568098987;26;-14;1027;210;70;700;-2;-70;979;-273;-252;-309
-567542755;26;-14;1028;210;70;700;-2;-70;992;-261;-234;-307
-566986537;27;-15;1028;280;140;700;-1;-70;992;-261;-234;-307
-566430329;27;-15;1028;280;140;700;-2;-71;979;-279;-243;-309
-565874111;26;-15;1028;210;140;700;-2;-71;979;-279;-243;-309
-565317881;25;-15;1027;210;140;770;-1;-71;984;-262;-243;-295
-564761675;25;-15;1027;210;140;770;-3;-69;976;-268;-240;-301
-564205443;27;-15;1027;280;70;770;-3;-69;976;-268;-240;-301
-563649241;26;-14;1028;280;70;770;-1;-73;983;-264;-234;-306
-563093019;26;-14;1028;280;70;770;-1;-73;983;-271;-243;-307
-562536793;27;-14;1028;280;70;700;-2;-69;981;-271;-243;-307
-561980585;27;-14;1028;210;140;700;0;-74;984;-261;-244;-319
-561424367;27;-14;1028;210;140;700;0;-74;984;-261;-244;-300
-560868153;27;-14;1027;280;140;770;-3;-69;980;-267;-240;-300
-560311921;27;-14;1027;280;140;770;-1;-72;984;-256;-240;-313
-559755709;26;-15;1028;280;70;770;-1;-72;984;-256;-240;-313
-559199481;25;-15;1028;210;70;770;0;-71;981;-256;-241;-300
-558643279;25;-15;1028;210;70;770;0;-71;981;-268;-240;-312
-558087053;26;-15;1028;210;140;770;-1;-69;983;-268;-240;-312
-557530831;27;-14;1028;280;140;770;-2;-68;978;-268;-237;-304
-556974625;27;-14;1028;280;140;770;-2;-68;978;-258;-240;-304
-556418399;26;-15;1027;280;70;770;0;-67;984;-258;-240;-304
-555862191;26;-15;1027;210;70;700;0;-67;984;-264;-237;-307
-555305969;26;-14;1028;210;70;700;-2;-67;983;-264;-237;-307
-554749753;26;-15;1028;210;70;700;-1;-71;985;-261;-234;-316
-554193535;26;-15;1028;210;70;770;-1;-71;985;-264;-238;-304
-553637313;26;-14;1028;280;70;770;-2;-71;986;-264;-238;-304
-553081103;26;-14;1027;280;70;770;-1;-71;982;-265;-240;-310
-552524873;26;-14;1027;280;70;770;-1;-71;982;-270;-235;-303
-551968655;27;-14;1027;280;70;770;0;-71;982;-270;-235;-303
-551412443;26;-14;1027;280;70;700;0;-71;982;-268;-237;-306
-550856225;26;-14;1027;280;70;700;0;-69;982;-268;-238;-294
-550300005;26;-14;1028;210;70;700;0;-71;983;-270;-238;-294
-549743795;26;-14;1028;210;70;770;0;-71;983;-259;-228;-313
-549187571;26;-15;1028;210;70;770;-2;-68;985;-259;-228;-313
-548631355;26;-15;1028;280;140;770;-2;-68;985;-261;-235;-309
-548075125;26;-15;1028;210;70;700;-3;-71;987;-271;-235;-297
-547518909;26;-15;1027;210;70;700;-4;-72;979;-271;-235;-297
-546962705;26;-15;1028;280;140;700;-4;-72;979;-256;-234;-307
-546406467;26;-15;1028;280;140;700;-3;-70;987;-268;-240;-303
-545850263;25;-16;1029;280;140;770;-4;-71;978;-268;-240;-303
-545294047;26;-15;1027;280;70;770;-4;-71;978;-259;-228;-303
-544737815;26;-15;1027;280;70;770;-3;-71;985;-259;-228;-303
-544181593;26;-15;1026;280;70;770;-3;-71;985;-265;-234;-304
-543625385;26;-15;1027;280;140;700;-1;-68;977;-270;-222;-306
-543069167;26;-15;1027;280;140;700;-1;-72;985;-270;-222;-306
-542512957;27;-13;1027;280;140;770;-1;-72;985;-270;-240;-300
-541956741;27;-13;1027;280;70;770;-3;-70;983;-261;-241;-303
-541400517;26;-14;1029;280;70;770;-3;-70;982;-261;-241;-303
-540844293;26;-15;1027;280;70;770;0;-72;982;-268;-241;-307
-540288087;26;-15;1027;280;70;700;-2;-69;982;-268;-238;-303
-539731855;26;-14;1027;280;140;700;-2;-69;982;-268;-238;-303
-539175637;26;-14;1027;210;140;770;-3;-69;983;-273;-234;-310
-538619431;26;-14;1027;210;140;770;-2;-72;976;-273;-234;-310
-538063195;27;-15;1029;280;140;700;-2;-72;976;-265;-234;-301
-537506981;26;-15;1029;280;70;700;-3;-68;983;-258;-243;-304
-536950767;26;-15;1029;280;70;700;-3;-68;983;-258;-243;-304
-536394561;27;-15;1027;280;70;770;-1;-70;980;-267;-237;-313
-535838341;27;-15;1027;280;140;700;-2;-70;977;-264;-237;-307
-535282113;26;-15;1027;280;140;700;-2;-70;977;-264;-237;-307
-534725893;25;-14;1027;280;70;700;0;-68;985;-258;-232;-304
-534169687;25;-14;1027;280;70;700;0;-69;979;-258;-231;-307
-533613461;26;-15;1028;280;70;700;-1;-69;979;-267;-231;-307
-533057253;27;-15;1026;280;140;770;-2;-72;986;-264;-232;-300
-532501033;27;-15;1026;280;140;770;-2;-72;986;-264;-232;-300
-531944803;27;-14;1027;280;70;770;-3;-68;984;-265;-238;-297
-531388581;27;-14;1028;280;70;770;-1;-71;986;-264;-249;-309
-530832371;27;-14;1028;280;70;770;-1;-71;986;-264;-249;-309
-530276159;27;-15;1028;280;70;770;-2;-68;981;-271;-241;-300
-529719943;27;-15;1027;210;140;770;-2;-68;981;-255;-247;-297
-529163723;26;-15;1027;210;140;770;-1;-71;980;-255;-247;-297
-528607497;27;-16;1028;280;70;700;0;-70;977;-264;-246;-298
-528051275;27;-16;1028;280;70;700;0;-70;977;-264;-246;-298
-527495063;25;-14;1028;280;70;700;-1;-70;987;-262;-241;-300
-526938853;27;-13;1028;280;70;700;-4;-71;981;-267;-252;-300
-526382623;27;-13;1028;280;70;700;-4;-71;981;-267;-252;-300
-525826413;26;-15;1027;280;70;770;-3;-73;986;-268;-237;-294
-525270181;26;-15;1026;280;70;770;-3;-73;986;-259;-249;-295
-524713979;26;-15;1026;280;70;770;-3;-69;985;-259;-249;-295
-524157755;26;-14;1028;280;70;770;-3;-73;980;-261;-243;-294
-523601545;26;-14;1028;280;70;770;-3;-73;980;-261;-243;-297
-523045327;26;-14;1028;280;70;770;-2;-72;984;-268;-243;-297
-522489099;26;-15;1028;210;70;770;-2;-72;984;-252;-231;-301
-521932883;26;-15;1028;280;70;700;-1;-70;976;-252;-231;-301
-521376665;26;-15;1027;280;70;700;0;-73;984;-262;-243;-301
-520820455;26;-14;1027;280;70;770;0;-73;984;-259;-247;-295
-520264225;26;-14;1027;280;70;770;-2;-67;978;-259;-247;-295
-519708009;26;-14;1028;210;70;770;0;-70;979;-258;-240;-289
-519151785;26;-15;1026;280;140;700;0;-70;979;-261;-247;-309
-518595567;26;-15;1026;280;140;700;-3;-69;984;-261;-247;-309
-518039355;26;-14;1027;210;140;700;-3;-69;984;-261;-241;-304
-517483149;26;-15;1028;210;70;770;-3;-71;985;-261;-241;-304
-516926929;26;-15;1028;210;70;770;-3;-68;980;-267;-241;-292
-516370715;27;-14;1027;210;70;770;-3;-68;980;-264;-241;-300
-515814477;27;-14;1027;210;70;700;-2;-70;984;-264;-241;-300
-515258267;26;-15;1029;210;70;700;-2;-70;984;-262;-238;-303
-514702057;27;-14;1027;280;70;770;0;-70;980;-264;-238;-294
-514145839;27;-14;1027;280;70;770;-1;-71;976;-264;-238;-294
-513589609;26;-14;1029;280;70;770;-1;-71;976;-267;-244;-306
-513033385;26;-14;1026;210;70;700;0;-67;983;-267;-237;-301
-512477175;26;-14;1026;210;70;700;-2;-70;984;-258;-237;-301
-511920955;26;-15;1027;210;140;770;-2;-70;984;-258;-231;-306
-511364749;27;-15;1026;280;70;770;-3;-71;987;-258;-231;-306
-510808519;27;-15;1026;280;70;770;-3;-71;987;-262;-240;-294
-510252309;27;-14;1027;210;70;770;-2;-70;982;-259;-238;-303
-509696081;27;-14;1027;210;70;770;-2;-70;984;-259;-238;-303
-509139867;26;-15;1027;210;70;770;-2;-70;984;-264;-244;-298
-508583661;26;-16;1027;280;70;770;0;-71;984;-261;-234;-300
-508027429;26;-16;1027;280;70;770;0;-71;982;-261;-234;-300
-507471219;26;-15;1028;280;70;770;-1;-69;982;-268;-240;-298
-506914993;26;-15;1027;210;70;770;-3;-70;987;-268;-240;-298
-506358787;26;-15;1027;210;70;770;-3;-70;987;-261;-243;-300
-505802567;26;-15;1028;210;140;770;-2;-71;984;-256;-240;-300
-505246353;26;-14;1028;280;70;770;-1;-71;983;-256;-240;-300
-504690131;26;-14;1028;280;70;770;-1;-71;983;-259;-240;-300
-504133903;27;-14;1027;280;70;770;-1;-72;979;-270;-243;-298
