-1670047675;26;-15;1027;280;70;770;-1;-69;983;-261;-226;-297
-1669491437;27;-14;1029;280;70;770;0;-71;975;-261;-226;-297
-1668935223;27;-14;1029;280;140;770;0;-71;975;-268;-238;-298
-1668379017;27;-14;1026;210;140;770;0;-71;982;-268;-234;-303
-1667822799;26;-15;1026;210;140;770;0;-71;982;-259;-234;-303
-1667266569;26;-15;1026;210;140;770;-2;-68;979;-270;-228;-298
-1666710353;26;-14;1028;280;70;700;-2;-72;986;-270;-228;-298
-1666154131;27;-14;1028;280;70;700;-2;-72;986;-261;-225;-297
-1665597919;27;-14;1028;280;70;700;-2;-68;983;-258;-237;-292
-1665041709;26;-13;1027;210;140;770;-2;-68;983;-258;-237;-292
-1664485493;26;-13;1027;280;70;770;0;-73;983;-261;-229;-304
-1663929271;27;-15;1027;280;70;770;-2;-69;981;-265;-241;-295
-1663373041;26;-14;1028;350;70;700;-2;-69;981;-265;-241;-295
-1662816837;26;-14;1028;280;70;770;-1;-72;983;-253;-238;-300
-1662260617;26;-15;1028;280;70;770;-3;-68;982;-253;-238;-300
-1661704401;25;-15;1027;210;140;770;-3;-68;982;-264;-243;-295
-1661148183;25;-15;1027;210;140;770;-1;-71;984;-256;-229;-301
-1660591953;26;-15;1028;280;70;770;-1;-71;984;-256;-229;-301
-1660035751;26;-14;1030;280;70;700;-3;-72;980;-264;-238;-297
-1659479519;26;-14;1030;280;70;700;-1;-71;984;-268;-229;-310
-1658923313;27;-13;1028;210;140;700;-1;-71;984;-268;-229;-310
-1658367095;26;-14;1027;280;70;770;-3;-71;979;-273;-237;-300
-1657810869;26;-14;1027;280;70;770;-3;-71;982;-273;-237;-286
-1657254641;27;-14;1029;280;70;770;-1;-72;982;-268;-231;-286
-1656698439;27;-14;1029;280;70;700;-1;-68;979;-267;-237;-298
-1656142213;27;-13;1027;280;70;700;-1;-68;979;-267;-237;-298
-1655586005;26;-14;1027;210;140;700;-1;-70;984;-276;-222;-295
-1655029761;26;-14;1027;210;140;700;-3;-67;982;-262;-231;-289
-1654473557;27;-14;1027;210;70;770;-3;-67;982;-262;-231;-289
-1653917333;26;-13;1028;280;70;700;-3;-70;982;-267;-234;-291
-1653361123;26;-13;1028;280;70;700;-3;-70;982;-264;-229;-297
-1652804911;26;-14;1027;280;70;770;0;-71;982;-264;-229;-297
-1652248695;26;-15;1027;210;140;700;-3;-71;979;-262;-234;-297
-1651692473;26;-15;1027;210;140;700;-3;-71;979;-262;-234;-297
-1651136241;25;-14;1028;280;70;770;-1;-70;978;-277;-228;-301
-1650580033;25;-14;1028;210;70;770;-1;-69;981;-271;-232;-298
-1650023815;26;-14;1028;210;70;770;-3;-69;981;-271;-232;-298
-1649467603;26;-14;1026;210;70;770;-1;-67;984;-256;-223;-286
-1648911373;26;-14;1026;210;70;770;-1;-67;984;-270;-232;-300
-1648355167;26;-14;1028;280;70;770;-3;-71;982;-270;-232;-300
-1647798955;27;-14;1028;280;70;770;-1;-67;983;-268;-222;-297
-1647242731;27;-14;1028;280;70;770;-1;-67;983;-268;-231;-298
-1646686515;26;-15;1028;280;70;700;-2;-70;978;-268;-231;-298
-1646130297;27;-14;1027;210;140;770;-2;-70;978;-262;-229;-294
-1645574069;27;-14;1027;210;140;770;-1;-72;984;-262;-229;-294
-1645017865;26;-16;1028;210;70;700;-2;-66;981;-264;-226;-298
-1644461645;26;-16;1029;280;70;770;-2;-66;981;-264;-223;-297
-1643905423;26;-15;1029;280;70;770;0;-71;982;-264;-223;-297
-1643349207;26;-14;1028;210;70;770;-2;-68;985;-267;-232;-303
-1642792989;26;-14;1028;210;70;700;-2;-68;985;-255;-235;-294
-1642236753;26;-14;1029;210;70;700;0;-71;983;-255;-235;-294
-1641680537;27;-13;1027;280;70;700;0;-71;983;-261;-234;-300
-1641124323;27;-13;1027;280;70;700;0;-69;984;-261;-234;-300
-1640568117;27;-14;1028;280;70;700;-1;-69;987;-255;-232;-292
-1640011887;26;-14;1027;210;70;770;-1;-69;987;-265;-238;-306
-1639455669;26;-14;1027;210;70;770;-2;-69;984;-265;-238;-306
-1638899445;27;-14;1027;210;70;770;-2;-69;984;-259;-235;-300
-1638343245;27;-14;1028;280;70;770;-3;-72;981;-268;-235;-309
-1637787019;27;-14;1028;280;70;770;-1;-71;980;-268;-235;-309
-1637230809;26;-14;1028;280;70;770;-1;-71;980;-267;-235;-303
-1636674591;26;-14;1028;210;140;770;-1;-71;978;-264;-225;-291
-1636118369;27;-15;1027;210;140;770;-2;-69;982;-264;-225;-291
-1635562157;25;-14;1028;280;70;700;-2;-69;982;-268;-232;-292
-1635005939;25;-14;1028;280;70;700;-1;-66;980;-268;-232;-292
-1634449717;27;-14;1027;280;70;770;-1;-66;980;-259;-235;-291
-1633893501;26;-13;1027;280;70;770;-2;-71;987;-265;-243;-292
-1633337279;26;-13;1027;280;70;770;-5;-70;980;-265;-243;-292
-1632781053;26;-15;1026;210;70;770;-5;-70;980;-264;-234;-300
-1632224851;26;-14;1027;280;70;770;0;-73;979;-264;-229;-292
-1631668619;26;-14;1027;280;70;770;0;-73;979;-264;-229;-292
-1631112413;26;-13;1028;280;70;770;-3;-71;982;-265;-228;-298
-1630556195;26;-13;1028;280;140;770;0;-70;979;-265;-228;-298
-1629999971;25;-15;1028;280;140;770;0;-70;979;-264;-228;-304
-1629443759;27;-15;1026;280;70;700;-3;-71;981;-271;-238;-298
-1628887537;27;-15;1026;280;70;700;-1;-71;988;-271;-238;-298
-1628331313;26;-15;1029;280;70;700;-1;-71;988;-264;-234;-301
-1627775101;27;-14;1027;280;140;700;-2;-70;977;-256;-225;-300
-1627218881;27;-14;1027;280;140;700;-2;-70;977;-256;-225;-300
-1626662657;27;-15;1027;280;70;770;-2;-70;985;-265;-232;-300
-1626106433;27;-15;1027;280;70;770;-1;-69;978;-265;-232;-303
-1625550223;27;-15;1027;280;70;770;-1;-69;978;-265;-232;-303
-1624994011;27;-14;1028;280;70;700;0;-73;981;-265;-234;-295
-1624437779;27;-14;1027;210;70;770;0;-73;978;-265;-234;-295
-1623881573;27;-14;1027;210;70;770;0;-70;978;-264;-244;-304
-1623325345;26;-14;1027;280;70;770;0;-72;981;-271;-238;-306
-1622769133;26;-14;1027;280;70;770;0;-72;981;-271;-238;-306
-1622212915;27;-14;1026;280;70;770;-2;-66;984;-268;-235;-306
-1621656705;27;-14;1027;280;70;770;-1;-69;983;-265;-240;-310
-1621100489;27;-14;1027;280;70;770;-1;-69;983;-265;-240;-310
-1620544265;26;-14;1028;210;140;770;-3;-70;982;-253;-229;-297
-1619988053;26;-15;1028;210;70;770;-3;-70;982;-253;-229;-304
-1619431831;26;-15;1028;210;70;770;-1;-70;985;-265;-232;-304
-1618875613;26;-15;1028;210;70;700;-3;-71;974;-271;-225;-294
-1618319399;26;-15;1028;280;70;700;-3;-71;974;-271;-225;-294
-1617763169;27;-15;1028;280;70;700;-1;-70;982;-273;-229;-294
-1617206945;27;-15;1027;280;140;770;-1;-67;979;-268;-231;-289
-1616650727;27;-15;1027;280;70;770;-1;-67;979;-268;-231;-289
-1616094523;26;-15;1027;280;70;770;-3;-70;988;-261;-234;-304
-1615538309;27;-14;1028;280;70;770;-3;-70;988;-259;-237;-289
-1614982091;27;-14;1028;280;70;770;-2;-67;984;-259;-237;-289
-1614425875;27;-14;1028;210;70;770;-2;-70;985;-261;-240;-300
-1613869637;28;-14;1027;210;140;770;-2;-70;985;-261;-240;-300
-1613313423;28;-14;1027;210;140;770;-2;-71;984;-264;-235;-294
-1612757217;26;-14;1028;280;70;700;-2;-71;984;-273;-231;-303
-1612200983;26;-14;1028;280;70;770;-2;-71;982;-273;-231;-303
-1611644781;26;-14;1028;280;70;770;0;-73;977;-264;-231;-291
-1611088545;27;-14;1027;280;140;700;0;-73;977;-268;-231;-301
-1610532347;27;-14;1027;210;140;770;-2;-70;982;-268;-231;-301
-1609976119;26;-15;1027;210;140;770;0;-71;977;-270;-231;-295
-1609419909;26;-15;1028;280;70;700;0;-71;977;-270;-231;-295
-1608863693;26;-15;1028;280;70;700;-3;-69;982;-271;-243;-295
-1608307473;27;-15;1028;280;70;700;-3;-69;982;-255;-229;-285
-1607751237;26;-14;1026;280;70;770;0;-68;988;-255;-229;-285
-1607195027;26;-14;1026;280;70;770;-3;-71;978;-258;-235;-292
-1606638821;26;-15;1028;210;70;700;-3;-71;978;-267;-240;-294
-1606082601;27;-13;1028;280;70;770;-1;-72;986;-267;-240;-294
-1605526379;27;-13;1028;280;70;770;-1;-72;986;-255;-244;-294
-1604970153;27;-15;1028;210;70;770;0;-68;977;-265;-241;-283
-1604413931;27;-15;1026;210;70;770;-1;-75;981;-265;-241;-283
-1603857719;27;-14;1026;210;70;770;-1;-75;981;-258;-231;-297
-1603301511;27;-15;1027;280;70;770;-1;-69;979;-258;-231;-297
-1602745291;27;-15;1027;280;70;770;-1;-71;982;-268;-247;-288
-1602189071;27;-14;1028;280;70;770;-1;-71;982;-267;-229;-288
-1601632841;26;-15;1027;280;70;770;-2;-68;983;-267;-229;-288
-1601076637;26;-15;1027;280;70;770;-2;-68;983;-265;-238;-297
-1600520419;25;-14;1027;210;140;770;-2;-70;985;-265;-231;-283
-1599964205;27;-13;1027;280;70;770;-2;-70;978;-265;-231;-283
-1599407985;27;-13;1027;280;70;770;-2;-70;978;-267;-240;-286
-1598851769;27;-14;1028;280;70;770;0;-71;984;-267;-240;-283
-1598295537;27;-15;1026;280;70;700;0;-71;977;-256;-231;-283
-1597739323;25;-15;1026;280;70;700;0;-69;977;-273;-232;-289
-1597183111;25;-13;1026;210;70;700;-2;-71;977;-273;-232;-289
-1596626895;25;-13;1026;280;70;770;-2;-71;977;-252;-243;-291
-1596070673;27;-13;1029;280;70;770;0;-69;983;-265;-232;-291
-1595514445;26;-15;1028;280;70;770;-2;-68;983;-265;-232;-291
-1594958231;26;-15;1028;280;70;770;-2;-68;983;-259;-232;-295
-1594402021;26;-14;1027;210;140;770;-4;-71;983;-268;-234;-303
-1593845807;27;-15;1026;210;70;700;-4;-71;983;-268;-234;-303
-1593289583;27;-15;1026;210;70;700;-1;-69;981;-268;-229;-294
-1592733357;27;-14;1027;280;70;770;-3;-72;988;-268;-229;-294
-1592177137;27;-15;1028;210;70;700;-3;-72;988;-270;-231;-279
-1591620931;27;-15;1028;210;70;700;-2;-70;983;-267;-237;-291
-1591064715;26;-15;1026;210;140;700;-2;-70;977;-267;-237;-291
-1590508485;26;-15;1026;280;70;770;0;-74;977;-268;-228;-291
-1589952269;27;-15;1026;280;70;770;-1;-69;981;-262;-231;-300
-1589396065;26;-14;1028;280;70;770;-1;-69;981;-262;-231;-300
-1588839845;26;-14;1028;280;70;770;0;-69;984;-267;-228;-292
-1398057053;27;-15;1025;280;70;770;-1;-73;977;-262;-234;-309
-1397500851;26;-15;1029;280;70;770;-1;-68;977;-262;-234;-309
-1396944631;27;-13;1028;280;70;700;0;-71;981;-261;-232;-304
-1396388415;27;-13;1028;140;70;770;0;-71;981;-273;-222;-303
-1395832185;26;-15;1026;140;70;770;-2;-69;981;-273;-222;-303
-1395275973;25;-15;1026;280;70;770;-2;-72;979;-261;-231;-294
-1394719753;25;-15;1026;280;70;770;-2;-72;979;-261;-231;-294
-1394163533;27;-15;1028;350;70;770;-1;-70;980;-270;-235;-300
-1393607325;27;-14;1029;280;140;770;-1;-70;980;-273;-234;-304
-1393051109;27;-14;1029;280;140;770;0;-69;984;-273;-234;-304
-1392494885;25;-16;1027;140;140;770;-3;-70;979;-273;-229;-306
-1391938661;25;-15;1027;280;70;770;-3;-70;979;-267;-229;-304
-1391382445;26;-15;1027;280;70;770;-2;-71;986;-267;-229;-304
-1390826227;26;-14;1028;280;70;770;-1;-70;979;-268;-229;-303
-1390270017;26;-14;1028;210;140;770;-1;-70;979;-268;-229;-303
-1389713801;26;-15;1028;210;140;770;-1;-72;977;-267;-232;-295
-1389157577;27;-14;1026;210;140;770;-1;-72;977;-273;-225;-306
-1388601367;27;-14;1026;210;140;770;-1;-70;977;-273;-225;-306
-1388045131;28;-15;1028;280;70;770;-1;-71;984;-265;-229;-297
-1387488925;27;-14;1028;280;70;700;-1;-71;984;-267;-226;-307
-1386932709;27;-14;1028;280;70;700;-3;-71;980;-267;-226;-307
-1386376481;27;-15;1027;210;140;700;-3;-71;980;-274;-232;-303
-1385820261;28;-15;1028;210;70;770;-2;-70;977;-264;-223;-309
-1385264059;28;-15;1028;210;70;770;0;-69;982;-264;-223;-309
-1384707827;26;-14;1028;280;0;700;0;-69;982;-267;-222;-289
-1384151621;26;-14;1028;210;140;700;-2;-68;981;-267;-222;-289
-1383595403;26;-14;1028;210;140;700;-1;-70;984;-259;-228;-303
-1383039181;26;-15;1025;210;140;770;-1;-70;984;-253;-225;-300
-1382482949;26;-15;1025;210;140;700;0;-69;976;-253;-225;-300
-1381926745;25;-14;1028;280;140;700;0;-69;976;-259;-226;-309
-1381370519;26;-14;1029;280;70;700;-1;-73;982;-264;-228;-294
-1380814309;26;-14;1029;280;70;700;0;-69;977;-264;-228;-294
-1380258091;26;-14;1027;280;140;770;0;-69;977;-256;-225;-301
-1379701865;26;-16;1026;210;140;770;-1;-70;983;-256;-225;-301
-1379145645;26;-16;1026;210;140;770;-1;-70;983;-268;-225;-306
-1378589437;27;-15;1028;280;70;770;-4;-70;987;-268;-229;-307
-1378033223;27;-15;1028;280;70;770;0;-72;981;-268;-229;-307
-1377477005;27;-13;1028;280;70;770;0;-72;981;-267;-222;-298
-1376920781;26;-14;1027;210;140;770;-1;-70;978;-262;-222;-304
-1376364569;26;-14;1027;210;70;770;0;-67;983;-262;-222;-304
-1375808349;27;-14;1026;210;70;770;0;-67;983;-271;-240;-298
-1375252129;27;-13;1029;350;70;770;-1;-71;984;-277;-225;-307
-1374695913;27;-13;1029;350;70;770;-1;-71;984;-277;-225;-307
-1374139671;26;-14;1029;280;70;770;-1;-69;982;-261;-229;-295
-1373583465;27;-14;1028;140;70;770;-1;-75;981;-261;-229;-295
-1373027263;27;-14;1028;140;70;770;-1;-75;981;-271;-226;-310
-1372471039;26;-15;1027;280;70;700;-2;-69;976;-270;-232;-303
-1371914825;26;-15;1029;280;70;770;-2;-69;979;-270;-232;-303
-1371358607;27;-15;1029;280;70;770;-1;-71;979;-265;-228;-306
-1370802383;27;-15;1027;280;140;770;-3;-68;985;-265;-237;-304
-1370246153;27;-15;1027;210;140;770;-3;-68;985;-265;-237;-304
-1369689951;27;-16;1027;210;140;770;0;-72;981;-265;-229;-312
-1369133731;26;-15;1027;210;70;770;-2;-70;979;-265;-229;-312
-1368577517;26;-15;1027;210;70;770;-2;-70;979;-265;-220;-307
-1368021299;27;-14;1028;210;70;770;0;-69;983;-265;-225;-316
-1367465069;27;-14;1027;210;70;770;0;-69;983;-265;-225;-316
-1366908845;27;-14;1027;210;70;770;-3;-69;982;-261;-234;-304
-1366352641;27;-14;1028;280;70;770;-1;-69;985;-256;-234;-298
-1365796423;27;-14;1027;280;70;770;-1;-69;985;-256;-234;-298
-1365240207;27;-14;1027;280;70;770;-1;-72;978;-259;-229;-303
-1364683989;27;-14;1027;280;70;770;-1;-72;978;-267;-235;-307
-1364127773;27;-14;1027;210;140;770;-2;-71;978;-267;-235;-307
-1363571545;26;-13;1027;210;140;770;0;-67;980;-270;-228;-301
-1363015327;25;-14;1027;280;70;770;0;-67;980;-270;-228;-301
-1362459115;25;-14;1027;280;70;770;-1;-71;984;-258;-232;-307
-1361902901;27;-14;1027;280;70;770;-3;-69;984;-264;-228;-307
-1361346681;26;-14;1027;210;140;770;-3;-69;984;-264;-228;-307
-1360790449;26;-14;1027;210;140;770;-3;-72;979;-256;-235;-306
-1360234235;27;-15;1027;210;70;770;-3;-72;979;-271;-223;-306
-1359678027;27;-14;1026;280;0;770;0;-70;983;-271;-223;-306
-1359121809;27;-14;1026;280;0;770;-2;-69;975;-259;-228;-301
-1358565581;27;-14;1028;280;70;770;-2;-69;975;-259;-228;-301
-1358009375;27;-14;1028;210;140;770;-2;-68;980;-261;-226;-309
-1357453139;26;-14;1028;210;140;770;-1;-66;979;-262;-229;-303
-1356896935;27;-14;1027;280;140;770;-1;-66;979;-262;-229;-303
-1356340721;27;-14;1027;280;70;770;-1;-73;983;-271;-235;-301
-1355784501;26;-14;1028;280;70;770;-1;-73;983;-265;-228;-307
-1355228279;27;-13;1027;280;70;770;0;-69;977;-265;-228;-307
-1354672049;27;-13;1027;280;70;770;-1;-73;983;-276;-222;-295
-1354115845;27;-15;1032;280;70;700;-1;-73;983;-261;-231;-304
-1353559629;26;-13;1022;350;140;770;0;-66;979;-261;-231;-304
-1353003401;26;-13;1022;350;140;770;0;-66;979;-267;-228;-300
-1352447189;28;-17;1031;210;70;770;-4;-72;984;-267;-228;-300
-1351890977;28;-17;1025;350;140;700;-1;-66;982;-267;-220;-309
-1351334749;26;-11;1025;350;140;700;-1;-66;982;-271;-228;-304
-1350778531;28;-18;1030;210;70;700;-2;-71;983;-271;-228;-304
-1350222319;28;-18;1030;280;140;770;-1;-71;974;-274;-226;-301
-1349666103;26;-13;1027;280;140;770;-1;-71;974;-267;-231;-294
-1349109881;28;-16;1026;210;70;770;0;-67;982;-267;-231;-294
-1348553669;28;-16;1026;210;70;770;0;-67;982;-258;-237;-304
-1347997441;27;-14;1028;210;70;770;-3;-71;981;-258;-237;-298
-1347441229;27;-14;1027;280;0;770;0;-69;986;-271;-219;-298
-1346885013;27;-14;1027;280;0;770;0;-69;986;-264;-234;-306
-1346328791;27;-16;1029;210;70;770;-1;-73;979;-264;-234;-306
-1345772565;26;-13;1024;210;140;700;-1;-73;979;-264;-231;-309
-1345216341;26;-13;1024;210;140;700;0;-68;981;-262;-235;-303
-1344660139;26;-16;1031;210;70;770;-3;-69;988;-262;-235;-303
-1344103925;26;-16;1031;350;70;700;-3;-69;988;-270;-232;-301
-1343547693;26;-13;1025;350;70;700;-1;-70;981;-255;-229;-301
-1342991477;27;-15;1031;210;140;700;-3;-71;987;-255;-229;-301
-1342435253;27;-15;1031;210;140;700;-3;-71;987;-267;-238;-304
-1341879051;25;-13;1024;280;140;700;-1;-69;981;-267;-238;-304
-1341322831;26;-16;1029;210;0;770;-1;-69;981;-264;-223;-303
-1340766615;26;-16;1029;210;0;770;-3;-72;980;-264;-226;-313
-1340210397;27;-14;1027;280;70;770;-1;-67;979;-264;-226;-313
-1339654161;27;-15;1027;210;70;770;-1;-67;979;-265;-235;-298
-1339097961;27;-15;1027;210;70;770;-1;-68;983;-274;-232;-298
-1338541735;26;-13;1028;280;140;770;-1;-68;984;-274;-232;-298
-1337985525;26;-13;1028;280;70;700;-6;-70;984;-274;-231;-297
-1337429307;27;-16;1027;280;70;700;0;-71;986;-274;-234;-300
-1336873085;26;-14;1030;280;70;770;0;-71;986;-270;-234;-300
-1336316857;26;-14;1030;280;70;770;-3;-68;985;-264;-231;-298
-1335760645;27;-15;1026;280;70;770;0;-69;981;-264;-231;-298
-1335204427;27;-15;1028;210;70;770;0;-69;981;-262;-234;-292
-1334648217;27;-15;1028;210;70;770;1;-68;978;-255;-244;-295
-1334092001;26;-13;1027;280;70;700;1;-68;978;-255;-244;-295
-1333535763;26;-15;1028;210;70;770;-2;-69;986;-253;-249;-294
-1332979565;26;-15;1028;210;70;770;-1;-69;982;-258;-238;-292
-1332423335;26;-13;1028;210;70;700;-1;-69;982;-258;-238;-292
-1331867127;26;-13;1027;210;70;700;-1;-72;983;-268;-240;-301
-1331310911;26;-14;1027;210;70;700;-1;-72;978;-268;-240;-301
-1330754681;27;-15;1027;210;70;770;-2;-71;978;-271;-232;-295
-1330198457;27;-15;1027;210;70;700;-1;-72;982;-259;-232;-306
-1329642239;25;-14;1028;210;70;700;-1;-72;982;-259;-232;-306
-1329086035;27;-16;1027;280;70;770;-2;-69;981;-259;-240;-304
-1328529821;27;-16;1027;280;70;770;-1;-70;984;-273;-232;-303
-1327973603;27;-14;1027;280;70;770;-1;-70;984;-273;-232;-303
-1327417387;27;-14;1028;280;70;770;-2;-67;986;-264;-229;-295
-1326861149;27;-14;1028;280;70;770;-2;-67;986;-264;-229;-307
-1326304935;27;-14;1027;280;70;770;-3;-74;983;-271;-244;-307
-1325748729;26;-15;1028;280;70;770;0;-72;979;-261;-229;-298
-1325192511;26;-15;1028;280;70;770;0;-72;979;-261;-229;-298
-1324636281;26;-14;1028;210;140;770;-1;-72;980;-267;-226;-300
-1324080065;26;-14;1028;210;70;770;-2;-69;977;-249;-226;-306
-1323523847;26;-15;1027;210;70;770;-2;-69;977;-249;-226;-306
-1322967637;26;-16;1028;280;70;770;-1;-69;986;-261;-240;-307
-1322411423;26;-16;1028;280;70;700;-1;-69;986;-276;-238;-306
-1321855201;27;-15;1028;280;140;700;-3;-68;985;-276;-238;-306
-1321298971;27;-15;1027;280;140;770;-3;-72;984;-271;-231;-303
-1320742769;27;-15;1027;280;140;770;-3;-72;984;-271;-231;-303
-1320186547;27;-14;1026;210;70;770;-1;-71;979;-267;-228;-300
-1319630323;27;-14;1028;280;70;770;-1;-71;979;-261;-238;-315
-1319074113;27;-14;1028;280;70;770;0;-71;977;-261;-238;-315
-1318517895;28;-14;1027;280;70;700;0;-68;977;-265;-231;-300
-1317961665;28;-14;1027;280;70;770;0;-68;977;-265;-228;-312
-1317405451;27;-14;1028;280;70;770;-1;-71;976;-265;-228;-312
-1316849233;26;-13;1027;280;70;770;-1;-70;986;-261;-235;-312
-1316293025;26;-13;1027;280;70;770;-1;-70;986;-261;-234;-301
-1315736805;27;-15;1028;280;70;770;-3;-69;985;-270;-234;-301
-1315180581;27;-14;1028;210;140;770;-3;-69;985;-267;-228;-310
-1314624351;27;-14;1028;210;140;770;-2;-71;977;-267;-228;-310
-1314068143;25;-15;1027;210;70;700;-1;-68;985;-267;-237;-310
-1313511925;26;-15;1028;210;70;700;-1;-68;985;-264;-238;-312
-1312955703;26;-15;1028;210;70;700;0;-68;977;-264;-238;-312
-1312399497;25;-15;1027;280;70;770;0;-68;977;-258;-226;-303
-1311843271;25;-15;1029;210;70;700;-1;-71;987;-270;-232;-301
-1311287063;27;-14;1029;210;70;700;-1;-70;981;-270;-232;-301
-1310730841;26;-14;1027;210;70;770;-1;-70;981;-265;-225;-301
-1310174625;26;-14;1027;280;70;770;-2;-73;983;-265;-225;-301
-1309618395;27;-14;1028;280;70;770;-2;-73;980;-261;-235;-306
-1309062185;27;-14;1028;280;70;770;-2;-73;980;-264;-231;-304
-1308505953;27;-14;1028;280;70;770;0;-75;978;-264;-231;-304
-1307949745;27;-15;1027;210;70;700;0;-75;978;-256;-235;-306
-1307393527;26;-15;1027;210;70;770;-2;-66;985;-270;-235;-301
-1306837315;26;-15;1027;210;70;770;-2;-70;984;-270;-235;-301
-1306281097;26;-14;1028;280;70;700;-2;-70;984;-265;-231;-319
-1305724877;26;-14;1028;280;70;770;-3;-69;984;-265;-235;-315
-1305168667;26;-14;1028;280;70;770;-3;-69;983;-268;-235;-315
-1304612443;26;-15;1028;210;140;770;0;-67;983;-268;-223;-307
-1304056227;26;-15;1028;280;70;770;-2;-70;975;-268;-223;-307
-1303500009;26;-15;1027;280;70;770;-2;-70;975;-273;-243;-297
-1302943781;27;-14;1028;280;70;700;0;-68;986;-262;-223;-300
-1302387575;27;-14;1028;280;70;700;-1;-68;980;-262;-223;-300
-1301831347;26;-14;1029;280;70;700;-1;-68;980;-264;-231;-304
-1301275135;26;-15;1027;210;140;770;-1;-72;983;-268;-240;-307
-1300718919;26;-15;1027;210;140;770;-1;-72;983;-268;-240;-307
-1300162687;26;-14;1028;280;140;770;-2;-69;977;-264;-228;-297
-1299606465;26;-15;1028;280;140;770;0;-71;984;-264;-228;-297
-1299050249;26;-15;1028;280;140;770;0;-71;984;-259;-228;-307
-1298494035;27;-14;1028;280;70;770;-1;-69;986;-265;-240;-304
-1297937829;27;-14;1028;210;70;770;-1;-69;981;-265;-240;-304
-1297381599;27;-14;1027;210;70;770;0;-69;981;-264;-232;-303
-1296825381;26;-15;1028;280;70;770;-2;-68;988;-265;-234;-298
-1296269165;26;-15;1028;280;70;770;-2;-68;988;-265;-234;-298
-1295712959;25;-14;1028;280;70;770;0;-68;982;-258;-240;-303
-1295156727;25;-14;1028;210;140;770;-1;-69;979;-274;-229;-301
-1294600509;25;-14;1028;210;140;770;-1;-69;979;-274;-229;-301
-1294044303;26;-15;1027;210;70;770;-1;-68;978;-268;-228;-304
-1293488081;26;-14;1028;280;70;700;-1;-68;978;-268;-228;-304
-1292931871;26;-14;1028;280;70;700;-3;-68;984;-277;-234;-300
-1292375639;26;-13;1029;280;70;770;-3;-71;986;-256;-235;-307
-1291819433;26;-13;1028;210;70;770;-3;-71;986;-256;-235;-307
-1291263213;27;-15;1028;210;70;770;0;-70;984;-265;-225;-292
-1290706985;27;-13;1027;210;70;770;-3;-70;983;-268;-238;-300
-1290150765;27;-13;1027;210;70;700;-3;-70;983;-268;-238;-300
-1289594557;27;-15;1027;210;70;700;-1;-71;981;-268;-232;-298
-1289038339;26;-14;1026;280;70;770;-1;-71;981;-268;-232;-306
-1288482125;26;-14;1026;280;70;770;-1;-68;978;-270;-234;-306
-1287925905;27;-15;1027;280;140;770;-2;-68;987;-262;-238;-298
-1287369683;27;-14;1027;280;70;700;-2;-68;987;-262;-238;-298
-1286813453;27;-14;1027;280;70;700;-2;-69;985;-267;-235;-304
-1286257249;27;-13;1029;280;140;770;-2;-69;985;-268;-232;-300
-1285701025;27;-14;1027;280;70;770;-2;-72;984;-268;-232;-300
-1285144815;27;-14;1027;280;70;770;-1;-71;983;-273;-235;-301
-1284588595;26;-14;1027;280;140;700;-1;-71;983;-271;-235;-297
-1284032369;26;-14;1027;280;140;770;-2;-71;980;-271;-235;-297
-1283476147;27;-14;1028;280;140;770;-1;-69;982;-267;-234;-307
-1282919935;27;-14;1028;280;70;770;-1;-69;982;-267;-234;-307
-1282363725;27;-14;1028;280;70;770;-1;-67;982;-264;-229;-300
-1281807507;27;-14;1028;280;70;770;-1;-67;982;-265;-234;-307
-1281251285;27;-15;1028;210;70;770;-3;-72;986;-265;-234;-307
-1280695057;27;-15;1028;210;70;770;-2;-69;981;-261;-234;-304
-1280138845;27;-15;1028;210;70;770;-2;-69;981;-265;-234;-309
-1279582627;26;-16;1028;280;70;770;-2;-71;981;-265;-234;-309
-1279026417;26;-16;1028;280;70;770;-2;-71;981;-264;-229;-301
-1278470201;27;-15;1028;280;70;700;-2;-72;981;-264;-229;-304
-1277913977;27;-15;1028;210;140;770;0;-71;976;-274;-222;-304
-1277357765;28;-14;1028;210;140;770;0;-71;976;-256;-232;-307
-1276801537;27;-14;1028;280;140;770;-4;-71;980;-256;-232;-307
-1276245325;27;-14;1028;280;70;770;-1;-67;985;-253;-232;-304
-1275689111;26;-14;1028;210;70;770;-1;-67;985;-264;-235;-306
-1275132881;27;-14;1029;210;70;770;-2;-71;983;-264;-235;-306
-1274576657;27;-14;1029;210;70;770;-2;-71;983;-259;-225;-312
-1274020439;26;-14;1029;210;140;770;0;-71;984;-256;-231;-301
-1273464235;27;-14;1027;210;70;770;-2;-69;976;-256;-231;-301
-1272908021;27;-14;1027;210;70;770;-2;-69;976;-262;-231;-300
-1272351803;26;-14;1028;210;140;770;0;-73;981;-262;-231;-300
-1271795587;26;-14;1029;280;70;770;0;-73;978;-259;-237;-303
-1271239349;26;-14;1029;280;70;770;0;-69;978;-270;-231;-297
-1270683139;26;-15;1028;280;70;770;-1;-71;984;-270;-231;-297
-1270126929;26;-15;1028;210;70;770;-1;-71;984;-267;-231;-298
-1269570713;27;-14;1027;210;70;770;-4;-68;985;-267;-232;-303
-1269014475;27;-14;1027;280;140;770;-1;-74;980;-267;-232;-303
-1268458257;27;-14;1027;280;140;770;-1;-74;980;-268;-226;-309
-1267902059;27;-14;1028;280;70;770;-2;-69;982;-268;-226;-309
-1267345827;26;-14;1028;210;70;770;-2;-69;982;-276;-234;-309
-1266789609;26;-14;1028;210;70;770;0;-68;983;-270;-228;-300
-1266233401;25;-14;1028;280;70;700;-2;-68;984;-270;-228;-300
-1265677181;26;-15;1028;280;70;700;-2;-68;984;-270;-234;-307
-1265120953;26;-15;1028;280;70;700;-1;-69;982;-268;-226;-309
-1264564739;26;-15;1028;280;140;770;-1;-70;978;-268;-226;-309
-1264008533;26;-15;1028;210;70;700;-2;-70;978;-274;-235;-295
-1263452313;27;-15;1027;210;70;700;-1;-74;982;-267;-226;-291
-1262896091;27;-15;1029;280;70;770;-1;-74;982;-267;-226;-291
-1262339865;27;-15;1029;280;70;770;-1;-69;979;-276;-226;-301
-1261783659;27;-14;1027;280;70;770;-1;-68;982;-276;-226;-301
-1261227433;27;-15;1028;280;70;770;-1;-68;982;-265;-234;-304
-1260671225;27;-15;1028;280;70;770;-2;-68;983;-270;-237;-303
-1260115003;25;-14;1027;210;140;770;-2;-68;983;-270;-237;-303
-1259558775;26;-15;1026;280;70;700;-2;-71;983;-274;-231;-309
-1259002551;26;-15;1026;280;70;700;-3;-69;986;-267;-228;-297
-1258446339;25;-14;1028;210;70;770;-3;-69;986;-267;-228;-297
-1257890125;25;-14;1028;280;70;770;-1;-70;977;-271;-241;-297
-1257333903;26;-14;1028;280;70;770;-1;-70;977;-271;-229;-295
-1256777697;26;-15;1027;210;70;770;-1;-70;977;-261;-229;-295
-1256221471;26;-15;1027;210;70;770;-1;-68;979;-268;-232;-307
-1255665247;26;-14;1029;210;70;770;-1;-68;979;-268;-232;-307
-1255109035;27;-14;1029;210;70;770;-2;-69;986;-270;-235;-316
-1254552825;27;-14;1029;210;70;770;-3;-69;983;-264;-234;-304
-1253996607;26;-15;1028;210;140;770;-3;-69;983;-264;-234;-304
-1253440385;26;-14;1026;280;70;770;-1;-71;983;-267;-225;-310
-1252884157;26;-14;1026;280;70;770;-1;-71;983;-268;-244;-313
-1252327943;28;-14;1027;280;70;770;-2;-70;980;-268;-244;-313
-1251771727;28;-14;1027;280;70;770;0;-72;981;-256;-232;-307
-1251215515;28;-15;1027;280;70;770;0;-72;981;-256;-232;-307
-1250659295;27;-14;1028;280;140;770;-2;-70;981;-270;-235;-307
-1250103071;27;-14;1028;280;70;700;-1;-70;984;-265;-226;-306
-1249546853;27;-15;1028;280;70;700;-1;-70;984;-265;-226;-306
-1248990643;26;-15;1027;210;70;770;-2;-71;978;-271;-240;-313
-1248434427;26;-15;1027;210;70;770;-2;-71;978;-276;-238;-303
-1247878197;26;-15;1027;210;140;700;-2;-72;982;-276;-238;-303
-1247321981;27;-14;1028;280;70;770;0;-71;978;-262;-232;-303
-1246765777;27;-14;1028;280;70;770;0;-71;978;-268;-235;-301
-1246209539;26;-15;1027;280;140;770;-2;-71;986;-268;-235;-301
-1245653335;26;-15;1028;210;70;770;-2;-71;986;-270;-235;-312
-1245097119;26;-15;1028;210;70;770;-2;-66;984;-270;-235;-312
-1244540889;26;-15;1029;280;70;770;-3;-72;987;-261;-225;-300
-1243984665;26;-15;1029;280;70;770;-3;-72;987;-277;-235;-304
-1243428457;27;-14;1028;280;70;770;-2;-68;982;-277;-235;-304
-1242872239;26;-15;1027;210;140;700;-1;-71;978;-279;-232;-301
-1242316029;26;-15;1027;210;140;700;-1;-71;978;-273;-237;-298
-1241759813;26;-15;1029;280;70;770;-2;-69;984;-273;-237;-298
-1241203581;26;-14;1030;280;70;770;-2;-69;984;-261;-232;-307
-1240647357;26;-14;1030;280;70;770;-1;-71;988;-261;-232;-307
-1240091157;27;-14;1028;210;70;770;-2;-73;978;-267;-232;-300
-1239534937;27;-15;1027;210;70;770;-2;-73;978;-267;-234;-303
-1238978723;27;-15;1027;210;70;770;-1;-71;983;-267;-234;-303
-1238422505;26;-14;1028;210;70;770;-1;-71;981;-261;-231;-310
-1237866281;26;-14;1028;280;70;770;-1;-72;981;-256;-225;-297
-1237310069;26;-14;1028;280;70;770;-2;-70;983;-256;-225;-297
-1236753851;27;-14;1028;210;70;700;-2;-70;983;-262;-243;-297
-1236197631;27;-14;1028;210;70;770;-1;-65;981;-265;-226;-298
-1235641415;25;-15;1028;210;140;770;-3;-72;986;-265;-226;-298
-1235085185;27;-15;1028;280;70;700;-3;-72;986;-264;-220;-301
-1234528961;27;-15;1028;280;70;700;-1;-71;982;-264;-220;-301
-1233972759;26;-15;1028;280;70;700;-1;-71;982;-273;-228;-307
-1233416539;26;-15;1027;210;70;700;0;-71;976;-276;-240;-304
-1232860325;26;-15;1027;210;70;700;-1;-71;983;-276;-240;-304
-1232304105;26;-15;1029;280;140;700;-1;-71;983;-265;-235;-297
-1231747875;26;-15;1029;280;70;770;-2;-70;980;-259;-229;-292
-1231191653;27;-15;1029;280;70;770;-3;-72;987;-259;-229;-292
-1230635439;27;-15;1028;280;70;770;-3;-72;987;-279;-229;-301
-1230079235;27;-15;1028;280;70;770;-3;-71;982;-279;-229;-301
-1229523015;26;-15;1028;280;70;770;-3;-71;982;-276;-240;-301
-1228966779;25;-15;1028;280;70;770;-2;-74;980;-256;-238;-295
-1228410569;25;-15;1028;280;70;770;0;-68;977;-256;-238;-295
-1227854347;26;-13;1029;280;70;770;0;-68;977;-265;-240;-292
-1227298135;26;-15;1028;280;70;770;-1;-71;981;-273;-235;-301
-1226741925;26;-15;1028;280;70;770;-1;-71;981;-273;-235;-301
-1226185693;27;-13;1029;280;70;770;-3;-67;984;-261;-237;-304
-1225629485;27;-14;1028;280;70;770;0;-73;980;-265;-240;-301
-1225073253;26;-14;1028;280;70;770;0;-73;980;-265;-240;-301
-1224517045;27;-14;1028;280;140;770;-2;-70;980;-261;-241;-295
-1223960827;27;-14;1028;210;70;700;0;-72;978;-261;-241;-295
-1223404617;27;-14;1027;210;70;700;0;-72;978;-265;-238;-301
-1222848399;26;-15;1027;280;70;770;-2;-70;980;-262;-237;-295
-1222292171;26;-15;1027;280;70;770;-2;-70;980;-262;-237;-295
-1221735955;27;-15;1028;280;140;770;-1;-70;989;-271;-237;-303
-1221179737;28;-15;1027;210;70;770;-3;-72;980;-274;-231;-294
-1220623527;28;-15;1027;210;70;770;-3;-72;980;-274;-231;-294
-1220067297;27;-14;1029;210;70;770;0;-71;984;-259;-232;-303
-1219511081;27;-15;1028;210;70;700;0;-71;984;-259;-231;-294
-1218954877;27;-15;1028;210;70;700;-2;-70;977;-276;-231;-294
-1218398639;26;-14;1028;280;70;700;-2;-72;984;-262;-228;-307
-1217842427;26;-14;1028;210;70;770;-2;-72;984;-262;-228;-307
-1217286221;26;-14;1028;210;70;770;-2;-68;979;-274;-240;-294
-1216730001;26;-14;1027;280;70;700;-1;-71;982;-271;-243;-315
-1216173773;26;-14;1027;280;70;770;-1;-71;982;-271;-243;-315
-1215617549;26;-15;1029;210;70;770;-3;-71;980;-273;-234;-309
-1215061339;27;-13;1027;210;140;770;-3;-71;980;-268;-220;-298
-1214505129;27;-13;1027;210;140;770;0;-72;978;-268;-220;-298
-1213948899;27;-15;1028;210;70;700;-2;-70;981;-267;-229;-297
-1213392681;27;-15;1028;280;70;700;-2;-70;981;-267;-229;-297
-1212836457;27;-15;1028;280;70;700;-1;-70;984;-273;-235;-300
-1212280247;27;-14;1028;280;140;700;-1;-70;984;-264;-228;-312
-1211724027;27;-14;1028;280;70;770;-3;-72;978;-264;-228;-312
-1211167821;26;-15;1027;280;70;770;0;-67;988;-264;-240;-304
-1210611591;27;-15;1029;210;140;770;0;-67;988;-271;-225;-297
-1210055385;27;-15;1029;280;70;770;-2;-69;977;-271;-225;-297
-1209499169;27;-15;1027;280;70;770;-2;-75;983;-277;-225;-301
-1208942939;27;-14;1028;280;70;700;-2;-75;983;-277;-225;-297
-1208386733;27;-14;1028;280;70;700;-1;-69;977;-268;-234;-297
-1207830515;27;-13;1027;210;70;770;-1;-69;977;-268;-231;-298
-1207274291;27;-14;1027;210;140;700;0;-71;982;-268;-231;-298
-1206718063;27;-14;1027;210;140;700;-2;-67;984;-273;-235;-294
-1206161859;27;-14;1028;280;70;770;-2;-67;984;-273;-219;-306
-1205605639;27;-14;1027;280;140;770;0;-70;984;-273;-219;-306
-1205049423;27;-14;1027;280;140;770;0;-70;986;-259;-220;-303
-1204493203;26;-15;1028;210;140;770;-4;-68;986;-262;-229;-310
-1203936981;26;-15;1028;280;70;770;-1;-69;985;-262;-229;-310
-1203380753;27;-15;1029;280;70;770;-1;-69;985;-265;-231;-292
-1202824539;27;-14;1028;280;70;770;-1;-72;978;-265;-231;-292
-1202268331;27;-14;1028;280;70;770;0;-70;986;-265;-232;-294
-1201712103;27;-15;1028;210;140;700;0;-70;986;-271;-223;-304
-1201155893;27;-16;1028;210;70;700;-1;-67;978;-271;-223;-304
-1200599681;27;-16;1028;210;70;700;-1;-67;978;-279;-231;-304
-1200043451;27;-15;1026;280;70;770;-1;-71;987;-271;-228;-300
-1199487241;26;-15;1027;210;70;770;-3;-66;985;-271;-228;-300
-1198931025;26;-15;1027;210;70;770;-3;-66;985;-262;-237;-309
-1198374807;26;-15;1027;210;70;770;-3;-71;985;-262;-228;-297
-1197818585;26;-15;1027;280;70;770;-2;-71;986;-265;-228;-297
-1197262373;27;-14;1029;280;70;770;-2;-71;986;-262;-235;-309
-1196706137;27;-14;1027;210;70;770;0;-72;977;-262;-235;-309
-1196149927;27;-14;1027;210;70;700;0;-72;977;-268;-232;-309
-1195593715;26;-15;1027;210;70;700;-1;-70;981;-264;-235;-298
-1195037495;25;-14;1028;280;70;770;0;-70;984;-264;-235;-298
-1194481271;25;-14;1028;280;70;770;0;-70;984;-271;-240;-301
-1193925049;26;-13;1027;280;70;700;-2;-70;982;-264;-237;-292
-1193368843;26;-15;1027;210;70;770;-2;-70;982;-264;-237;-292
-1192812627;26;-15;1027;210;70;770;-3;-70;984;-259;-229;-291
-1192256407;25;-15;1025;210;140;770;-2;-73;975;-259;-229;-291
-1191700189;25;-15;1025;280;70;770;-2;-73;975;-264;-228;-294
-1191143973;25;-15;1032;280;70;770;-3;-72;992;-267;-220;-301
-1190587739;29;-14;1030;280;0;700;0;-67;970;-267;-220;-301
-1190031535;29;-14;1030;210;140;700;0;-67;970;-268;-229;-294
-1189475319;25;-13;1024;210;140;700;-4;-73;988;-261;-235;-312
-1188919087;27;-17;1029;210;140;700;-4;-73;988;-261;-235;-312
-1188362873;27;-17;1029;210;140;700;-1;-68;979;-270;-234;-300
-1187806651;26;-13;1027;350;70;770;-3;-74;985;-270;-232;-298
-1187250439;28;-14;1030;280;70;770;-3;-74;985;-268;-232;-298
-1186694229;28;-14;1030;280;70;770;0;-69;977;-261;-231;-294
-1186138013;26;-15;1025;210;140;770;0;-69;977;-261;-231;-294
-1185581781;26;-13;1028;280;70;770;-1;-71;981;-267;-223;-300
-1185025557;25;-13;1028;280;70;770;-1;-71;981;-273;-225;-303
-1184469357;28;-14;1028;280;-70;700;-1;-71;981;-273;-225;-303
-1183913137;28;-14;1028;210;140;770;1;-66;985;-270;-232;-306
-1183356923;26;-13;1029;210;140;770;-4;-71;977;-268;-223;-292
-1182800705;29;-16;1025;210;70;770;-4;-71;977;-268;-223;-292
-1182244481;29;-16;1025;210;70;770;0;-68;983;-267;-238;-301
-1181688269;26;-13;1027;350;70;770;0;-68;983;-267;-238;-301
-1181132047;27;-16;1032;280;0;770;-2;-70;984;-259;-229;-294
-1180575831;27;-16;1032;280;0;770;0;-72;981;-267;-225;-292
-1180019615;26;-14;1023;210;140;770;0;-72;981;-267;-225;-292
-1179463385;27;-17;1030;210;140;770;-2;-72;980;-273;-229;-298
-1178907161;27;-17;1030;210;140;770;-2;-72;977;-261;-234;-300
-1178350959;26;-12;1025;350;70;770;1;-68;977;-261;-234;-300
-1177794739;26;-12;1025;210;70;700;-1;-71;984;-265;-237;-289
-1177238525;28;-16;1030;210;70;700;-1;-71;984;-271;-223;-297
-1176682305;25;-14;1025;210;140;770;-2;-68;985;-271;-223;-297
-1176126077;25;-14;1025;210;140;700;0;-70;985;-267;-229;-292
-1175569853;27;-16;1029;280;70;700;0;-70;985;-267;-229;-292
-1175013639;26;-13;1028;350;70;770;-4;-71;984;-270;-226;-303
-1174457431;26;-13;1028;350;70;770;-4;-71;984;-268;-229;-300
-1173901217;27;-14;1027;210;140;770;-1;-69;980;-268;-229;-300
-1173344979;26;-15;1029;210;70;770;-4;-72;980;-267;-234;-307
-1172788783;26;-15;1029;210;70;770;-4;-72;980;-259;-231;-301
-1172232551;28;-13;1027;350;70;770;1;-67;980;-259;-231;-301
-1171676335;28;-13;1027;210;70;770;1;-67;987;-268;-234;-306
-1171120125;28;-14;1030;210;70;770;-4;-70;987;-268;-234;-294
-1170563905;27;-14;1026;140;140;770;-3;-69;982;-255;-231;-294
-1170007675;27;-14;1026;140;70;770;-3;-69;982;-259;-235;-301
-1169451457;26;-15;1029;210;70;770;-1;-68;982;-259;-235;-301
-1168895243;27;-14;1026;350;0;770;-1;-70;984;-271;-232;-297
-1168339035;27;-14;1026;350;0;770;-1;-70;984;-256;-235;-307
-1167782817;26;-15;1027;210;140;770;-1;-70;981;-256;-235;-307
-1167226589;27;-15;1027;210;70;770;-1;-70;981;-271;-231;-306
-1166670371;27;-15;1027;210;70;770;0;-69;981;-262;-231;-315
-1166114147;26;-13;1029;280;70;770;-2;-69;987;-262;-231;-315
-1165557943;26;-13;1029;280;70;770;-2;-69;987;-259;-229;-298
-1165001727;28;-12;1029;280;70;770;0;-71;979;-259;-229;-298
-1164445507;25;-14;1026;210;140;770;-2;-72;982;-265;-237;-309
-1163889279;25;-14;1026;280;140;770;-2;-72;982;-264;-217;-304
-1163333057;26;-14;1026;280;140;770;-2;-71;984;-264;-217;-304
-1162776855;27;-14;1034;280;0;770;-2;-71;984;-262;-234;-301
-1162220627;27;-14;1034;280;0;770;0;-73;980;-262;-231;-294
-1161664407;27;-13;1024;210;70;770;-5;-70;982;-262;-231;-294
-1161108199;27;-16;1028;140;140;770;-5;-70;982;-265;-235;-294
-1160551985;27;-16;1028;140;140;770;-2;-66;982;-265;-235;-291
-1159995751;26;-13;1026;280;70;770;-2;-66;982;-265;-225;-291
-1159439539;28;-15;1031;350;0;770;-2;-73;989;-261;-234;-285
-1158883329;28;-15;1031;350;0;770;-1;-70;981;-261;-234;-285
-1158327113;26;-14;1026;210;140;770;-1;-70;981;-259;-225;-292
-1157770889;26;-14;1026;210;70;700;-2;-71;975;-262;-231;-297
-1157214677;25;-16;1026;210;70;700;-1;-70;981;-262;-231;-297
-1156658447;26;-14;1029;350;0;770;-1;-70;981;-264;-231;-298
-1156102237;26;-14;1029;350;0;700;0;-70;980;-258;-229;-282
-1155546021;28;-14;1028;350;70;700;0;-70;980;-258;-229;-282
-1154989777;27;-15;1026;210;210;770;-3;-70;980;-255;-232;-297
-1154433581;27;-15;1026;210;210;770;-2;-69;982;-255;-232;-297
-1153877369;26;-15;1026;280;140;770;-2;-69;982;-267;-238;-291
-1153321147;27;-15;1032;350;70;770;-4;-75;989;-267;-231;-300
-1152764933;27;-15;1032;350;70;770;-4;-75;989;-267;-231;-300
-1152208699;27;-13;1027;280;140;770;-1;-73;979;-258;-232;-297
-1151652491;27;-13;1027;70;140;700;-1;-71;974;-256;-232;-297
-1151096263;27;-15;1026;70;140;700;-1;-71;974;-256;-232;-297
-1150540051;27;-15;1027;280;70;770;0;-71;979;-258;-234;-295
-1149983839;27;-15;1027;280;0;770;0;-71;981;-258;-234;-295
-1149427623;27;-14;1031;350;0;770;0;-71;981;-264;-237;-292
-1148871391;26;-13;1027;210;140;770;0;-69;978;-265;-240;-295
-1148315181;26;-13;1027;210;140;770;0;-69;978;-265;-240;-295
-1147758969;26;-16;1026;140;140;770;-5;-68;984;-273;-231;-294
-1147202749;26;-12;1028;280;70;700;0;-72;989;-273;-229;-297
-1146646531;26;-12;1028;280;70;700;0;-72;989;-273;-229;-297
-1146090315;27;-14;1030;280;0;700;-1;-70;984;-265;-234;-303
-1145534085;27;-14;1027;210;140;700;-1;-70;983;-268;-231;-300
-1144977865;26;-13;1027;210;140;700;0;-69;983;-268;-231;-300
-1144421651;27;-15;1026;210;70;700;-1;-70;975;-268;-226;-286
-1143865431;27;-15;1026;350;70;700;-1;-70;975;-268;-226;-286
-1143309225;28;-13;1029;350;70;700;0;-71;985;-270;-228;-298
-1142752995;28;-14;1029;280;70;770;0;-71;976;-265;-226;-307
-1142196785;28;-14;1029;280;70;770;0;-71;976;-265;-226;-307
-1141640557;27;-15;1024;140;140;770;-4;-71;985;-273;-232;-301
-1141084343;27;-15;1031;280;140;770;-4;-71;985;-258;-232;-306
-1140528135;27;-15;1031;280;140;770;-2;-69;985;-258;-232;-306
-1139971917;27;-13;1029;350;0;700;0;-74;986;-258;-226;-301
-1139415689;28;-15;1025;140;140;770;0;-74;986;-258;-226;-307
-1138859465;28;-15;1025;140;140;770;-2;-68;978;-267;-234;-307
-1138303265;26;-15;1025;140;140;770;-2;-69;984;-273;-237;-307
-1137747031;26;-15;1025;350;0;770;0;-69;984;-273;-237;-307
-1137190815;26;-15;1031;350;0;770;0;-69;985;-265;-223;-303
-1136634607;27;-13;1030;350;0;700;0;-69;985;-273;-232;-307
-1136078389;27;-13;1030;350;0;770;-2;-68;984;-273;-232;-307
-1135522157;26;-15;1025;140;140;770;-4;-70;978;-273;-237;-298
-1134965947;25;-16;1028;210;140;770;-4;-70;978;-268;-231;-298
-1134409735;25;-16;1028;210;140;770;-2;-72;987;-268;-231;-298
-1133853519;27;-14;1031;350;0;770;-2;-72;987;-265;-222;-312
-1133297297;29;-14;1028;280;70;770;-1;-72;981;-265;-222;-312
-1132741073;29;-14;1028;280;70;770;-3;-71;980;-265;-229;-301
-1132184851;26;-15;1025;70;210;770;-3;-71;980;-273;-226;-301
-1131628639;26;-15;1025;210;70;770;-4;-67;979;-273;-226;-301
-1131072429;26;-15;1028;210;70;770;0;-71;986;-276;-226;-300
-1130516197;27;-14;1031;350;0;770;0;-71;986;-273;-222;-303
-1129959989;27;-14;1031;350;140;770;-2;-67;983;-273;-222;-303
-1129403777;26;-14;1027;140;140;770;-2;-67;983;-253;-229;-286
-1128847557;25;-16;1027;140;140;770;-2;-71;977;-253;-229;-310
-1128291331;25;-16;1027;140;140;770;-2;-71;978;-256;-235;-310
-1127735121;25;-14;1028;350;0;700;-2;-71;978;-274;-219;-306
-1127178903;26;-13;1028;350;70;700;-1;-70;979;-274;-219;-306
-1126622673;26;-13;1028;350;70;700;-1;-70;979;-271;-232;-310
-1126066449;26;-15;1028;70;140;700;-2;-71;977;-253;-231;-310
-1125510247;26;-15;1027;280;70;770;-3;-70;981;-253;-231;-310
-1124954033;25;-15;1027;280;70;770;-3;-70;981;-261;-223;-304
-1124397815;27;-13;1029;350;70;770;0;-69;985;-271;-235;-304
-1123841589;27;-13;1029;210;140;700;-4;-71;981;-271;-235;-304
-1123285361;27;-13;1027;210;140;700;-4;-71;981;-270;-231;-301
-1122729159;26;-16;1028;140;70;770;-2;-67;985;-270;-231;-301
-1122172933;26;-16;1028;140;70;770;-2;-67;985;-267;-232;-307
-1121616725;27;-14;1029;280;70;700;-1;-70;977;-270;-231;-301
-1121060507;28;-12;1028;280;0;700;0;-71;982;-270;-231;-301
-1120504277;28;-12;1028;280;0;700;0;-71;982;-256;-223;-303
-1119948053;27;-14;1025;210;140;770;-3;-69;977;-258;-228;-300
-1119391843;26;-15;1031;210;140;770;-3;-69;977;-258;-228;-300
-1118835631;26;-15;1031;210;140;770;-1;-71;983;-261;-235;-312
-1118279415;27;-14;1027;350;0;700;0;-68;983;-261;-228;-300
-1117723193;27;-14;1027;210;70;770;0;-68;983;-265;-228;-300
-1117166961;27;-13;1028;210;70;770;-3;-71;981;-259;-222;-307
-1116610753;25;-16;1025;140;140;770;-3;-67;985;-259;-222;-307
-1116054535;25;-16;1025;140;140;770;-3;-67;985;-259;-238;-304
-1115498323;27;-14;1029;280;0;770;0;-71;985;-259;-237;-306
-1114942095;26;-12;1029;350;70;770;0;-71;985;-259;-237;-306
-1114385885;26;-12;1029;350;70;770;-1;-72;973;-261;-243;-304
-1113829673;27;-16;1026;140;70;770;-1;-69;981;-273;-225;-298
-1113273451;27;-15;1028;210;140;770;-1;-69;981;-273;-225;-298
-1112717235;27;-15;1028;210;140;770;-2;-69;979;-268;-232;-307
-1112161001;28;-15;1029;350;0;770;-2;-69;989;-268;-232;-307
-1111604789;28;-15;1029;280;70;770;-2;-72;989;-271;-231;-309
-1111048563;26;-12;1029;280;70;770;-3;-67;979;-271;-238;-304
-1110492365;27;-15;1025;140;140;770;-3;-67;979;-271;-238;-304
-1109936143;27;-15;1025;140;70;770;-3;-70;984;-256;-231;-313
-1109379927;26;-16;1029;280;70;770;-1;-71;985;-262;-228;-309
-1108823707;28;-12;1029;420;0;700;-1;-71;985;-262;-228;-309
-1108267473;28;-12;1029;420;0;700;0;-71;981;-274;-235;-304
-1107711257;26;-14;1026;210;140;770;0;-71;981;-274;-235;-303
-1107155043;26;-16;1026;140;140;770;-3;-69;980;-262;-235;-303
-1106598837;26;-16;1026;140;140;770;-1;-69;983;-270;-234;-304
-1106042607;27;-14;1028;350;0;770;-1;-69;983;-270;-234;-304
-1105486389;27;-14;1030;280;0;770;-1;-71;983;-261;-240;-303
-1104930185;27;-14;1030;280;0;770;-4;-71;984;-270;-232;-312
-1104373963;27;-14;1026;140;140;770;-4;-71;984;-270;-232;-312
-1103817739;27;-14;1026;210;140;770;-2;-70;984;-280;-238;-304
-1103261529;27;-14;1026;210;140;770;-2;-70;984;-261;-229;-306
-1102705311;27;-14;1030;350;0;770;-2;-76;980;-261;-229;-306
-1102149089;27;-14;1030;350;0;770;-1;-71;984;-265;-244;-303
-1101592877;26;-13;1028;210;140;770;-1;-71;984;-265;-244;-303
-1101036647;26;-15;1027;140;140;770;-2;-69;976;-268;-228;-306
-323749419;27;-14;1028;280;70;770;-2;-70;983;-252;-228;-286
-323193205;26;-14;1027;280;70;770;-2;-70;983;-261;-234;-285
-322636989;27;-14;1027;210;70;770;-2;-70;981;-262;-235;-282
-322080771;27;-14;1027;210;70;770;-2;-72;977;-262;-235;-282
-321524559;27;-15;1027;280;70;770;-2;-72;977;-262;-235;-286
-320968331;27;-15;1028;280;70;770;-5;-71;979;-262;-235;-286
-320412121;27;-15;1028;280;70;770;-5;-71;979;-267;-241;-297
-319855891;27;-15;1027;280;70;770;-1;-72;979;-271;-235;-289
-319299691;27;-15;1027;280;70;770;-2;-70;979;-271;-235;-289
-318743469;27;-15;1027;280;70;770;-2;-70;979;-264;-237;-300
-318187253;26;-14;1027;280;70;770;-1;-68;984;-259;-231;-285
-317631037;26;-14;1027;280;70;770;-1;-68;979;-259;-231;-285
-317074807;26;-15;1027;210;70;770;-2;-70;979;-264;-235;-291
-316518591;27;-14;1026;210;70;770;-2;-69;986;-264;-229;-298
-315962373;27;-14;1026;210;70;770;-2;-69;986;-262;-229;-298
-315406165;27;-14;1027;280;70;770;-1;-68;980;-268;-234;-300
-314849947;27;-14;1030;210;70;700;-1;-74;986;-268;-234;-300
-314293717;27;-14;1030;210;70;700;-1;-74;986;-270;-238;-292
-313737493;27;-15;1030;280;70;770;-2;-71;979;-277;-232;-283
-313181291;27;-15;1030;210;70;770;-2;-71;979;-277;-232;-283
-312625065;27;-13;1024;210;70;770;0;-69;973;-262;-240;-300
-312068855;26;-16;1023;140;140;770;-3;-67;981;-256;-240;-283
-311512639;26;-16;1023;140;140;770;-3;-67;981;-256;-240;-283
-310956419;26;-15;1029;280;70;700;-2;-71;986;-270;-235;-297
-310400191;27;-15;1030;280;70;770;-2;-71;983;-270;-235;-297
-309843973;27;-15;1030;280;70;770;-3;-71;983;-270;-229;-294
-309287767;27;-14;1025;210;70;770;-1;-69;981;-270;-240;-306
-308731549;26;-14;1024;140;140;700;-1;-69;981;-270;-240;-306
-308175329;26;-14;1024;140;140;700;-1;-68;977;-265;-237;-285
-307619115;25;-16;1031;350;70;770;0;-69;986;-264;-225;-289
-307062883;25;-16;1031;350;0;770;0;-69;986;-264;-225;-289
-306506667;27;-13;1029;350;0;770;0;-68;977;-261;-231;-292
-305950457;27;-15;1024;210;140;770;0;-68;977;-261;-231;-300
-305394239;27;-15;1024;210;140;770;-3;-68;983;-259;-225;-300
-304838019;26;-14;1023;210;140;770;-4;-71;986;-265;-231;-282
-304281789;26;-15;1030;420;0;700;-4;-71;986;-265;-231;-282
-303725583;26;-15;1030;420;0;700;0;-68;988;-265;-223;-291
-303169369;27;-13;1030;280;70;700;-3;-71;984;-267;-232;-294
-302613151;26;-15;1024;140;140;770;-3;-71;984;-267;-232;-294
-302056921;26;-15;1024;140;140;770;-5;-69;978;-262;-232;-297
-301500715;26;-15;1027;210;70;700;-5;-69;978;-262;-235;-298
-300944493;26;-15;1029;350;0;700;0;-73;980;-262;-235;-298
-300388275;27;-13;1029;350;0;700;-2;-69;980;-259;-237;-304
-299832061;27;-14;1028;210;140;770;-2;-69;980;-259;-237;-304
-299275843;27;-14;1028;140;140;770;-1;-71;978;-265;-231;-286
-298719619;26;-16;1025;140;140;770;-1;-71;978;-273;-232;-300
-298163397;25;-15;1027;350;70;770;-1;-69;977;-273;-232;-300
-297607185;25;-15;1027;350;70;770;-1;-71;992;-270;-235;-291
-297050967;27;-14;1029;350;0;770;-1;-71;992;-265;-235;-297
-296494751;26;-14;1028;210;140;770;-1;-70;980;-265;-235;-297
-295938531;26;-14;1028;210;140;770;-2;-71;981;-270;-244;-288
-295382317;26;-15;1027;210;140;770;-2;-71;981;-270;-231;-297
-294826101;27;-15;1028;280;0;770;-1;-70;978;-271;-231;-297
-294269871;27;-15;1028;280;0;770;-1;-70;978;-277;-225;-286
-293713659;28;-13;1027;280;70;770;0;-72;978;-277;-225;-286
-293157431;28;-13;1027;140;140;770;-3;-69;975;-270;-237;-301
-292601221;26;-16;1025;140;140;770;-3;-69;975;-261;-247;-289
-292044989;26;-16;1028;280;70;770;-1;-70;980;-261;-247;-289
-291488787;26;-16;1028;280;70;770;-1;-70;980;-267;-237;-291
-290932563;27;-14;1029;280;0;770;-1;-67;983;-258;-244;-288
-290376351;27;-14;1028;210;70;770;-5;-69;987;-258;-244;-288
-289820127;27;-14;1028;210;70;770;-5;-69;987;-262;-234;-283
-289263911;26;-14;1027;140;70;770;-2;-70;979;-262;-234;-283
-288707699;26;-15;1027;350;70;700;-3;-69;983;-271;-243;-289
-288151479;26;-15;1027;350;70;700;-3;-69;983;-259;-243;-292
-287595265;26;-14;1027;280;70;770;0;-69;983;-259;-243;-292
-287039033;26;-14;1027;210;140;770;0;-69;983;-264;-240;-291
-286482817;26;-14;1027;210;140;770;-2;-70;973;-265;-237;-300
-285926609;25;-15;1027;280;70;770;0;-72;983;-265;-237;-300
-285370391;25;-15;1027;280;70;770;0;-72;983;-262;-235;-291
-284814171;26;-15;1027;350;70;770;0;-70;980;-264;-234;-292
-284257955;27;-15;1028;280;70;700;0;-70;985;-264;-234;-292
-283701725;27;-15;1028;280;70;700;-3;-71;985;-262;-231;-279
-283145515;26;-15;1026;210;140;770;-3;-67;981;-262;-231;-279
-282589287;27;-16;1028;350;70;770;-3;-67;981;-261;-244;-295
-282033081;27;-16;1028;350;70;770;-1;-71;984;-259;-222;-285
-281476863;26;-14;1027;280;70;770;-3;-71;984;-259;-222;-285
-280920649;26;-14;1026;210;140;770;-3;-71;984;-267;-235;-288
-280364425;26;-14;1026;210;140;770;-4;-71;982;-265;-240;-289
-279808197;26;-15;1028;210;140;770;-4;-71;982;-265;-240;-289
-279251991;26;-15;1028;280;70;770;0;-71;977;-261;-247;-288
-278695767;27;-14;1028;280;70;770;-2;-71;983;-261;-247;-288
-278139557;27;-14;1027;210;70;770;-2;-71;983;-267;-240;-291
-277583341;27;-14;1027;210;70;770;-1;-70;980;-267;-235;-291
-277027125;26;-15;1026;210;140;700;-3;-69;978;-267;-235;-291
-276470887;27;-15;1027;280;70;700;-3;-69;978;-258;-231;-286
-275914671;27;-15;1027;280;70;700;0;-66;989;-276;-232;-291
-275358465;26;-13;1028;280;70;770;0;-66;989;-276;-232;-291
-274802249;26;-14;1026;140;140;770;-3;-71;980;-265;-235;-292
-274246021;28;-14;1026;140;140;770;-2;-70;982;-267;-241;-286
-273689805;27;-16;1027;210;140;770;-2;-70;982;-267;-241;-286
-273133585;27;-16;1027;280;0;770;-2;-69;978;-261;-232;-295
-272577375;26;-15;1028;280;0;770;-2;-69;978;-261;-232;-295
-272021161;27;-14;1028;280;70;770;-1;-75;984;-265;-231;-283
-271464941;27;-14;1028;280;70;770;-3;-67;977;-268;-238;-295
-270908721;27;-14;1026;210;140;770;-3;-67;977;-268;-238;-295
-270352489;26;-15;1027;280;70;770;0;-72;980;-279;-243;-289
-269796285;26;-15;1027;280;70;770;-2;-68;986;-265;-229;-288
-269240059;27;-14;1027;350;70;700;-2;-68;986;-265;-229;-288
-268683851;27;-15;1028;280;140;770;-2;-72;986;-265;-234;-283
-268127619;27;-15;1028;280;140;770;-2;-72;986;-265;-234;-288
-267571405;26;-15;1026;210;140;770;-1;-69;982;-270;-238;-288
-267015195;26;-15;1026;280;70;700;-3;-71;984;-270;-231;-289
-266458977;25;-15;1028;280;70;700;-3;-71;984;-270;-231;-289
-265902763;27;-14;1029;280;70;700;0;-72;981;-264;-234;-288
-265346543;27;-14;1029;280;70;770;0;-72;981;-268;-246;-286
-264790319;27;-13;1027;280;70;770;-1;-72;978;-268;-246;-286
-264234089;26;-14;1028;210;140;770;-1;-70;978;-261;-229;-297
-263677881;26;-14;1028;210;140;770;-1;-70;978;-267;-240;-295
-263121663;26;-14;1026;350;70;700;-1;-69;981;-267;-240;-295
-262565441;27;-14;1028;280;70;700;-2;-70;986;-264;-232;-288
-262009235;27;-14;1028;280;70;700;-2;-70;986;-264;-232;-288
-261453009;26;-14;1026;210;140;770;-3;-67;979;-271;-237;-292
-260896791;26;-14;1027;210;70;700;-3;-67;979;-270;-237;-292
-260340579;26;-15;1027;210;70;700;-2;-74;987;-270;-237;-292
-259784365;26;-15;1028;280;70;700;-3;-67;981;-270;-228;-292
-259228147;26;-15;1028;280;140;700;-3;-67;981;-276;-232;-294
-258671917;27;-15;1027;280;140;700;-1;-72;976;-276;-232;-294
-258115713;25;-15;1025;210;140;700;-1;-72;981;-268;-240;-289
-257559491;25;-15;1025;210;140;700;-4;-69;981;-268;-240;-300
-257003265;26;-15;1026;280;70;700;0;-73;979;-270;-235;-300
-256447055;27;-14;1028;280;70;770;0;-73;979;-268;-223;-300
-255890839;27;-14;1028;280;70;770;-1;-71;981;-268;-223;-300
-255334607;27;-15;1027;210;140;770;-1;-68;985;-270;-235;-300
-254778385;27;-14;1026;280;70;700;-1;-68;985;-270;-234;-304
-254222175;26;-14;1026;280;70;700;-3;-69;982;-270;-234;-304
-253665965;27;-14;1028;280;70;770;-3;-69;982;-264;-234;-292
-253109747;27;-14;1028;280;70;770;-3;-71;987;-271;-235;-292
-252553529;26;-14;1028;280;70;770;-1;-69;983;-271;-235;-292
-251997293;27;-14;1026;210;140;770;-1;-69;983;-264;-241;-295
-251441083;27;-14;1026;210;140;770;0;-73;977;-264;-241;-295
-250884867;26;-15;1028;210;70;770;0;-73;978;-274;-234;-291
-250328655;26;-15;1028;280;70;770;-1;-71;978;-267;-228;-291
-249772439;26;-15;1028;280;70;770;0;-68;981;-267;-228;-291
-249216221;26;-14;1027;280;70;770;0;-68;981;-276;-237;-289
-248659989;26;-15;1028;210;70;700;-2;-71;982;-258;-241;-295
-248103775;26;-15;1028;210;70;700;-3;-69;987;-258;-241;-295
-247547567;27;-14;1028;210;140;770;-3;-69;987;-262;-243;-291
-246991333;27;-14;1028;280;70;770;0;-69;982;-262;-243;-289
-246435121;26;-14;1028;280;70;770;0;-69;982;-264;-229;-289
-245878915;26;-14;1027;280;70;700;-3;-69;982;-259;-226;-288
-245322697;26;-14;1027;280;70;770;-1;-71;982;-259;-226;-288
-244766475;26;-16;1027;210;70;770;-1;-71;982;-268;-229;-282
-244210261;26;-14;1027;210;0;770;-1;-71;974;-271;-234;-288
-243654043;26;-14;1027;210;0;770;0;-71;987;-271;-234;-288
-243097813;27;-14;1028;280;70;770;0;-71;987;-256;-238;-279
-242541587;27;-14;1028;280;70;770;-2;-69;974;-264;-232;-283
-241985375;27;-14;1028;280;70;770;-2;-69;974;-264;-232;-283
-241429157;25;-15;1028;280;70;770;-3;-71;987;-259;-247;-282
-240872951;25;-15;1028;210;70;770;-2;-66;982;-259;-247;-282
-240316721;26;-15;1027;210;70;770;-2;-66;982;-267;-237;-295
-239760505;26;-13;1028;280;70;770;-2;-69;984;-255;-243;-291
-239204301;26;-13;1028;210;140;770;-2;-69;984;-255;-243;-291
-238648071;26;-14;1027;210;140;770;-3;-70;981;-274;-240;-286
-238091859;27;-14;1027;280;70;700;-2;-73;982;-273;-253;-276
-237535645;27;-14;1027;280;70;700;-2;-73;982;-273;-253;-276
-236979413;25;-13;1028;210;0;770;-1;-71;979;-255;-250;-300
-236423209;26;-14;1029;280;70;770;-1;-71;983;-255;-237;-291
-235866981;26;-14;1029;280;70;770;-1;-71;983;-265;-237;-291
-235310769;27;-15;1027;210;70;770;-1;-71;980;-259;-231;-291
-234754553;27;-15;1026;280;70;770;-1;-71;980;-259;-231;-291
-234198325;26;-15;1026;280;70;770;-3;-71;985;-270;-243;-285
-233642109;27;-15;1027;280;70;770;-2;-71;986;-264;-243;-283
-233085891;27;-15;1027;280;70;770;-2;-71;986;-264;-243;-283
-232529679;25;-14;1027;280;70;770;-3;-70;984;-259;-241;-282
-231973465;27;-15;1027;280;70;770;-3;-70;984;-261;-229;-289
-231417233;27;-15;1027;280;70;770;-3;-72;979;-261;-229;-289
-230861025;26;-14;1028;280;70;770;0;-69;978;-262;-232;-276
-230304801;26;-15;1027;280;70;700;0;-69;978;-262;-232;-276
-229748583;26;-15;1027;280;70;700;-1;-69;981;-264;-238;-289
-229192365;27;-14;1027;210;140;700;0;-71;979;-270;-229;-279
-228636155;27;-14;1027;280;70;770;0;-71;979;-270;-229;-279
-228079939;27;-14;1027;280;70;770;-1;-70;984;-258;-246;-292
-227523715;27;-15;1026;210;70;700;-1;-70;984;-268;-247;-279
-226967487;27;-15;1026;280;140;700;-4;-71;983;-268;-247;-279
-226411275;27;-14;1027;280;140;700;0;-71;980;-259;-229;-289
-225855065;26;-14;1028;280;140;700;0;-71;980;-259;-247;-283
-225298835;26;-14;1028;280;140;770;-2;-70;980;-259;-247;-283
-224742625;27;-14;1027;280;70;770;-2;-70;983;-262;-229;-288
-224186393;27;-15;1028;280;140;770;0;-69;983;-262;-229;-288
-223630183;27;-15;1028;280;140;770;-2;-68;980;-258;-244;-286
-223073963;26;-15;1028;210;70;770;-2;-68;980;-267;-240;-285
-222517745;26;-15;1027;210;70;700;-2;-67;985;-267;-240;-285
-221961541;26;-15;1027;210;70;700;-1;-70;983;-259;-237;-286
-221405325;26;-15;1028;280;70;700;-1;-70;983;-259;-243;-295
-220849107;26;-15;1028;280;70;770;-2;-74;984;-259;-243;-295
-220292883;27;-15;1029;280;70;770;-2;-74;984;-264;-232;-274
-219736665;27;-15;1027;280;70;770;-1;-69;979;-264;-232;-274
-219180451;27;-15;1027;280;70;770;0;-72;981;-258;-234;-286
-218624219;26;-14;1028;280;70;770;0;-72;981;-264;-226;-285
-218067997;26;-15;1027;280;70;770;-2;-69;986;-264;-226;-285
-217511779;26;-15;1027;280;70;770;-2;-70;981;-264;-240;-283
-216955575;27;-15;1028;210;70;770;0;-70;981;-274;-238;-286
-216399361;27;-16;1027;210;70;770;-3;-68;983;-274;-238;-286
-215843143;27;-16;1027;210;70;770;-3;-68;983;-262;-240;-286
-215286923;27;-14;1027;280;70;770;-2;-69;984;-276;-238;-277
-214730689;27;-15;1027;210;70;770;-1;-71;981;-276;-238;-277
-214174475;28;-15;1027;210;70;770;-1;-71;981;-261;-235;-280
-213618267;26;-14;1028;210;140;700;-3;-71;985;-261;-235;-280
-213062051;26;-14;1028;280;70;770;-3;-71;985;-267;-235;-280
-212505815;27;-15;1028;280;70;770;-2;-71;982;-261;-241;-282
-211949605;26;-15;1028;210;140;770;-2;-72;978;-261;-241;-282
-211393399;26;-15;1028;210;140;770;-2;-72;978;-262;-237;-289
-210837177;26;-15;1028;210;70;700;-2;-71;982;-259;-238;-282
-210280963;26;-14;1027;280;70;700;-1;-68;976;-259;-238;-282
-209724741;26;-14;1027;280;70;700;-1;-68;976;-265;-237;-288
-209168513;26;-15;1027;280;70;770;0;-73;983;-265;-237;-291
-208612289;28;-15;1029;210;70;770;0;-73;983;-262;-237;-291
-208056081;28;-15;1029;210;70;770;-2;-68;978;-261;-235;-285
-207499863;27;-16;1027;210;70;770;0;-70;980;-261;-235;-285
-206943641;27;-16;1027;210;70;770;0;-70;980;-273;-243;-285
-206387435;26;-15;1027;210;70;770;-1;-67;983;-267;-234;-273
-205831209;27;-14;1029;280;70;770;-1;-67;983;-267;-234;-273
-205274987;27;-14;1029;280;70;770;-2;-70;987;-270;-235;-295
-204718779;26;-15;1027;280;70;770;0;-71;983;-264;-235;-289
-204162565;27;-13;1026;280;70;770;0;-71;983;-264;-235;-289
-203606345;27;-13;1026;280;70;770;-3;-68;984;-258;-241;-294
-203050121;26;-14;1027;210;70;770;-1;-69;986;-258;-241;-294
-202493913;27;-14;1028;280;70;770;-1;-69;986;-264;-238;-283
-201937691;27;-14;1028;280;70;770;-1;-69;980;-265;-231;-286
-201381465;25;-14;1028;280;70;700;-1;-69;980;-265;-231;-286
-200825255;25;-14;1028;210;70;770;-1;-71;984;-259;-238;-294
-200269037;26;-14;1027;210;70;770;-2;-71;984;-267;-240;-283
-199712809;26;-14;1027;280;70;700;-2;-71;984;-267;-240;-283
-199156585;26;-14;1027;280;140;770;-2;-71;978;-253;-235;-286
-198600375;26;-15;1028;210;140;770;-2;-71;978;-253;-235;-286
-198044165;26;-15;1028;280;140;770;-3;-73;981;-270;-237;-288
-197487935;26;-15;1028;280;140;770;-2;-69;976;-273;-234;-282
-196931727;27;-15;1028;280;140;770;-2;-69;976;-273;-234;-282
-196375497;26;-16;1028;280;70;770;-1;-71;984;-262;-234;-288
-195819285;26;-16;1028;280;70;770;-1;-69;978;-253;-231;-295
-195263067;26;-15;1028;280;70;770;-1;-69;978;-253;-231;-295
-194706855;26;-15;1027;210;70;770;-1;-73;980;-268;-237;-292
-194150637;27;-14;1027;210;70;770;-1;-73;980;-261;-226;-285
-193594419;27;-14;1028;210;70;770;-2;-70;983;-261;-226;-285
-193038207;27;-14;1028;280;140;770;-2;-70;984;-262;-237;-291
-192481983;26;-14;1028;280;140;770;-2;-70;984;-262;-237;-291
-191925765;26;-14;1028;280;70;770;0;-71;978;-253;-234;-289
-191369535;26;-14;1028;280;70;770;0;-71;984;-268;-244;-283
-190813321;27;-14;1029;280;70;770;-2;-69;984;-268;-244;-283
-190257117;26;-14;1027;280;70;770;-1;-70;981;-261;-246;-291
-189700897;26;-14;1027;280;70;770;-1;-70;981;-262;-237;-292
-189144667;25;-14;1028;280;70;770;-2;-71;975;-262;-237;-292
-188588459;26;-15;1027;280;70;700;-1;-69;986;-262;-243;-294
-188032225;26;-15;1027;280;70;700;-1;-69;986;-262;-243;-294
-187476005;26;-15;1028;280;70;700;-1;-69;980;-264;-237;-294
-186919797;26;-15;1028;280;70;770;-1;-69;980;-258;-232;-294
-186363575;26;-14;1029;280;70;770;-2;-72;987;-258;-232;-294
-185807369;26;-15;1027;210;70;770;-1;-66;984;-265;-238;-283
-185251153;26;-15;1027;210;70;770;-1;-66;984;-268;-241;-277
-184694929;27;-14;1027;210;70;770;-1;-70;984;-268;-241;-277
-184138699;26;-14;1028;280;70;700;-2;-71;982;-265;-235;-286
-183582499;26;-14;1028;280;70;700;-2;-71;982;-259;-240;-291
-183026267;26;-14;1028;280;70;700;0;-73;981;-259;-240;-291
-182470049;28;-13;1027;280;140;770;0;-73;981;-267;-234;-295
-181913843;28;-13;1027;280;140;770;0;-70;980;-267;-234;-295
-181357625;27;-15;1027;210;140;770;0;-71;982;-265;-237;-295
-180801389;27;-15;1027;280;70;770;0;-71;982;-267;-238;-292
-180245191;26;-15;1028;280;70;770;-1;-70;983;-267;-238;-292
-179688971;26;-15;1029;280;70;770;-1;-70;983;-265;-244;-289
-179132753;26;-15;1029;280;70;700;-3;-70;989;-262;-243;-285
-178576525;26;-15;1028;210;70;700;-1;-69;984;-262;-243;-285
-178020309;27;-14;1024;280;70;770;-1;-69;984;-259;-244;-289
-177464091;27;-14;1024;280;70;770;-3;-72;980;-259;-244;-280
-176907873;26;-16;1027;210;70;770;-2;-70;979;-262;-229;-280
-176351665;26;-16;1029;280;70;770;-2;-70;979;-259;-235;-286
-175795445;26;-16;1029;280;70;770;-2;-71;981;-259;-235;-286
-175239213;28;-15;1030;350;70;770;-2;-71;981;-267;-238;-286
-174682993;28;-15;1026;210;70;770;-1;-71;979;-265;-240;-291
-174126789;26;-13;1026;210;70;770;-1;-69;977;-265;-240;-291
-173570565;26;-15;1026;210;70;700;-1;-69;977;-262;-238;-291
-173014355;26;-15;1026;280;0;770;0;-71;987;-256;-238;-289
-172458137;27;-13;1030;280;0;770;0;-71;987;-256;-238;-289
-171901909;27;-13;1028;280;70;770;-3;-70;986;-265;-229;-279
-171345687;27;-13;1028;280;70;770;-1;-72;979;-265;-229;-279
-170789475;27;-15;1026;210;140;700;-1;-72;979;-264;-241;-289
-170233265;25;-16;1026;280;140;770;-3;-70;978;-259;-232;-292
-169677035;25;-16;1026;280;140;770;-1;-70;988;-259;-232;-292
-169120823;26;-15;1029;280;0;770;-1;-70;988;-270;-238;-283
-168564593;27;-14;1028;210;70;770;-1;-70;973;-267;-231;-286
-168008383;27;-14;1028;210;70;770;-1;-70;973;-267;-231;-286
-167452163;26;-15;1027;210;140;770;-1;-69;984;-268;-247;-289
-166895945;26;-15;1027;280;70;700;-2;-69;976;-268;-240;-291
-166339715;27;-15;1028;280;70;700;-2;-69;976;-271;-240;-291
-165783521;28;-15;1029;280;70;770;-3;-70;987;-274;-241;-279
-165227307;28;-15;1029;280;70;700;-3;-70;981;-274;-241;-279
-164671083;26;-15;1027;210;140;700;-3;-69;981;-256;-229;-286
-164114867;26;-16;1026;210;140;700;-3;-72;984;-259;-246;-288
-163558651;26;-16;1026;210;140;700;-3;-72;984;-259;-246;-288
-163002421;27;-15;1027;350;70;770;-2;-70;985;-267;-241;-280
-162446197;27;-14;1030;280;70;770;0;-72;981;-261;-250;-285
-161889979;27;-14;1030;280;70;770;0;-72;981;-261;-250;-285
-161333767;26;-15;1028;210;70;700;-2;-70;981;-261;-238;-285
-160777559;26;-15;1028;280;70;770;-2;-70;981;-261;-238;-285
-160221331;27;-15;1028;280;70;770;-2;-71;985;-267;-237;-288
-159665123;27;-14;1028;280;0;700;-3;-70;981;-261;-231;-289
-159108889;27;-14;1028;280;70;770;-3;-70;981;-261;-231;-289
-158552679;27;-15;1027;280;70;770;-2;-70;985;-262;-234;-277
-157996469;26;-15;1026;210;140;770;-2;-70;979;-271;-244;-277
-157440251;26;-15;1026;210;140;770;-3;-69;979;-271;-244;-277
-156884015;27;-15;1028;280;70;770;0;-72;984;-267;-234;-282
-156327817;26;-15;1029;280;70;770;0;-72;984;-264;-235;-282
-155771599;26;-15;1029;280;70;770;0;-67;983;-264;-235;-282
-155215377;27;-15;1028;210;140;770;-3;-69;985;-271;-237;-288
-154659161;27;-15;1027;210;140;770;-3;-69;985;-271;-237;-288
-154102931;26;-15;1027;210;140;770;-2;-68;983;-262;-232;-297
-153546719;27;-15;1027;280;70;700;-2;-68;983;-268;-250;-282
-152990489;27;-15;1027;280;140;770;-1;-73;979;-268;-250;-282
-152434291;26;-14;1028;280;140;770;-1;-69;978;-264;-247;-297
-151878071;26;-14;1028;210;140;770;-1;-69;978;-256;-241;-277
-151321841;26;-14;1028;210;140;770;-2;-71;981;-256;-241;-277
-150765631;25;-16;1027;280;70;770;-1;-73;978;-259;-241;-286
-150209417;27;-14;1028;280;70;770;-1;-73;978;-259;-241;-286
-149653197;27;-14;1028;280;70;770;-1;-69;989;-271;-238;-283
-149096979;26;-15;1029;280;70;770;-1;-69;989;-265;-244;-279
-148540765;26;-15;1028;280;140;770;-3;-71;983;-265;-244;-279
-147984545;26;-15;1028;280;140;770;-2;-71;986;-267;-238;-292
-147428315;27;-15;1029;210;70;700;-2;-71;986;-253;-235;-297
-146872109;27;-15;1029;280;70;700;-1;-70;977;-253;-235;-297
-146315883;27;-15;1028;280;70;700;-1;-70;977;-267;-229;-294
-145759671;27;-14;1028;210;70;700;-1;-70;981;-267;-238;-294
-145203455;27;-14;1028;210;70;700;-2;-68;977;-273;-238;-294
-144647227;26;-15;1027;210;70;770;-2;-68;977;-268;-234;-285
-144091021;27;-14;1029;280;70;770;-1;-70;982;-268;-234;-285
-143534787;27;-14;1029;280;70;770;-2;-70;984;-276;-247;-294
-142978575;27;-14;1027;210;140;770;-2;-70;984;-264;-241;-280
-142422365;27;-14;1027;280;140;770;-3;-70;985;-264;-241;-280
-141866147;27;-14;1027;280;140;770;-3;-70;985;-270;-235;-298
-141309925;28;-15;1027;280;70;770;-1;-72;978;-277;-240;-285
-140753713;28;-15;1027;210;70;770;-1;-68;981;-277;-240;-285
-140197483;27;-14;1027;210;70;770;-1;-68;981;-267;-247;-301
-139641267;27;-15;1027;210;70;770;0;-69;979;-267;-247;-301
-139085055;27;-15;1027;210;140;770;0;-69;979;-267;-247;-292
-138528835;26;-14;1027;280;140;770;-2;-70;975;-277;-240;-300
-137972613;28;-15;1029;280;70;770;0;-67;987;-277;-240;-300
-137416393;28;-15;1029;280;70;770;0;-67;987;-268;-243;-295
-136860183;27;-15;1028;280;70;770;-2;-69;978;-271;-229;-297
-136303967;26;-15;1027;210;70;770;-3;-71;985;-271;-229;-297
-135747751;26;-15;1027;210;70;770;-3;-71;985;-264;-238;-282
-135191519;26;-14;1027;280;70;770;-1;-68;984;-264;-241;-292
-134635297;26;-14;1027;280;70;770;-1;-68;984;-264;-241;-292
-134079097;27;-14;1027;280;70;770;-1;-72;983;-258;-237;-292
