Timestamp;DSOay;DSOay;DSOaz;DSOgx;DSOgy;DSOgz;W12ax;W12ay;W12az;MDLmx;MDLmy;MDLmz
-2024023275;-1;0;1013;210;70;490;-13;-36;989;-888;828;-91
-2023467079;-1;-4;1003;210;0;490;-6;-42;1019;-874;822;-100
-2022910881;-1;-4;1003;280;-140;490;-6;-42;1019;-874;822;-100
-2022354695;1;-1;1026;280;-140;490;-12;-43;1019;-888;835;-96
-2021798481;3;1;1043;350;-70;560;-8;-42;1027;-886;828;-94
-2021242289;3;1;1043;350;-70;560;-8;-42;1027;-886;828;-94
-2020686091;-4;-7;1001;-70;210;630;-14;-34;993;-886;829;-97
-2020129893;-4;-4;1011;210;0;560;-11;-32;1003;-883;831;-91
-2019573705;-4;-4;1011;210;0;560;-11;-32;1003;-883;831;-91
-2019017503;-2;-1;1027;350;-140;490;-5;-42;1034;-894;823;-99
-2018461315;-2;-1;1027;350;-140;490;-5;-42;1034;-894;823;-103
-2017905113;0;2;1032;210;0;490;-6;-39;1005;-882;825;-103
-2017348923;0;0;1012;70;70;490;-8;-42;1000;-891;835;-91
-2016792717;0;0;1012;70;70;490;-8;-42;1000;-891;835;-91
-2016236539;-2;-5;1008;140;0;560;-12;-38;1008;-885;835;-97
-2015680335;-2;-5;1008;420;-140;490;-12;-38;1008;-888;826;-88
-2015124133;0;-3;1033;420;-140;490;-10;-38;1023;-888;826;-88
-2014567939;0;-4;1022;70;70;490;-10;-38;1014;-888;819;-96
-2014011755;0;-4;1022;70;70;490;-10;-38;1014;-892;826;-94
-2013455545;0;-1;1014;140;70;490;-8;-42;1002;-892;826;-94
-2012899357;0;0;1011;210;0;490;-7;-42;1016;-876;817;-99
-2012343153;0;0;1011;210;0;490;-7;-42;1016;-876;817;-99
-2011786961;0;0;1025;280;-70;560;-9;-39;1016;-888;825;-91
-2011230765;0;0;1025;210;0;490;-9;-39;1016;-886;814;-96
-2010674559;0;-3;1024;210;0;490;-12;-40;1016;-886;814;-96
-2010118383;-1;-4;1017;140;70;490;-11;-41;1007;-894;829;-103
-2009562187;-1;-4;1017;140;70;490;-11;-41;1007;-883;811;-93
-2009005979;0;-2;1016;210;0;490;-9;-42;1016;-883;811;-93
-2008449787;0;-1;1019;140;0;560;-9;-42;1016;-897;817;-93
-2007893589;0;-1;1019;140;0;560;-8;-39;1012;-897;829;-97
-2007337389;0;0;1023;210;0;560;-9;-37;1017;-889;829;-97
-2006781191;0;0;1023;210;70;560;-9;-37;1017;-895;828;-94
-2006225011;-2;-1;1018;210;70;560;-9;-36;1009;-895;828;-94
-2005668803;-3;-2;1015;140;0;490;-11;-39;1010;-895;835;-94
-2005112609;-3;-2;1015;140;0;490;-11;-39;1010;-894;826;-97
-2004556417;-3;-1;1020;210;-70;490;-7;-39;1012;-894;826;-97
-2004000227;-1;0;1023;210;0;490;-7;-39;1012;-883;828;-100
-2003444013;-1;0;1023;210;0;490;-10;-40;1014;-886;828;-96
-2002887827;0;-2;1020;140;70;490;-8;-38;1006;-886;828;-96
-2002331627;0;-2;1020;140;70;560;-8;-38;1006;-894;817;-97
-2001775435;-2;-3;1016;140;70;560;-10;-38;1010;-894;817;-97
-2001219227;-2;-2;1019;140;0;560;-10;-38;1010;-886;823;-108
-2000663039;-2;-2;1019;140;0;560;-11;-37;1010;-898;832;-91
-2000106837;-1;-1;1021;140;0;490;-7;-37;1015;-898;832;-91
-1999550645;-1;-1;1018;140;0;490;-7;-37;1015;-891;828;-93
-1998994463;0;0;1018;140;0;490;-8;-40;1008;-889;826;-93
-1998438249;0;0;1020;140;70;490;-10;-40;1008;-889;826;-93
-1997882065;0;0;1020;140;70;490;-10;-40;1008;-882;819;-97
-1997325875;0;-2;1019;140;70;490;-10;-40;1013;-891;832;-96
-1996769673;0;-4;1020;140;70;560;-10;-40;1013;-891;832;-96
-1996213469;0;-4;1020;140;70;560;-11;-39;1013;-889;823;-96
-1995657277;-1;-3;1020;210;0;490;-11;-40;1009;-889;823;-96
-1995101085;-1;-3;1020;140;70;560;-11;-40;1009;-886;823;-103
-1994544879;0;-1;1018;140;70;560;-8;-38;1009;-885;823;-96
-1993988681;0;0;1019;140;0;560;-8;-38;1009;-885;823;-96
-1993432487;0;0;1019;140;0;560;-7;-42;1011;-895;831;-96
-1992876293;0;0;1018;70;0;560;-7;-40;1016;-879;828;-106
-1992320105;-1;-1;1020;70;0;490;-7;-40;1016;-879;828;-106
-1991763901;-1;-1;1020;70;0;490;-11;-35;1008;-888;828;-96
-1991207711;-2;-2;1019;70;0;490;-11;-37;1006;-888;813;-97
-1990651515;-2;-2;1019;70;0;490;-11;-37;1006;-885;813;-97
-1990095315;0;-2;1019;70;0;490;-11;-40;1021;-891;825;-84
-1989539123;0;-2;1019;70;70;490;-11;-40;1021;-891;825;-84
-1988982935;0;-2;1019;70;70;490;-9;-39;1014;-885;825;-94
-1988426719;0;-1;1019;70;70;560;-9;-38;1004;-888;825;-96
-1987870525;-1;-1;1018;70;0;490;-9;-38;1004;-888;825;-96
-1987314333;-1;-1;1018;70;0;490;-9;-37;1008;-891;829;-99
-1986758139;-3;-2;1018;210;0;560;-9;-37;1008;-891;831;-97
-1986201955;-3;-2;1018;140;0;560;-7;-40;1012;-891;831;-97
-1985645749;0;-2;1020;140;0;560;-10;-40;1010;-892;820;-100
-1985089557;-1;-2;1021;210;0;560;-10;-40;1010;-892;820;-100
-1984533353;-1;-2;1021;210;0;560;-9;-38;1015;-879;817;-91
-1983977161;-1;-3;1018;140;0;560;-10;-40;1009;-882;829;-94
-1983420965;-1;-2;1020;210;0;490;-10;-40;1009;-882;829;-94
-1982864773;-1;-2;1020;210;0;490;-9;-38;1019;-879;825;-99
-1982308569;-1;-3;1019;140;0;490;-9;-38;1019;-885;820;-99
-1981752369;-1;-3;1019;140;0;490;-10;-40;1012;-885;820;-99
-1981196177;-1;-2;1020;140;0;490;-10;-40;1008;-879;822;-100
-1980639983;0;0;1019;140;0;560;-10;-40;1008;-889;819;-100
-1980083789;0;0;1019;140;0;560;-7;-41;1012;-889;819;-100
-1979527589;-1;-1;1019;140;70;560;-7;-41;1012;-889;823;-99
-1978971401;-1;-1;1019;210;0;560;-9;-41;1010;-889;823;-99
-1978415195;-1;-2;1019;210;0;560;-10;-38;1012;-895;826;-99
-1977859005;-1;-3;1020;140;0;560;-10;-38;1012;-886;823;-96
-1977302811;-1;-3;1020;140;0;490;-10;-36;1013;-886;823;-96
-1976746617;-1;-3;1018;140;70;490;-8;-40;1014;-883;823;-97
-1976190417;-1;-2;1020;210;0;490;-8;-40;1014;-885;819;-102
-1975634211;-1;-2;1020;210;0;490;-9;-34;1010;-885;819;-102
-1975078027;0;-1;1019;140;0;490;-9;-34;1010;-889;825;-100
-1974521829;0;-1;1019;140;70;490;-8;-40;1009;-889;831;-96
-1973965635;0;-1;1019;140;70;490;-9;-39;1018;-886;831;-96
-1973409427;-1;-2;1019;140;0;560;-9;-39;1018;-877;828;-97
-1972853237;-1;-2;1019;140;0;560;-9;-41;1006;-877;828;-97
-1972297037;-1;-3;1019;210;0;560;-9;-41;1006;-885;828;-87
-1971740843;-2;-2;1021;140;70;490;-10;-38;1012;-883;825;-97
-1971184663;-2;-2;1021;140;70;490;-11;-39;1011;-883;825;-97
-1970628449;0;-2;1019;210;70;490;-11;-39;1011;-879;820;-93
-1970072265;0;-2;1019;140;0;490;-10;-41;1015;-888;835;-94
-1969516061;-1;-2;1019;140;0;490;-10;-38;1014;-888;835;-94
-1968959871;0;-2;1018;210;70;560;-10;-38;1014;-889;816;-99
-1968403667;0;-2;1018;210;70;560;-10;-37;1011;-889;816;-99
-1967847485;-1;-1;1020;210;0;490;-10;-37;1011;-885;822;-103
-1967291285;-1;-1;1019;140;0;490;-9;-40;1010;-895;831;-93
-1966735079;-1;-1;1019;140;0;490;-8;-38;1016;-895;831;-93
-1966178881;0;-1;1018;140;0;560;-8;-38;1016;-888;832;-99
-1965622687;0;-1;1018;140;0;490;-9;-41;1006;-879;825;-100
-1965066499;0;0;1018;140;0;490;-9;-41;1006;-879;825;-100
-1964510293;-2;-7;1015;140;0;490;-14;-33;1006;-891;820;-105
-1963954101;-2;-7;1015;140;0;490;-6;-39;1008;-882;822;-105
-1963397909;-3;-2;1019;630;-70;490;-6;-39;1008;-882;822;-105
-1962841715;-45;23;1030;420;-70;490;16;6;1027;-889;825;-96
-1962285525;-45;23;1030;420;-70;490;50;58;1004;-889;825;-96
-1961729321;-95;57;1013;140;0;-140;50;58;1004;-886;819;-99
-1961173135;-95;57;1013;140;-210;-1470;73;92;1010;-898;834;-96
-1960616933;-130;78;1015;490;-210;-1470;73;92;1010;-898;834;-96
-1960060743;-125;104;1026;350;-70;-3080;98;83;1017;-889;832;-100
-1959504531;-125;104;1026;350;-70;-3080;48;-3;1026;-883;822;-91
-1958948337;-46;57;1028;420;0;-3920;48;-3;1026;-883;822;-91
-1958392135;-46;57;1003;280;0;-1890;13;-84;992;-897;822;-100
-1957835949;36;23;1003;280;0;-1890;13;-84;992;-897;822;-106
-1957279757;118;-23;1026;630;-280;1190;-36;-166;1022;-886;823;-106
-1956723549;118;-23;1026;630;-280;1190;-72;-175;1010;-895;829;-103
-1956167369;134;-62;1018;420;-70;3780;-72;-175;1010;-895;829;-103
-1955611165;98;-69;1024;560;-210;4410;-80;-134;1015;-891;819;-102
-1955054961;98;-69;1024;560;-210;4410;-61;-87;1003;-897;823;-111
-1954498783;53;-58;1015;140;70;3850;-61;-87;1003;-897;823;-111
-1953942587;53;-58;1015;210;0;3430;-18;-80;1018;-886;828;-105
-1953386381;36;-14;1028;210;0;3430;-18;-80;1018;-888;819;-108
-1952830183;37;20;1009;0;0;5110;16;-83;1005;-888;819;-108
-1952273989;37;20;1009;0;0;5110;59;-113;1017;-889;826;-114
-1951717789;66;64;1030;210;0;7210;59;-113;1017;-889;826;-114
-1951161601;82;87;1015;-210;420;8680;76;-125;1002;-892;823;-108
-1950605393;82;87;1015;-210;420;8680;76;-125;1002;-888;828;-102
-1950049199;111;83;1022;0;0;8330;75;-156;1016;-888;828;-102
-1949493019;111;83;1022;70;0;7280;55;-144;1000;-886;819;-97
-1948936805;107;71;1009;70;0;7280;55;-144;1000;-894;825;-111
-1948380621;80;27;1026;350;-140;7700;11;-121;1018;-894;825;-111
-1947824431;80;27;1026;350;-140;7700;1;-129;1022;-895;820;-112
-1947268227;75;7;1026;140;140;9590;1;-129;1022;-892;814;-114
-1946712025;99;1;1018;-140;-70;12600;-14;-140;999;-892;814;-114
-1946155833;99;1;1018;-140;-70;12600;-14;-140;999;-894;831;-115
-1945599627;92;-11;1007;140;0;15400;-18;-140;1016;-894;831;-115
-1945043441;92;-11;1007;280;-70;16940;13;-154;1001;-900;829;-121
-1944487237;113;18;1037;280;-70;16940;13;-154;1001;-892;817;-117
-1943931045;125;37;994;70;70;15890;38;-163;1032;-892;817;-117
-1943374853;125;37;994;70;70;15890;38;-163;1032;-895;810;-123
-1942818647;111;48;1050;210;-140;13160;32;-138;996;-892;822;-124
-1942262451;109;47;992;-70;-70;10570;42;-151;1035;-892;822;-124
-1941706267;109;47;992;-70;-70;10570;42;-151;1035;-898;822;-121
-1941150071;108;39;1056;70;70;6720;23;-139;977;-898;822;-130
-1940593871;108;39;1056;70;-280;2800;28;-145;1038;-894;819;-130
-1940037679;106;29;979;420;-280;2800;28;-145;1038;-897;820;-133
-1939481481;101;15;1036;0;-70;-140;-5;-130;996;-897;820;-133
-1938925283;101;15;1036;0;-70;-140;-5;-130;996;-895;823;-132
-1938369081;86;0;1006;350;-210;-2660;-3;-125;1027;-883;829;-129
-1937812885;86;0;1027;70;-70;-2940;-12;-118;1016;-883;829;-129
-1937256691;86;-2;1027;70;-70;-2940;-12;-118;1016;-892;828;-142
-1936700493;91;14;1011;140;70;-2380;17;-136;1026;-897;820;-138
-1936144301;91;14;1011;140;70;-2380;17;-136;1026;-897;820;-138
-1935588109;93;19;1019;70;-70;-3080;5;-141;1006;-891;826;-156
-1935031917;129;36;1038;210;-70;-4410;30;-159;1021;-891;826;-156
-1934475727;129;36;1038;210;-70;-4410;30;-159;1021;-889;829;-147
-1933919521;106;41;984;0;70;-7140;33;-149;1016;-891;832;-154
-1933363329;106;41;984;280;-140;-10920;57;-125;983;-891;832;-154
-1932807139;105;63;1052;280;-140;-10920;57;-125;983;-895;831;-157
-1932250925;82;64;992;210;0;-15400;54;-121;1036;-883;829;-154
-1931694731;82;64;992;210;0;-15400;54;-121;1036;-883;829;-154
-1931138531;79;65;1034;70;140;-19880;48;-102;966;-886;831;-162
-1930582339;66;37;966;210;-70;-24640;50;-115;1054;-894;826;-177
-1930026149;66;37;966;210;-70;-24640;50;-115;1054;-894;826;-177
-1929469953;83;57;913;210;70;-27930;34;-123;977;-879;840;-184
-1928913753;83;57;913;70;70;-29890;34;-123;977;-879;840;-184
-1928357563;85;46;967;70;70;-29890;39;-116;1012;-877;829;-181
-1927801365;92;57;935;490;-70;-32690;15;-125;967;-877;829;-184
-1927245161;92;57;935;490;-70;-32690;15;-125;967;-877;829;-184
-1926688983;100;36;954;210;210;-36820;54;-150;1073;-870;832;-198
-1926132767;98;36;936;70;280;-42140;24;-124;1008;-870;823;-192
-1925576579;98;36;936;70;280;-42140;24;-124;1008;-870;823;-192
-1925020385;104;35;957;280;70;-48090;57;-138;1035;-865;837;-207
-1924464191;104;35;957;-70;350;-54040;57;-138;1035;-865;837;-205
-1923907983;102;50;947;-70;350;-54040;27;-129;947;-873;831;-205
-1923351797;100;55;784;210;210;-58100;61;-135;1033;-873;837;-216
-1922795593;100;55;784;210;210;-58100;61;-135;1033;-873;837;-216
-1922239399;77;48;817;0;210;-61530;13;-94;991;-867;826;-225
-1921683219;77;58;676;420;210;-66010;13;-94;991;-856;831;-222
-1921127017;62;58;676;420;210;-66010;59;-86;999;-856;831;-222
-1920570821;58;59;588;-70;210;-71960;63;-92;922;-852;823;-237
-1920014631;58;59;588;-70;140;-78960;63;-92;922;-853;835;-240
-1919458427;66;69;550;560;140;-78960;57;-103;946;-853;835;-240
-1918902225;60;66;592;-70;280;-87010;40;-73;834;-849;834;-250
-1918346033;60;66;592;-70;280;-87010;40;-73;834;-849;834;-250
-1917789833;60;42;480;350;420;-95830;42;-89;993;-844;813;-249
-1917233645;60;42;568;-210;560;-105210;42;-89;993;-834;819;-256
-1916677437;73;38;568;-210;560;-105210;32;-73;869;-834;819;-256
-1916121243;46;35;413;420;420;-115080;40;-90;876;-828;823;-261
-1915565047;46;35;413;420;420;-115080;40;-90;876;-823;816;-282
-1915008847;29;24;356;0;630;-123270;-34;-74;788;-823;816;-282
-1914452651;21;-16;651;0;560;-129430;-34;-74;788;-820;820;-276
-1913896465;21;-16;651;0;560;-129430;-31;-52;984;-813;802;-274
-1913340271;24;-49;421;70;700;-133350;-81;-24;783;-813;802;-274
-1912784069;24;-49;421;-70;840;-135310;-81;-24;783;-804;807;-292
-1912227879;13;-75;841;-70;840;-135310;-70;-29;980;-804;807;-292
-1911671685;18;-76;596;420;490;-137410;-106;-66;962;-799;796;-288
-1911115481;18;-76;596;420;490;-137410;-106;-66;962;-789;796;-292
-1910559281;8;-78;569;0;840;-140280;-81;-61;922;-789;796;-292
-1910003089;34;-103;502;490;560;-144900;-81;-61;922;-787;792;-295
-1909446893;34;-103;502;490;560;-144900;-103;-40;827;-778;787;-304
-1908890693;7;-65;619;-210;840;-150780;-51;-49;1065;-778;787;-304
-1908334495;7;-65;619;560;490;-157920;-51;-49;1065;-772;790;-301
-1907778305;19;-50;907;560;490;-157920;-83;9;811;-772;790;-307
-1907222107;-23;-66;720;210;630;-163100;-83;9;811;-765;781;-307
-1906665917;-23;-66;720;210;630;-163100;-82;-67;934;-759;792;-304
-1906109721;-3;-93;485;140;700;-166460;-123;-35;906;-759;792;-304
-1905553535;-6;-159;732;560;420;-168140;-123;-35;906;-759;784;-303
-1904997319;-6;-159;732;560;420;-168140;-114;-37;885;-747;772;-295
-1904441125;0;-94;400;0;910;-167790;-138;-57;920;-747;772;-295
-1903884937;0;-94;400;280;770;-166180;-138;-57;920;-730;771;-297
-1903328743;16;-138;566;280;770;-166180;-144;-66;984;-726;766;-292
-1902772537;13;-149;582;140;840;-163170;-144;-66;984;-726;766;-292
-1902216345;13;-149;582;140;840;-163170;-146;-48;961;-721;766;-294
-1901660153;5;-126;714;280;630;-160370;-154;-59;936;-721;766;-294
-1901103955;5;-143;594;70;980;-158690;-154;-59;936;-709;763;-291
-1900547771;5;-143;594;70;980;-158690;-149;-73;1010;-706;756;-277
-1899991565;30;-142;540;0;840;-158410;-149;-73;1010;-706;756;-277
-1899435373;30;-142;540;0;840;-158830;-134;-43;874;-699;763;-282
-1898879163;3;-93;493;350;700;-158830;-151;-13;866;-694;757;-276
-1898322987;-35;-129;455;-280;1190;-159810;-151;-13;866;-694;757;-276
-1897766777;-35;-129;455;-280;1190;-159810;-127;18;934;-685;753;-273
-1897210579;-56;-111;642;560;630;-159530;-101;43;915;-685;753;-270
-1896654397;-56;-111;642;140;1120;-157150;-101;43;915;-691;757;-270
-1896098193;-55;-123;599;140;1120;-157150;-139;2;1063;-675;756;-262
-1895542001;-73;-181;767;420;840;-153090;-139;2;1063;-675;756;-262
-1894985797;-73;-181;767;420;840;-153090;-240;15;933;-666;756;-259
-1894429601;-67;-199;702;0;980;-147000;-187;4;1000;-664;762;-259
-1893873419;-57;-202;802;350;630;-141260;-187;4;1000;-664;762;-259
-1893317217;-57;-202;802;350;630;-141260;-179;-4;999;-658;744;-255
-1892761017;-23;-172;681;140;490;-137550;-179;-4;999;-655;745;-247
-1892204813;-23;-172;681;350;630;-137060;-203;-42;929;-655;745;-247
-1891648623;0;-149;540;350;630;-137060;-127;-51;774;-646;757;-247
-1891092427;19;-128;279;280;560;-138390;-127;-51;774;-646;757;-247
-1890536233;19;-128;279;280;560;-138390;-106;-35;865;-637;750;-238
-1889980033;0;-93;651;210;840;-139090;-150;-34;911;-642;757;-234
-1889423833;-10;-117;492;210;770;-140840;-150;-34;911;-642;757;-234
-1888867647;-10;-117;492;210;770;-140840;-120;-22;970;-631;750;-235
-1888311447;-10;-126;640;-210;1050;-142310;-120;-22;970;-615;751;-231
-1887755255;-10;-126;640;280;840;-142660;-140;-38;972;-615;751;-231
-1887199047;-13;-116;604;280;840;-142660;-119;-5;945;-616;763;-222
-1886642865;-54;-134;760;-70;910;-140560;-119;-5;945;-604;751;-220
-1886086667;-54;-134;760;-70;910;-140560;-119;12;1020;-604;751;-220
-1885530471;-67;-111;812;0;840;-135240;-119;12;1020;-604;759;-210
-1884974269;-93;-103;732;140;630;-128310;-99;40;962;-604;759;-210
-1884418079;-93;-103;732;140;630;-128310;-133;10;1022;-589;766;-208
-1883861885;-35;-135;864;350;770;-122080;-133;10;1022;-594;769;-207
-1883305681;-35;-135;864;420;560;-121450;-193;-63;998;-594;769;-207
-1882749499;29;-168;831;420;560;-121450;-141;-67;1049;-579;762;-201
-1882193287;48;-174;985;-140;770;-125090;-141;-67;1049;-571;766;-198
-1881637095;48;-174;985;-140;770;-125090;-199;-70;971;-571;766;-198
-1881080893;17;-199;973;140;910;-128520;-199;-70;971;-562;765;-189
-1880524715;17;-173;952;140;700;-129640;-215;-12;1035;-562;760;-198
-1879968511;-43;-173;952;140;700;-129640;-187;59;939;-565;760;-198
-1879412315;-105;-203;724;-420;1050;-126700;-187;59;939;-568;763;-189
-1878856107;-105;-203;724;-420;1050;-120610;-203;39;1072;-568;763;-189
-1878299921;-77;-223;950;420;630;-120610;-203;39;1072;-553;760;-186
-1877743729;-65;-237;999;-350;1050;-116970;-254;28;1005;-552;771;-180
-1877187539;-65;-237;999;-350;1050;-116970;-187;-33;1033;-552;771;-180
-1876631325;-10;-187;931;-70;700;-117880;-187;-33;1033;-538;760;-175
-1876075135;-10;-187;931;-280;980;-119700;-92;-58;989;-525;763;-175
-1875518943;6;-66;876;-280;980;-119700;37;-5;1003;-525;763;-175
-1874962735;-40;43;1024;-210;840;-116550;37;-5;1003;-523;774;-175
-1874406549;-40;43;1024;-210;840;-116550;81;20;1012;-523;774;-175
-1873850357;-80;75;990;-560;840;-106960;81;20;1012;-517;754;-171
-1873294149;-71;25;907;0;840;-94500;10;11;974;-516;766;-165
-1872737963;-71;25;907;0;840;-94500;-65;-42;1050;-516;766;-165
-1872181765;-5;-68;1023;210;420;-83930;-65;-42;1050;-502;762;-163
-1871625573;-5;-68;1023;-70;630;-78470;-132;-48;983;-486;763;-165
-1871069383;4;-123;993;-70;630;-78470;-132;-48;983;-486;763;-165
-1870513179;-47;-150;1039;70;560;-75460;-154;0;1056;-495;762;-168
-1869956979;-47;-150;1039;70;560;-75460;-174;62;999;-484;768;-160
-1869400783;-120;-163;991;-280;560;-70000;-174;62;999;-484;768;-160
-1868844589;-156;-137;993;-140;420;-59920;-142;88;1016;-484;762;-153
-1868288389;-156;-137;993;-140;420;-59920;-117;97;1006;-484;762;-153
-1867732197;-165;-106;1012;-140;490;-46620;-117;97;1006;-474;763;-151
-1867176003;-165;-106;1012;70;350;-32410;-74;83;999;-478;757;-153
-1866619801;-140;-71;1007;70;350;-32410;-74;83;999;-478;757;-153
-1866063611;-120;-65;1002;210;140;-20020;-77;61;1024;-469;765;-159
-1865507405;-120;-65;1002;210;140;-20020;-100;26;992;-472;768;-157
-1864951217;-74;-95;1013;0;350;-11270;-100;26;992;-472;768;-157
-1864395011;-27;-91;1019;350;-140;-8120;-92;-5;1008;-465;769;-159
-1863838829;-27;-91;1019;350;-140;-8120;-92;-5;1008;-465;769;-165
-1863282623;-42;-77;913;-350;420;-9450;-95;6;996;-460;768;-165
-1862726435;-42;-77;913;-350;-280;-10850;16;41;1069;-459;765;-147
-1862170233;-79;7;864;700;-280;-10850;16;41;1069;-459;765;-147
-1861614041;-102;-1;874;-700;630;-9170;-15;55;964;-462;766;-157
-1861057847;-102;-1;874;-700;630;-9170;65;25;1044;-466;772;-154
-1860501645;-67;73;937;700;70;-6790;65;25;1044;-466;772;-154
-1859945461;-67;73;908;-140;490;-4410;32;-4;976;-457;765;-156
-1859389247;-53;41;908;-140;490;-4410;32;-4;976;-456;766;-150
-1858833061;-40;56;979;700;350;-2170;45;-18;1049;-456;766;-150
-1858276867;-40;56;979;700;350;1820;81;2;1088;-457;759;-154
-1857720671;-51;78;1008;420;2450;1820;81;2;1088;-457;759;-154
-1857164469;-22;77;1116;770;7770;8260;62;-46;1102;-454;765;-157
-1856608277;-22;77;1116;770;7770;8260;62;-46;1102;-453;777;-156
-1856052081;83;49;1107;1680;15050;14210;26;-140;1077;-453;777;-156
-1855495889;83;49;1107;2730;17640;15750;71;-227;1013;-459;772;-160
-1854939699;185;66;1037;2730;17640;15750;71;-227;1013;-456;769;-159
-1854383487;159;119;1012;-1960;17710;9660;124;-158;1038;-456;769;-159
-1853827297;159;119;1012;-1960;17710;9660;105;-30;1043;-459;763;-154
-1853271091;19;115;1058;-6020;19460;1680;105;-30;1043;-471;777;-165
-1852714905;-74;121;1094;-2030;19600;-4620;108;48;1093;-471;777;-165
-1852158711;-74;121;1094;-2030;19600;-4620;108;48;1093;-478;778;-159
-1851602515;-72;88;1177;140;22470;-7070;90;23;1194;-478;778;-159
-1851046315;-72;88;1177;980;31290;-6160;64;-6;1217;-466;766;-166
-1850490123;-50;96;1222;980;31290;-6160;64;-6;1217;-472;784;-151
-1849933917;-44;50;1257;-2240;44030;-1470;45;-7;1273;-472;784;-151
-1849377739;-44;50;1257;-2240;44030;-1470;45;-7;1273;-483;771;-156
-1848821535;-49;39;1278;-3010;57120;3570;27;9;1257;-501;780;-157
-1848265333;-73;42;1263;-280;68810;7140;42;38;1261;-501;780;-157
-1847709143;-73;42;1263;-280;68810;7140;42;38;1261;-508;778;-156
-1847152955;-87;69;1189;4620;78820;7560;75;56;1206;-508;778;-160
-1846596759;-87;69;1189;11060;85190;4550;117;57;1140;-513;777;-160
-1846040553;-88;122;1162;11060;85190;4550;117;57;1140;-528;783;-159
-1845484359;-127;123;1125;14140;91560;-1330;130;132;1108;-528;783;-159
-1844928163;-127;123;1125;14140;91560;-1330;130;132;1108;-543;774;-162
-1844371975;-151;117;1045;6580;91700;-9240;72;123;1090;-565;771;-160
-1843815761;-178;-5;1095;-3500;95760;-18550;-1;151;1047;-565;771;-160
-1843259563;-178;-5;1095;-3500;95760;-18550;-1;151;1047;-573;768;-156
-1842703379;-187;41;1078;2310;99960;-23730;30;127;1085;-580;769;-153
-1842147179;-187;41;1078;2310;104720;-22890;30;127;1085;-580;769;-153
-1841590985;-162;37;1123;2380;104720;-22890;48;107;1129;-600;766;-144
-1841034791;-138;63;1092;840;110950;-18900;49;91;1060;-600;766;-144
-1840478589;-138;63;1092;840;110950;-18900;49;91;1060;-613;765;-151
-1839922397;-143;47;1029;-1120;115290;-15330;39;107;1003;-622;771;-142
-1839366211;-143;47;982;1190;116550;-13930;38;144;967;-622;771;-142
-1838810001;-170;44;982;1190;116550;-13930;38;144;967;-637;766;-148
-1838253811;-206;40;970;3290;116130;-13300;30;170;959;-654;781;-139
-1837697605;-206;40;970;3290;116130;-13230;30;170;959;-654;781;-139
-1837141417;-215;22;957;3920;115710;-13230;8;180;947;-660;778;-145
-1836585211;-229;-1;923;3220;115080;-14210;-13;197;905;-673;772;-136
-1836029027;-229;-1;923;3220;115080;-14210;-13;197;905;-673;772;-136
-1835472825;-242;-26;888;2100;113330;-15540;-32;210;874;-679;769;-133
-1834916635;-242;-26;888;2450;109410;-16170;-32;210;874;-679;769;-133
-1834360427;-261;-33;868;2450;109410;-16170;-47;230;856;-688;775;-133
-1833804241;-299;-40;903;3990;104510;-15540;-31;275;917;-706;772;-138
-1833248043;-299;-40;903;3990;104510;-15540;-31;275;917;-706;772;-138
-1832691845;-312;-8;928;6580;99750;-13090;3;253;911;-714;769;-118
-1832135649;-305;34;908;8540;97230;-10570;31;273;907;-730;777;-123
-1831579461;-305;34;908;8540;97230;-10570;31;273;907;-730;777;-123
-1831023257;-324;15;887;7210;95760;-10430;1;300;864;-730;774;-121
-1830467075;-324;15;887;7840;93590;-12600;1;300;864;-730;774;-117
-1829910871;-353;0;855;7840;93590;-12600;-14;325;821;-748;772;-117
-1829354669;-366;-32;810;8610;88690;-15260;-52;337;801;-751;775;-117
-1828798477;-366;-32;810;8610;88690;-15260;-52;337;801;-751;775;-117
-1828242281;-395;-68;816;10150;82250;-16240;-77;362;821;-754;772;-118
-1827686089;-410;-66;854;12250;75110;-14070;-77;362;821;-763;775;-105
-1827129879;-410;-66;854;12250;75110;-14070;-57;360;873;-763;775;-105
-1826573687;-408;-41;902;13090;70560;-9800;-23;365;922;-771;766;-105
-1826017499;-408;-41;902;11900;69790;-6300;-23;365;922;-775;772;-103
-1825461311;-402;5;932;11900;69790;-6300;24;351;938;-775;772;-103
-1824905105;-386;35;922;8260;73220;-5250;32;359;917;-786;765;-108
-1824348909;-386;35;922;8260;73220;-5250;32;359;917;-786;765;-108
-1823792707;-416;25;895;2800;78120;-7070;16;411;879;-793;769;-105
-1823236527;-469;6;861;-1470;81340;-9800;16;411;879;-804;774;-94
-1822680323;-469;6;861;-1470;81340;-9800;-7;447;834;-804;774;-94
-1822124115;-505;-19;842;-2310;81060;-10780;-37;471;833;-816;769;-90
-1821567939;-505;-19;842;-2310;78610;-9800;-37;471;833;-813;763;-93
-1821011725;-515;-32;860;-630;78610;-9800;-15;473;871;-813;763;-93
-1820455535;-511;-4;876;3290;74970;-7350;-15;473;871;-808;771;-91
-1819899339;-511;-4;876;3290;74970;-7350;-2;454;857;-813;766;-84
-1819343145;-499;2;870;7350;71540;-5600;4;460;857;-813;766;-84
-1818786941;-499;2;842;9590;69370;-5880;4;460;857;-810;771;-78
-1818230747;-505;5;842;9590;69370;-5880;9;484;822;-810;771;-78
-1817674559;-538;12;816;9450;68600;-6790;6;511;811;-823;774;-82
-1817118371;-538;12;816;9450;68600;-6790;6;511;811;-832;769;-79
-1816562165;-562;2;826;8470;67760;-7420;4;534;849;-832;769;-79
-1816005961;-574;3;866;10150;66710;-7000;4;534;849;-846;778;-69
-1815449763;-574;3;866;10150;66710;-7000;-4;523;870;-838;774;-75
-1814893587;-560;0;885;11830;67480;-7000;4;519;891;-838;774;-75
-1814337385;-560;0;885;11130;71470;-6720;4;519;891;-846;771;-73
-1813781185;-571;2;884;11130;71470;-6720;0;537;877;-846;771;-73
-1813224991;-574;3;860;7490;77210;-5880;0;537;877;-862;768;-73
-1812668783;-574;3;860;7490;77210;-5880;12;532;838;-861;769;-75
-1812112597;-581;14;825;3500;82740;-5810;16;555;803;-861;769;-75
-1811556411;-605;18;794;1820;84980;-6300;16;555;803;-876;766;-61
-1811000199;-605;18;794;1820;84980;-6300;24;588;762;-876;762;-57
-1810444019;-637;19;760;4130;83790;-6580;17;612;745;-876;762;-57
-1809887817;-637;19;760;9030;80220;-7420;17;612;745;-883;759;-48
-1809331607;-654;10;757;9030;80220;-7420;13;610;746;-889;762;-58
-1808775431;-655;14;754;14560;76230;-8470;13;610;746;-889;762;-58
-1808219227;-655;14;754;14560;76230;-8470;3;614;751;-897;774;-52
-1807663029;-651;-3;760;16590;74830;-8890;4;611;769;-897;774;-52
-1807106835;-662;10;764;15330;75320;-8750;4;611;769;-898;754;-48
-1806550637;-662;10;764;15330;75320;-8750;20;633;771;-898;763;-45
-1805994435;-675;19;766;10850;75180;-8330;20;633;771;-898;763;-45
-1805438237;-675;19;766;6370;75040;-8470;18;641;772;-913;774;-43
-1804882045;-685;18;767;6370;75040;-8470;29;639;762;-922;759;-43
-1804325847;-676;29;752;4340;76580;-9450;29;639;762;-922;759;-43
-1803769649;-676;29;752;4340;76580;-9450;28;638;727;-925;754;-30
-1803213461;-684;21;720;3570;79870;-10780;10;656;707;-925;763;-15
-1802657275;-695;8;704;3570;83580;-12040;10;656;707;-925;763;-15
-1802101071;-695;8;704;3570;83580;-12040;15;653;690;-930;757;-25
-1801544865;-697;14;685;3920;85120;-12250;15;653;690;-930;757;-25
-1800988677;-697;14;685;3920;83510;-12250;5;680;662;-939;765;-12
-1800432481;-730;0;661;3220;83510;-12250;5;712;663;-940;768;-25
-1799876285;-761;5;657;1890;80990;-12250;5;712;663;-940;768;-25
-1799320079;-761;5;657;1890;80990;-12250;14;722;654;-949;760;-6
-1798763889;-760;16;641;490;79030;-11970;14;722;654;-952;766;-7
-1798207697;-760;16;612;-1610;78120;-11900;14;722;619;-952;766;-7
-1797651511;-772;6;612;-1610;78120;-11900;-11;751;592;-955;754;-10
-1797095305;-801;-19;582;-2800;77210;-11270;-11;751;592;-955;765;6
-1796539109;-801;-19;582;-2800;77210;-11270;-26;750;570;-963;765;6
-1795982907;-797;-31;581;-2170;75180;-9520;-24;748;576;-972;774;3
-1795426727;-791;-23;572;700;71680;-7280;-24;748;576;-972;774;3
-1794870521;-791;-23;572;700;71680;-7280;-8;743;564;-970;769;9
-1794314315;-788;-12;564;2940;69650;-6160;-8;743;564;-981;766;15
-1793758129;-788;-12;564;2660;68950;-5950;0;752;573;-981;766;15
-1793201935;-797;-3;569;2660;68950;-5950;4;757;563;-978;759;24
-1792645731;-799;3;556;1260;68110;-5320;4;757;563;-987;765;21
-1792089543;-799;3;556;1260;68110;-5320;-1;757;522;-987;765;21
-1791533347;-800;-6;509;-420;67690;-5670;-1;757;522;-994;762;28
-1790977141;-819;-12;456;-2730;66220;-6160;-9;770;471;-994;762;28
-1790420947;-819;-12;456;-2730;66220;-6160;-11;801;427;-996;763;27
-1789864767;-851;-17;416;-6090;60760;-5460;-11;801;427;-1005;772;30
-1789308559;-851;-17;416;-9030;51380;-4690;-5;826;386;-1005;772;30
-1788752375;-868;-10;381;-9030;51380;-4690;1;826;356;-999;766;27
-1788196161;-867;0;352;-11130;41160;-4830;1;826;356;-1000;766;30
-1787639973;-867;0;352;-11130;41160;-4830;9;823;331;-1000;766;30
-1787083787;-870;5;332;-11830;31500;-5180;9;823;331;-1009;765;51
-1786527583;-871;2;314;-10710;21910;-5460;6;828;314;-999;762;33
-1785971383;-871;2;314;-10710;21910;-5460;1;833;289;-999;762;33
-1785415189;-874;-2;296;-7490;12110;-5880;1;833;289;-1002;768;40
-1784858983;-874;-2;296;-2590;2240;-6090;-11;835;264;-1002;768;40
-1784302795;-878;-17;278;-2590;2240;-6090;-11;835;264;-1011;775;37
-1783746603;-878;-12;267;3360;-7910;-5390;-7;831;258;-994;760;34
-1783190403;-878;-12;267;3360;-7910;-5390;-9;833;252;-994;760;34
-1782634211;-877;-13;261;8680;-18270;-3640;-9;833;252;-994;763;34
-1782078017;-877;-8;274;13510;-29610;-2030;-6;818;264;-997;772;24
-1781521809;-860;-8;274;13510;-29610;-2030;6;801;261;-997;772;24
-1780965623;-843;1;272;19950;-43470;-2380;6;801;261;-993;772;21
-1780409427;-843;1;272;19950;-56980;-4200;9;785;280;-993;772;24
-1779853227;-828;5;287;25830;-56980;-4200;9;785;280;-981;757;24
-1779297033;-803;-5;317;30380;-67760;-5250;-1;759;314;-987;763;24
-1778740841;-803;-5;317;30380;-67760;-5250;-3;737;373;-987;763;24
-1778184641;-782;-8;373;33950;-75810;-5600;-3;737;373;-978;768;15
-1777628439;-782;-8;423;34510;-81410;-5250;12;728;434;-982;759;1
-1777072245;-775;8;423;34510;-81410;-5250;12;728;434;-982;759;1
-1776516049;-777;8;464;30520;-84700;-4550;11;734;477;-961;763;3
-1775959849;-777;8;464;30520;-84700;-4550;5;720;498;-955;762;-9
-1775403661;-763;3;486;23450;-86310;-4200;5;720;498;-955;762;-9
-1774847475;-766;4;484;15260;-88410;-3780;8;725;495;-967;756;-10
-1774291273;-766;4;484;15260;-88410;-3780;29;803;446;-967;756;-10
-1773735071;-813;17;450;7210;-93520;-2940;29;803;446;-948;757;-13
-1773178877;-813;17;450;-9660;-111020;-8610;116;866;625;-934;753;-25
-1772622681;-921;126;527;-9660;-111020;-8610;116;866;625;-934;753;-25
-1772066495;-652;-103;532;-27510;-126700;-14140;-122;720;577;-933;771;-25
-1771510281;-652;-103;532;-27510;-126700;-14140;-127;702;622;-919;765;-30
-1770954089;-828;-147;472;-7700;-135310;-4970;-127;702;622;-919;765;-30
-1770397897;-685;-53;773;7560;-140140;-280;-43;673;785;-921;768;-39
-1769841691;-685;-53;773;7560;-140140;-280;-43;673;785;-903;762;-51
-1769285501;-651;46;780;17150;-134400;-350;41;654;850;-903;762;-51
-1768729313;-651;46;780;6720;-127540;-3080;-8;594;829;-889;766;-55
-1768173109;-663;-8;812;6720;-127540;-3080;-8;594;829;-889;766;-55
-1767616925;-679;-37;765;2310;-118720;-2100;-21;620;757;-882;760;-69
-1767060723;-679;-37;765;2310;-118720;-2100;-30;635;645;-880;765;-60
-1766504517;-679;-17;674;700;-117320;700;-30;635;645;-880;765;-60
-1765948333;-651;-86;611;280;-121100;4270;-93;603;607;-861;763;-73
-1765392143;-651;-86;611;280;-121100;4270;-93;603;607;-855;760;-76
-1764835935;-615;8;767;6440;-124530;6090;42;558;814;-855;760;-76
-1764279741;-615;8;767;2800;-123410;1890;55;541;946;-852;762;-76
-1763723545;-566;63;931;2800;-123410;1890;55;541;946;-852;762;-90
-1763167345;-582;67;981;4130;-114520;-3430;78;549;978;-832;760;-90
-1762611147;-582;67;981;4130;-114520;-3430;78;549;978;-825;762;-91
-1762054967;-575;92;1015;8610;-103320;-7770;87;538;1012;-825;762;-91
-1761498759;-575;56;999;10220;-91840;-10640;49;550;986;-819;753;-93
-1760942567;-592;56;999;10220;-91840;-10640;49;550;986;-817;769;-105
-1760386359;-590;34;957;9730;-81900;-11340;27;538;944;-817;769;-105
-1759830183;-590;34;957;9730;-81900;-10150;26;511;873;-811;768;-96
-1759273979;-559;26;896;8120;-75740;-10150;26;511;873;-796;754;-105
-1758717781;-543;21;834;6860;-73780;-8050;26;497;815;-796;754;-105
-1758161583;-543;21;834;6860;-73780;-8050;26;497;815;-799;760;-102
-1757605391;-532;51;794;7490;-75530;-6440;46;486;794;-799;760;-102
-1757049183;-532;51;836;9100;-78470;-8610;44;455;846;-790;756;-118
-1756492995;-491;38;836;9100;-78470;-8610;44;455;846;-789;756;-109
-1755936793;-474;66;917;13020;-79170;-15400;75;440;930;-789;756;-109
-1755380601;-474;66;917;13020;-79170;-15400;75;440;930;-790;751;-114
-1754824411;-483;80;954;14350;-75880;-22120;65;445;949;-777;757;-108
-1754268205;-479;43;946;15120;-71330;-25480;42;436;929;-777;757;-108
-1753712021;-479;43;946;15120;-71330;-25480;42;436;929;-766;748;-123
-1753155831;-464;22;916;15540;-68460;-26320;7;419;893;-766;745;-127
-1752599629;-464;22;916;14420;-67830;-25130;-12;389;858;-766;745;-127
-1752043425;-445;-5;870;14420;-67830;-25130;-12;389;858;-754;756;-127
-1751487233;-415;-18;809;12880;-70420;-22330;-25;356;779;-754;756;-127
-1750931037;-415;-18;809;12880;-70420;-22330;-25;356;779;-756;744;-127
-1750374845;-397;-30;728;10220;-77070;-18550;-38;347;695;-754;750;-127
-1749818637;-398;-48;673;8960;-87640;-13930;-60;342;679;-754;750;-127
-1749262443;-398;-48;673;8960;-87640;-13930;-60;342;679;-738;748;-126
-1748706247;-359;-52;770;10010;-99330;-9870;-25;294;822;-735;747;-130
-1748150049;-359;-52;770;8610;-105770;-8610;-25;294;822;-735;747;-130
-1747593861;-329;21;893;8610;-105770;-8610;15;288;924;-721;748;-142
-1747037657;-318;4;968;4760;-106470;-9450;3;271;974;-721;748;-147
-1746481471;-318;4;968;4760;-106470;-9450;3;271;974;-721;747;-147
-1745925283;-290;20;1022;7000;-104720;-10990;18;242;1041;-700;751;-147
-1745369087;-267;7;1072;7700;-101010;-12530;-9;218;1080;-700;751;-147
-1744812873;-267;7;1072;7700;-101010;-12530;-9;218;1080;-697;739;-147
-1744256689;-262;-14;1081;6580;-95550;-12880;-26;229;1068;-688;736;-147
-1743700489;-262;-14;1081;4690;-90300;-11900;-26;229;1068;-688;736;-147
-1743144289;-268;-35;1052;4690;-90300;-11900;-46;218;1031;-678;736;-141
-1742588099;-263;-45;1004;3290;-86940;-9310;-45;217;984;-679;742;-150
-1742031891;-263;-45;1004;3290;-86940;-9310;-45;217;984;-679;742;-150
-1741475705;-255;-34;968;3150;-86310;-5250;-40;180;959;-658;726;-151
-1740919513;-255;-46;976;3710;-87570;-2590;-40;180;959;-658;726;-151
-1740363305;-180;-46;976;3710;-87570;-2590;-61;127;987;-654;735;-153
-1739807117;-157;-43;1045;5740;-88550;-3990;-20;117;1079;-658;735;-157
-1739250921;-157;-43;1045;5740;-88550;-5810;-20;117;1079;-658;735;-157
-1738694729;-158;14;1121;6370;-85470;-5810;6;130;1139;-652;723;-145
-1738138533;-178;0;1146;3080;-78400;-7560;-3;147;1131;-642;726;-157
-1737582325;-178;0;1146;3080;-78400;-7560;-3;147;1131;-642;726;-157
-1737026135;-189;5;1128;3780;-70700;-9170;-6;148;1110;-640;718;-160
-1736469943;-189;5;1128;3920;-64190;-9660;-6;148;1110;-640;723;-166
-1735913745;-192;-8;1098;3920;-64190;-9660;-20;150;1069;-628;723;-166
-1735357545;-192;-30;1042;2310;-59570;-8750;-50;138;1006;-634;718;-160
-1734801357;-192;-30;1042;2310;-59570;-8750;-50;138;1006;-634;718;-160
-1734245151;-171;-52;976;1050;-58170;-6790;-60;112;933;-631;715;-153
-1733688959;-154;-55;931;1680;-60410;-3780;-60;112;933;-636;715;-163
-1733132765;-154;-55;931;1680;-60410;-3780;-59;90;925;-636;715;-163
-1732576573;-111;-55;930;2800;-64400;-630;-69;57;950;-624;720;-162
-1732020383;-111;-55;930;3080;-67690;350;-69;57;950;-618;720;-165
-1731464167;-100;-54;981;3080;-67690;350;-44;65;1005;-618;720;-165
-1730907983;-117;-27;1024;2520;-68180;630;-33;84;1034;-606;717;-168
-1730351781;-117;-27;1024;2520;-68180;630;-33;84;1034;-606;717;-168
-1729795591;-126;-24;1036;700;-66430;1400;-20;87;1023;-613;717;-162
-1729239383;-126;-13;1020;980;-64540;1470;-20;87;1023;-606;717;-183
-1728683191;-126;-13;1020;980;-64540;1470;-24;78;1008;-606;717;-183
-1728127011;-108;5;1030;630;-64470;1260;3;26;1091;-598;712;-177
-1727570801;-108;5;1030;-8470;-65800;980;3;26;1091;-594;708;-172
-1727014619;-56;-33;1064;-8470;-65800;980;-81;15;1071;-594;708;-172
-1726458423;-49;-71;1047;-11340;-61880;1330;-81;15;1071;-592;697;-180
-1725902213;-49;-71;1047;-11340;-61880;1330;-61;-18;1044;-589;702;-171
-1725346031;-6;-46;1068;-7770;-61320;4480;-67;-20;1102;-589;702;-171
-1724789819;-22;-85;1113;-6300;-61040;7840;-67;-20;1102;-586;706;-177
-1724233629;-22;-85;1113;-6300;-61040;7840;-76;-27;1133;-586;706;-177
-1723677433;-26;-42;1181;-3080;-57470;10710;-46;2;1190;-585;694;-189
-1723121241;-26;-42;1181;-3080;-49350;12320;-46;2;1190;-586;694;-184
-1722565035;-55;-21;1204;-1820;-49350;12320;13;4;1199;-586;694;-184
-1722008855;-28;26;1221;140;-39340;10920;13;4;1199;-576;691;-189
-1721452643;-28;26;1221;140;-39340;10920;21;-27;1221;-573;690;-186
-1720896455;1;31;1229;1540;-28490;8750;5;-51;1224;-573;690;-186
-1720340247;1;31;1222;1680;-17500;6090;5;-51;1224;-577;697;-187
-1719784065;18;-3;1222;1680;-17500;6090;-1;-57;1185;-577;693;-186
-1719227861;22;2;1171;1890;-7140;4130;-1;-57;1185;-586;693;-186
-1718671671;22;2;1171;1890;-7140;4340;-40;-60;1124;-577;696;-184
-1718115483;15;-41;1103;-980;1050;4340;-60;-43;1033;-577;696;-184
-1717559279;-13;-59;1017;-1960;4970;6510;-60;-43;1033;-589;697;-184
-1717003073;-13;-59;1017;-1960;4970;6510;-68;-18;958;-585;700;-189
-1716446875;-15;-56;956;-1960;4690;9660;-52;-36;910;-585;700;-189
-1715890681;-15;-56;956;-700;770;11410;-52;-36;910;-591;691;-183
-1715334487;-12;-38;913;-700;770;11410;-33;-27;889;-592;687;-184
-1714778287;-9;-29;891;980;-5390;11480;-33;-27;889;-592;687;-184
-1714222091;-9;-29;891;980;-5390;11480;-50;-27;881;-591;691;-193
-1713665897;-18;-38;891;2800;-12670;12110;-23;-28;910;-591;691;-193
-1713109703;-5;-11;917;4690;-19950;11970;-23;-28;910;-592;696;-187
-1712553511;-5;-11;917;4690;-19950;11970;-31;-39;914;-591;699;-192
-1711997325;-6;-28;919;5110;-27160;12600;-31;-39;926;-591;699;-192
-1711441121;-6;-28;919;6930;-33110;12880;-34;-30;926;-579;682;-201
-1710884929;-16;-18;955;6930;-33110;12880;-36;-50;1202;-582;687;-202
-1710328725;35;-35;1118;560;-37660;14000;-36;-50;1202;-582;687;-202
-1709772525;35;-35;1118;560;-37660;14000;3;-127;1414;-591;696;-202
-1709216333;70;-4;1019;280;-20720;13790;-128;-44;1038;-594;687;-201
-1708660143;-32;-76;964;-1680;8260;16170;-128;-44;1038;-594;687;-201
-1708103945;-32;-76;964;-1680;8260;16170;-113;9;962;-586;693;-202
-1707547745;-62;-107;909;-840;16940;19880;-113;9;962;-586;693;-202
-1706991557;-62;-107;909;560;5740;23800;-78;18;770;-594;694;-201
-1706435349;-47;-89;755;560;5740;23800;-67;-30;874;-595;694;-205
-1705879157;1;-80;924;-560;-11130;27510;-67;-30;874;-595;694;-205
-1705322969;1;-80;924;-560;-11130;27510;-115;-88;1034;-586;681;-199
-1704766773;39;-34;967;700;-18270;28070;-115;-88;1107;-589;694;-199
-1704210573;-22;-37;626;-70;-3850;26950;-20;-61;1107;-589;694;-199
-1703654367;-22;-37;626;-70;-3850;26950;-138;37;857;-592;679;-208
-1703098183;-65;-118;876;-630;6860;28910;-138;37;857;-592;690;-208
-1702541981;-65;-118;876;-630;-2240;34020;-132;-37;910;-595;690;-208
-1701985791;-10;-108;922;-70;-2240;34020;-51;-109;1051;-595;687;-213
-1701429583;69;-45;809;1120;-6440;37730;-51;-109;1051;-595;687;-213
-1700873393;69;-45;809;1120;-6440;37730;-131;-33;939;-595;694;-208
-1700317211;-29;-111;895;-1750;1260;39550;-131;-33;939;-598;697;-214
-1699761001;-29;-111;915;1680;-1960;42140;-27;-42;1067;-598;697;-214
-1699204817;15;-24;915;1680;-1960;42140;-109;-21;944;-601;693;-213
-1698648605;-16;-95;927;-1470;210;43540;-109;-21;944;-597;688;-219
-1698092427;-16;-95;927;-1470;210;45080;-45;-53;1050;-597;688;-219
-1697536217;8;-42;1018;910;-840;45080;-45;-53;956;-606;694;-214
-1696980027;-25;-114;867;-560;140;46620;-132;-21;956;-606;694;-214
-1696423827;-25;-114;867;-560;140;46620;-109;-27;1041;-610;688;-222
-1695867641;-23;-110;1004;70;-420;49840;-109;-27;1041;-613;697;-217
-1695311441;-23;-110;1004;420;-490;55370;-127;-20;1040;-613;697;-217
-1694755239;-29;-116;1017;420;-490;55370;-139;-43;977;-615;697;-232
-1694199037;-15;-128;973;-700;0;62020;-139;-43;977;-615;693;-232
-1693642847;-15;-128;973;-700;0;62020;-94;-40;1048;-615;693;-232
-1693086653;6;-86;940;910;-770;68390;-94;-40;1048;-618;696;-241
-1692530449;8;-112;959;-560;-210;74130;-111;-58;965;-615;700;-240
-1691974257;8;-112;959;-560;-210;74130;-68;-67;1016;-615;700;-240
-1691418061;13;-46;723;420;-630;78890;-68;-67;1016;-622;700;-235
-1690861871;13;-46;723;70;-630;81620;-50;-53;992;-622;700;-235
-1690305681;1;-51;572;70;-630;81620;-50;-53;932;-622;702;-247
-1689749479;-14;-64;609;-70;-490;84210;-56;-27;932;-636;709;-238
-1689193273;-14;-64;609;-70;-490;84210;-91;-30;953;-636;709;-238
-1688637095;-18;-83;616;490;-1050;87640;-91;-30;953;-637;708;-243
-1688080891;-42;-103;697;-700;-210;92400;-119;-2;924;-640;712;-255
-1687524689;-42;-103;697;-700;-210;92400;-42;-31;951;-640;712;-255
-1686968495;-19;-54;460;1050;-1190;97720;-42;-31;951;-636;700;-256
-1686412297;-19;-54;460;-840;-280;104020;-132;-8;912;-636;718;-250
-1685856115;-46;-85;645;-840;-280;104020;-132;-8;912;-649;718;-250
-1685299909;-34;-63;339;630;-1050;111370;-51;-15;856;-654;711;-249
-1684743705;-34;-63;339;630;-1050;111370;-52;-48;1024;-654;711;-249
-1684187525;-12;-49;866;-70;-560;118580;-52;-48;1024;-652;715;-252
-1683631323;-1;-30;898;-350;-630;124530;-50;-47;995;-667;723;-252
-1683075117;-1;-30;898;-350;-630;124530;-50;-47;1039;-667;723;-252
-1682518933;13;8;838;700;-1050;129710;-7;-58;1039;-669;729;-250
-1681962735;13;8;838;700;-350;134120;-29;-45;816;-669;720;-252
-1681406533;-7;-22;376;-560;-350;134120;-29;-45;816;-669;720;-252
-1680850341;3;38;724;770;-1120;137690;52;-36;1018;-669;727;-249
-1680294145;3;38;724;770;-1120;137690;-33;-66;870;-669;727;-249
-1679737939;9;-41;546;-420;-280;139090;-33;-66;870;-697;727;-259
-1679181753;9;-41;839;560;-840;137760;-39;-89;1002;-696;726;-253
-1678625549;50;-3;839;560;-840;137760;-39;-89;1002;-696;726;-253
-1678069357;51;-79;691;70;-910;135380;-61;-95;1006;-703;735;-244
-1677513165;51;-79;691;70;-910;135380;-108;-80;767;-702;738;-252
-1676956959;34;-95;457;-280;-420;133910;-108;-80;767;-702;738;-252
-1676400765;43;-34;521;840;-1120;133490;-40;-85;1005;-705;732;-252
-1675844587;43;-34;521;840;-1120;133490;-40;-85;837;-718;736;-252
-1675288383;12;-44;463;-770;-350;134750;-49;-65;837;-718;736;-252
-1674732193;12;-44;463;630;-1120;136010;27;-56;1020;-720;742;-249
-1674175991;22;25;724;630;-1120;136010;27;-56;1020;-720;742;-249
-1673619785;21;27;808;-70;-630;137690;16;-53;952;-726;733;-250
-1673063601;21;27;808;-70;-630;137690;14;-74;984;-733;744;-249
-1672507403;15;41;626;140;-910;139020;14;-74;984;-733;744;-249
-1671951203;21;17;659;280;-630;139020;35;-65;1002;-739;736;-249
-1671395009;21;17;659;280;-630;139020;35;-65;1002;-748;745;-253
-1670838803;5;33;311;210;-490;138180;-7;-46;792;-748;745;-253
-1670282627;5;33;311;560;-910;138180;24;-26;791;-747;742;-249
-1669726431;3;-13;385;560;-910;138180;24;-26;791;-747;742;-235
-1669170227;-13;-19;582;-210;-630;140000;-51;-44;974;-760;732;-235
-1668614023;-13;-19;582;-210;-630;140000;-51;-44;951;-771;742;-247
-1668057835;-13;-11;513;350;-770;142240;-12;-52;951;-771;742;-247
-1667501637;2;20;555;0;-840;144550;-12;-55;991;-784;744;-238
-1666945445;2;20;555;0;-840;144550;-12;-55;991;-784;744;-247
-1666389247;14;10;786;70;-700;146090;45;-42;949;-784;744;-247
-1665833045;14;10;786;140;-630;146370;4;-77;951;-783;721;-240
-1665276855;36;40;690;140;-630;146370;4;-77;951;-795;723;-237
-1664720647;39;10;637;-140;-770;145110;38;-69;971;-795;723;-237
-1664164457;39;10;637;-140;-770;145110;38;-69;971;-795;727;-238
-1663608261;66;5;865;420;-700;142590;-10;-125;980;-795;727;-238
-1663052073;75;-39;409;-210;-490;139370;-47;-102;897;-798;721;-240
-1662495883;75;-39;409;-210;-490;139370;-47;-102;897;-810;727;-235
-1661939677;84;-33;670;770;-1050;135800;-39;-102;950;-810;727;-235
-1661383485;84;-33;670;770;-420;132090;-39;-102;969;-823;724;-225
-1660827295;54;-25;736;70;-420;132090;6;-95;969;-826;712;-241
-1660271091;60;3;478;350;-910;128800;-17;-92;911;-826;712;-241
-1659714885;60;3;478;350;-910;128800;-17;-92;911;-826;709;-238
-1659158693;74;4;718;70;-420;126000;-41;-122;990;-829;714;-226
-1658602495;74;4;612;-140;-560;123410;-1;-91;956;-829;714;-226
-1658046301;69;-6;612;-140;-560;123410;-1;-91;956;-832;702;-238
-1657490109;62;-7;844;630;-560;121030;-15;-100;1006;-832;702;-238
-1656933905;62;-7;844;630;-560;121030;-15;-100;1006;-838;708;-238
-1656377727;31;-21;710;-70;-490;119490;-14;-81;980;-834;708;-237
-1655821521;12;7;495;280;-840;118930;-15;-39;918;-834;708;-237
-1655265315;12;7;495;280;-840;118930;-15;-39;918;-841;699;-243
-1654709121;0;-23;303;0;-140;119350;-15;-32;866;-849;700;-243
-1654152923;0;-23;303;280;-700;121030;-15;-32;953;-849;700;-243
-1653596733;4;-28;420;280;-700;121030;-58;-61;953;-846;696;-247
-1653040541;16;-22;663;-70;-350;123410;-40;-81;887;-846;696;-243
-1652484347;16;-22;663;-70;-350;123410;-40;-81;887;-853;693;-243
-1651928159;73;-74;354;140;-630;124810;-17;-116;897;-862;696;-240
-1651371947;90;-42;856;-140;-280;124250;-59;-129;1049;-862;696;-240
-1650815759;90;-42;856;-140;-280;124250;-59;-129;1049;-861;696;-259
-1650259561;102;-42;718;420;-630;121940;-75;-126;931;-867;691;-253
-1649703375;102;-42;718;-70;-350;119280;-75;-126;931;-867;691;-253
-1649147173;72;-31;422;-70;-350;119280;-35;-124;928;-856;685;-261
-1648590969;88;-55;787;210;-630;116060;-64;-118;992;-862;682;-259
-1648034787;88;-55;787;210;-630;116060;-64;-118;992;-862;682;-259
-1647478585;76;-49;661;210;-490;113260;-55;-84;945;-867;688;-265
-1646922379;72;-35;839;-70;-420;111300;-55;-84;1025;-867;688;-265
-1646366197;72;-35;839;-70;-420;111300;-33;-113;1025;-864;678;-268
-1645809989;61;-32;721;210;-490;110040;-12;-114;1019;-865;688;-265
-1645253801;61;-32;721;140;-420;108360;-12;-114;1019;-865;688;-265
-1644697603;74;0;883;140;-420;108360;-34;-107;1002;-868;679;-279
-1644141403;74;-19;672;140;-630;105840;3;-116;957;-868;693;-276
-1643585205;74;-19;672;140;-630;105840;3;-116;957;-868;693;-276
-1643029003;84;-8;541;210;-490;102410;-30;-103;872;-867;684;-277
-1642472827;84;-51;388;350;-420;98350;-30;-103;872;-874;684;-280
-1641916631;88;-51;388;350;-420;98350;-81;-132;989;-874;684;-280
-1641360427;85;-91;946;210;-420;94500;-111;-110;1017;-862;691;-283
-1640804225;85;-91;946;210;-420;91910;-111;-110;1017;-862;691;-283
-1640248035;71;-68;915;210;-420;91910;-62;-110;1017;-859;691;-297
-1639691841;74;-67;960;210;-350;90230;-62;-110;1010;-865;684;-288
-1639135645;74;-67;960;210;-350;90230;-49;-103;1010;-865;684;-288
-1638579439;73;-23;870;140;-420;88060;-44;-105;928;-868;708;-292
-1638023245;73;-23;723;210;-560;85680;-44;-105;928;-873;714;-285
-1637467053;81;-28;723;210;-560;85680;-18;-136;1002;-873;714;-285
-1636910849;77;-14;790;0;-350;82180;-33;-113;983;-868;705;-297
-1636354665;77;-14;790;0;-350;82180;-33;-113;983;-868;724;-294
-1635798475;81;-19;738;490;-490;77420;-42;-103;1006;-880;724;-294
-1635242273;78;-33;954;-140;-140;73010;-42;-103;1006;-873;733;-297
-1634686083;78;-33;954;-140;-140;73010;7;-110;976;-873;733;-297
-1634129877;76;32;864;350;-350;68530;34;-95;1041;-879;727;-294
-1633573691;76;32;864;70;-210;62930;34;-95;1041;-876;745;-282
-1633017495;66;12;940;70;-210;62930;8;-91;998;-876;745;-282
-1632461299;60;33;1029;490;-420;57050;8;-91;1056;-864;754;-280
-1631905093;60;33;1029;490;-420;57050;8;-85;1056;-871;754;-274
-1631348895;48;-11;946;-140;-140;51030;-40;-76;970;-871;754;-274
-1630792711;64;-44;988;210;-70;45710;-40;-76;970;-876;759;-282
-1630236501;64;-44;988;210;-70;45710;-64;-104;1040;-876;759;-282
-1629680303;55;-58;981;70;-280;41370;-85;-91;1022;-873;768;-280
-1629124105;55;-58;981;0;-140;38780;-85;-91;1022;-870;790;-267
-1628567927;55;-82;987;0;-140;38780;-102;-100;993;-870;790;-267
-1628011721;67;-90;946;-140;-140;37590;-102;-100;993;-877;780;-271
-1627455535;67;-90;946;-140;-140;37590;-78;-106;1036;-871;789;-258
-1626899319;51;-76;913;-140;-70;37380;-79;-96;1003;-871;789;-258
-1626343143;52;-64;839;350;-350;38640;-79;-96;1003;-874;802;-246
-1625786931;52;-64;839;350;-350;38640;-68;-83;984;-867;802;-243
-1625230739;31;-62;808;-350;0;41790;-68;-83;1048;-867;802;-243
-1624674547;31;-62;808;560;-490;45150;-41;-87;1048;-877;814;-237
-1624118345;48;-34;912;560;-490;45150;-84;-93;914;-877;814;-237
-1623562153;43;-34;690;350;-70;47460;-84;-93;914;-888;822;-222
-1623005949;43;-34;690;350;-70;47460;-15;-93;1054;-880;829;-213
-1622449759;53;-47;900;0;-70;47530;-56;-99;979;-880;829;-213
-1621893567;53;-15;878;910;-560;44940;-56;-99;979;-880;825;-211
-1621337373;71;-15;878;910;-560;44940;-44;-95;987;-873;829;-196
-1620781163;47;-45;859;-350;140;40670;-44;-95;987;-873;829;-196
-1620224979;47;-45;859;-350;140;36260;-24;-56;973;-874;838;-183
-1619668779;35;-8;937;560;-140;36260;-35;-68;1007;-874;838;-186
-1619112583;18;-40;695;-140;-70;33600;-35;-68;1007;-873;828;-186
-1618556389;18;-40;695;-140;-70;33600;-36;-69;942;-882;850;-171
-1618000197;31;6;641;210;-140;32060;-36;-69;1027;-882;850;-171
-1617443995;31;6;908;490;-350;31850;9;-87;1027;-886;834;-157
-1616887791;30;0;908;490;-350;31850;0;-69;1012;-876;835;-147
-1616331599;38;-3;932;-140;70;32970;0;-69;1012;-876;835;-147
-1615775411;38;-3;932;-140;70;32970;11;-98;1048;-882;838;-144
-1615219203;41;35;996;560;-210;33670;29;-85;957;-877;840;-136
-1614663017;55;31;835;0;0;33740;29;-85;957;-877;840;-136
-1614106831;55;31;835;0;0;33740;35;-91;1053;-876;841;-130
-1613550627;41;35;800;490;-70;31990;35;-91;1053;-876;841;-130
-1612994423;41;35;800;210;0;29610;48;-53;971;-885;841;-123
-1612438235;17;68;863;210;0;29610;39;-47;1017;-885;841;-118
-1611882041;9;51;849;420;-210;28000;39;-47;1017;-885;841;-118
-1611325845;9;51;849;420;-210;28000;41;-32;977;-882;826;-100
-1610769635;6;48;855;70;70;26530;41;-32;1061;-888;834;-96
-1610213445;23;22;891;210;-350;25760;21;-64;1061;-888;834;-96
-1609657255;23;22;891;210;-350;25760;19;-69;926;-882;832;-90
-1609101049;26;46;585;280;-210;25690;19;-69;926;-888;829;-94
-1608544861;26;46;585;350;-140;25410;52;-57;1042;-888;829;-94
-1607988667;13;66;813;350;-140;25410;73;-40;958;-877;840;-78
-1607432471;0;83;965;280;-70;25620;73;-40;958;-877;840;-78
-1606876281;0;83;965;280;-70;25620;114;-23;1034;-888;826;-76
-1606320077;-19;123;1001;-210;140;25480;114;-23;1034;-883;828;-82
-1605763885;3;161;1016;840;-490;24430;158;-36;1044;-883;828;-82
-1605207689;3;161;1016;840;-490;24430;125;-34;967;-889;825;-73
-1604651481;-13;137;888;-210;280;22820;125;-34;967;-879;820;-72
-1604095291;-13;137;888;280;-280;20860;152;-57;1067;-879;820;-72
-1603539091;12;154;1056;280;-280;20860;152;-57;986;-879;816;-72
-1602982895;15;120;988;140;0;18760;110;-47;986;-879;816;-64
-1602426701;15;120;988;140;0;18760;129;-57;986;-876;816;-64
-1601870509;12;141;1010;140;140;16310;129;-57;986;-883;825;-60
-1601314305;12;140;1036;350;-70;13300;139;-38;1026;-883;825;-60
-1600758115;7;140;1036;350;-70;13300;129;-6;990;-883;813;-60
-1600201923;-29;140;999;140;70;9940;129;-6;990;-882;810;-57
-1599645729;-29;140;999;140;70;7910;127;-10;1042;-882;810;-57
-1599089539;-28;134;1045;210;-70;7910;127;-10;1042;-885;817;-58
-1598533335;-25;90;996;140;140;6370;81;-13;985;-882;808;-51
-1597977115;-25;90;996;140;140;6370;93;-24;1043;-882;808;-51
-1597420941;-21;101;1040;210;-140;5670;93;-24;1043;-880;808;-60
-1596864745;-21;101;1040;280;0;4900;116;-21;1009;-880;808;-60
-1596308559;-19;125;1015;280;0;4900;116;-21;988;-882;811;-57
-1595752343;-30;120;1006;-70;210;3850;111;-8;988;-880;817;-52
-1595196167;-30;120;1006;-70;210;3850;131;-25;1040;-880;817;-52
-1594639957;-20;139;1044;490;-280;2660;131;-25;1040;-874;811;-49
-1594083767;-22;85;993;-350;210;1890;77;-18;980;-885;807;-51
-1593527561;-22;85;993;-350;210;1890;94;-19;1029;-885;807;-51
-1592971373;-19;103;1038;490;-70;1120;94;-19;1029;-885;808;-54
-1592415187;-19;103;1038;-70;70;630;76;-17;1006;-886;814;-54
-1591858985;-22;84;1008;-70;70;630;76;-17;1006;-886;814;-54
-1591302785;-20;60;1026;210;70;350;46;-25;1014;-885;801;-52
-1590746589;-20;60;1026;210;70;350;-7;-42;1021;-885;801;-52
-1590190397;-1;0;1016;140;70;490;-7;-42;1021;-882;813;-48
-1589634191;-1;-1;1016;140;0;560;-11;-35;1003;-891;802;-49
-1589077993;-1;-1;1016;140;0;560;-11;-35;1021;-891;802;-49
-1588521799;0;0;1025;280;-70;490;-7;-41;1021;-883;805;-46
-1587965611;0;0;1025;0;70;560;-13;-39;1004;-892;811;-55
-1587409405;-2;-3;1013;0;70;560;-13;-39;1004;-892;811;-55
-1586853217;0;0;1025;140;0;490;-7;-40;1020;-891;816;-60
-1586297031;0;0;1025;140;0;490;-4;-37;1002;-891;816;-58
-1585740827;-3;2;1013;0;70;490;-4;-37;1002;-877;817;-58
-1585184625;-1;12;1022;140;0;420;4;-36;1013;-886;819;-54
-1584628435;-1;12;1022;140;0;420;4;-36;1013;-886;819;-54
-1584072237;-2;12;1017;70;0;280;5;-36;1013;-882;804;-55
-1583516041;-2;12;1017;70;0;70;-1;-40;1009;-883;813;-52
-1582959855;-1;6;1017;0;0;70;-1;-40;1009;-883;813;-52
-1582403645;0;-3;1021;140;0;0;-13;-38;1018;-879;805;-51
-1581847455;0;-3;1021;140;0;0;-13;-38;1003;-891;801;-51
-1581291267;-1;-8;1015;70;140;70;-16;-39;1003;-891;801;-51
-1580735061;-1;-8;1024;210;70;70;-9;-46;1014;-874;813;-43
-1580178865;0;-3;1024;210;70;70;-9;-46;1014;-874;813;-43
-1579622661;-3;10;1014;140;70;70;4;-38;1007;-886;810;-60
-1579066471;-3;10;1014;140;70;-70;2;-38;1010;-885;813;-60
-1578510279;-1;12;1021;210;0;-70;2;-38;1010;-885;813;-60
-1577954073;-2;5;1017;70;70;-140;-1;-36;1011;-885;805;-54
-1577397895;-2;5;1017;70;70;-140;-1;-36;1011;-892;813;-58
-1576841681;-2;2;1019;140;70;-280;-1;-37;1006;-892;813;-58
-1576285491;-2;2;1019;210;70;-350;9;-36;1014;-877;816;-48
-1575729299;-4;15;1020;210;70;-350;9;-36;1014;-876;813;-66
-1575173095;-5;23;1017;140;0;-560;18;-30;1009;-876;813;-66
-1574616901;-5;23;1017;140;0;-560;18;-30;1013;-877;804;-45
-1574060707;-6;38;1020;210;0;-1120;34;-33;1013;-877;804;-45
-1573504505;-4;53;1017;280;0;-1960;45;-33;1016;-885;802;-49
-1572948313;-4;53;1017;280;0;-1960;45;-33;1016;-880;807;-60
-1572392121;1;47;1026;280;0;-3290;35;-44;1016;-880;807;-60
-1571835935;1;47;1026;-70;210;-4550;15;-42;1002;-876;813;-57
-1571279719;4;26;1009;-70;210;-4550;15;-42;1002;-876;801;-54
-1570723543;-3;25;1027;210;70;-5530;17;-35;1016;-876;801;-54
-1570167341;-3;25;1027;210;70;-5530;17;-35;1016;-876;816;-45
-1569611137;-3;5;1011;70;140;-6300;-6;-36;1006;-876;816;-60
-1569054953;1;-8;1021;350;-140;-6860;-22;-43;1017;-883;811;-60
-1568498741;1;-8;1021;350;-140;-6860;-22;-43;1017;-882;816;-57
-1567942553;4;-21;1019;140;0;-7000;-35;-42;1012;-882;816;-57
-1567386349;4;-21;1019;140;70;-7000;-35;-42;1011;-873;819;-61
-1566830155;0;-36;1028;140;70;-7000;-45;-40;1011;-883;805;-57
-1566273975;2;-26;1006;0;210;-6160;-32;-46;1023;-883;805;-57
-1565717773;2;-26;1006;0;210;-6160;-32;-46;1023;-879;817;-51
-1565161569;2;-25;1028;210;70;-5390;-31;-41;998;-877;814;-57
-1564605387;0;-22;1014;140;0;-4830;-30;-42;1022;-877;814;-57
-1564049183;0;-22;1014;140;0;-4830;-30;-42;1022;-865;811;-52
-1563492983;1;-37;1015;0;-70;-4480;-54;-43;1002;-865;811;-52
-1562936791;1;-37;1015;0;0;-3500;-54;-43;1002;-888;820;-64
-1562380593;1;-46;1026;140;0;-3500;-54;-45;1015;-874;814;-61
-1561824401;1;-47;1013;0;210;-2100;-53;-43;1009;-874;814;-61
-1561268197;1;-47;1013;0;210;-2100;-53;-43;1009;-873;820;-64
-1560711999;0;-38;1022;140;70;-910;-40;-40;1009;-879;808;-49
-1560155809;0;-38;1018;70;70;-140;-40;-40;1014;-879;808;-49
-1559599617;0;-22;1018;70;70;-140;-21;-41;1014;-874;813;-57
-1559043407;-1;-3;1018;70;70;280;-7;-34;1013;-886;817;-63
-1558487223;-1;-3;1018;70;70;350;-7;-34;1013;-886;817;-63
-1557931027;-1;0;1021;70;70;350;-10;-39;1013;-880;817;-61
-1557374825;-2;-8;1017;70;140;350;-18;-40;1013;-880;817;-61
-1556818633;-2;-8;1017;70;140;350;-18;-40;1013;-886;808;-52
-1556262447;-1;-3;1021;0;70;420;-9;-41;1011;-883;820;-60
-1555706231;-1;-3;1021;-140;70;560;-9;-41;1011;-883;820;-60
-1555150035;-1;-2;1019;-140;70;560;-10;-39;1009;-882;816;-57
-1554593843;0;0;1021;-70;140;560;-10;-39;1007;-879;811;-52
-1554037655;0;0;1021;-70;140;560;-10;-39;1007;-879;811;-52
-1553481447;-1;-2;1015;-70;70;490;-9;-40;1009;-879;814;-52
-1552925261;-1;-2;1017;70;0;490;-9;-40;1007;-879;814;-63
-1552369069;-1;-2;1017;70;0;490;-12;-40;1007;-879;817;-63
-1551812865;-1;0;1022;280;0;490;-9;-35;1014;-883;817;-52
-1551256669;-1;0;1022;70;70;560;-9;-35;1014;-883;817;-52
-1550700479;-1;-2;1016;70;70;560;-11;-40;1012;-874;820;-55
-1550144271;0;0;1023;210;0;490;-10;-39;1015;-876;816;-67
-1549588095;0;0;1023;210;0;490;-10;-39;1015;-876;816;-67
-1549031881;0;-3;1017;140;0;490;-9;-41;1012;-885;814;-57
-1548475691;-1;-3;1019;140;0;490;-9;-41;1012;-883;814;-60
-1547919497;-1;-3;1019;140;0;490;-11;-38;1008;-883;814;-60
-1547363303;0;-1;1020;210;0;560;-9;-39;1012;-882;811;-61
-1546807097;0;-1;1020;140;70;560;-9;-39;1012;-882;811;-61
-1546250903;-2;-2;1018;140;70;560;-8;-41;1009;-880;808;-66
-1545694705;-1;0;1020;210;0;560;-8;-41;1014;-873;816;-63
-1545138515;-1;0;1020;210;0;560;-9;-40;1014;-873;816;-63
-1544582331;-2;-1;1017;140;0;490;-9;-34;1012;-880;810;-58
-1544026117;0;-1;1020;210;0;490;-9;-34;1012;-879;813;-63
-1543469919;0;-1;1020;210;0;490;-11;-39;1012;-879;813;-63
-1542913725;-1;-3;1019;210;0;560;-9;-41;1019;-879;822;-61
-1542357541;-1;-3;1019;210;0;560;-9;-41;1019;-885;811;-60
-1541801339;-1;-2;1019;140;0;560;-8;-40;1005;-885;811;-60
-1541245147;0;-1;1019;210;70;560;-8;-40;1005;-877;816;-51
-1540688945;0;-1;1019;210;70;560;-9;-39;1012;-877;816;-51
-1540132753;0;-1;1018;140;70;490;-9;-40;1013;-870;814;-55
-1539576567;0;-1;1018;140;70;490;-9;-40;1013;-888;816;-54
-1539020355;0;-1;1018;140;70;490;-9;-39;1009;-888;816;-54
-1538464175;-1;-2;1018;140;0;490;-9;-39;1013;-873;816;-54
-1537907973;-1;-2;1018;140;0;490;-8;-40;1013;-883;805;-57
-1537351765;0;-2;1019;210;0;560;-9;-38;1010;-883;805;-57
-1536795567;0;-1;1019;140;0;560;-9;-38;1010;-879;820;-61
-1536239383;0;-1;1019;140;0;560;-10;-40;1012;-879;820;-60
-1535683183;0;-1;1018;210;0;490;-8;-42;1018;-874;813;-60
-1535126991;0;-1;1018;140;0;560;-8;-42;1018;-883;813;-63
-1534570803;0;0;1019;140;0;560;-9;-41;1007;-883;813;-63
-1534014595;0;-3;1017;140;70;560;-9;-41;1007;-876;816;-57
-1533458393;0;-3;1017;140;70;560;-10;-38;1011;-888;811;-54
-1532902207;-1;0;1019;140;0;560;-9;-37;1006;-888;811;-54
-1532346005;-1;-1;1018;140;0;490;-9;-37;1006;-879;817;-63
-1531789805;-1;-1;1018;140;0;490;-10;-41;1014;-885;814;-52
-1531233621;-1;-2;1019;210;0;490;-10;-41;1014;-885;814;-52
-1530677431;-1;-2;1019;210;0;560;-9;-38;1014;-868;814;-46
-1530121223;-1;-2;1019;210;0;560;-11;-38;1008;-868;814;-46
-1529565037;-1;-2;1018;140;0;490;-11;-38;1008;-877;805;-46
-1529008833;-1;-2;1018;140;0;490;-10;-40;1012;-876;820;-57
-1528452647;0;-2;1019;210;0;490;-9;-40;1017;-876;820;-57
-1527896439;0;-1;1017;140;70;490;-9;-40;1017;-877;816;-57
-1527340241;0;-1;1017;140;70;490;-8;-40;1010;-880;813;-60
-1526784043;0;-1;1019;140;0;560;-8;-40;1010;-880;813;-60
-1526227851;0;-1;1019;140;0;490;-9;-38;1011;-883;816;-52
-1525671665;-1;-2;1017;140;0;490;-9;-40;1011;-882;820;-66
-1525115457;-1;-2;1019;140;70;490;-9;-40;1011;-882;820;-66
-1524559257;-1;-2;1019;140;70;490;-10;-40;1013;-873;811;-57
-1524003061;-1;-3;1017;140;70;490;-10;-40;1015;-873;811;-57
-1523446873;0;-2;1017;210;70;490;-9;-38;1015;-879;811;-55
-1522890679;0;-2;1017;210;70;490;-11;-39;1011;-874;817;-60
-1522334471;0;-1;1018;210;0;560;-11;-39;1011;-874;817;-60
-1521778285;0;-1;1018;210;70;560;-9;-39;1009;-885;810;-58
-1521222099;0;-1;1018;140;70;560;-9;-38;1016;-883;816;-58
-1520665889;-1;-1;1018;210;70;560;-9;-38;1016;-883;816;-58
-1520109699;-1;-1;1018;210;70;560;-10;-40;1006;-876;811;-63
-1519553503;-1;-2;1019;140;70;560;-10;-40;1006;-876;811;-63
-1518997301;-1;-2;1019;210;0;490;-10;-40;1014;-876;814;-63
-1518441103;0;-2;1019;210;0;490;-9;-39;1011;-885;822;-66
-1517884923;0;-2;1018;140;0;560;-9;-39;1011;-885;822;-66
-1517328725;0;-2;1018;140;0;560;-9;-38;1014;-879;823;-61
-1516772531;0;-1;1018;140;0;490;-9;-38;1012;-879;826;-51
-1516216329;0;-2;1018;140;70;490;-9;-37;1012;-879;826;-51
-1515660133;0;-2;1018;140;70;490;-10;-39;1009;-883;811;-66
-1515103943;-1;-1;1019;210;0;560;-10;-39;1009;-879;819;-64
-1514547739;-1;-1;1019;210;0;560;-10;-40;1012;-879;819;-64
-1513991543;-1;-2;1019;210;0;560;-9;-39;1016;-873;814;-58
-1513435345;-1;-2;1017;140;0;490;-9;-39;1016;-873;814;-58
-1512879145;-1;-2;1017;140;0;490;-10;-41;1008;-876;807;-66
-1512322951;0;-1;1019;210;0;490;-10;-41;1008;-880;816;-63
-1511766759;0;-1;1018;210;0;490;-10;-38;1009;-880;816;-63
-1511210557;0;-1;1018;210;0;490;-9;-38;1011;-876;811;-49
-1510654365;-1;-2;1018;210;70;490;-9;-38;1011;-888;813;-58
-1510098179;-1;-2;1018;140;0;490;-10;-39;1012;-888;813;-58
-1509541983;-1;-1;1018;140;0;490;-10;-39;1012;-876;819;-66
-1508985787;0;-1;1019;140;0;490;-10;-37;1012;-876;814;-57
-1508429583;0;-1;1019;140;0;490;-10;-42;1012;-886;814;-57
-1507873381;0;-1;1019;210;0;490;-10;-42;1012;-874;825;-58
-1507317189;-1;-1;1019;210;0;490;-9;-40;1013;-874;825;-58
-1506761003;-1;-1;1019;210;0;490;-10;-40;1012;-888;819;-61
-1506204791;0;-2;1019;210;0;560;-10;-40;1012;-882;811;-57
-1505648595;0;-2;1019;210;0;490;-10;-38;1006;-882;811;-57
-1505092399;-1;-2;1018;210;0;490;-10;-38;1006;-880;814;-52
-1504536203;0;-3;1019;210;0;560;-9;-36;1013;-880;814;-60
-1503980003;0;-3;1019;210;0;560;-9;-38;1009;-880;814;-60
-1503423817;0;-2;1018;140;0;490;-9;-38;1009;-885;814;-64
-1502867623;0;0;1018;140;0;490;-10;-40;1016;-885;814;-64
-1502311429;0;0;1018;140;0;490;-10;-40;1011;-883;816;-70
-1501755239;0;-2;1018;140;0;560;-10;-37;1011;-883;808;-55
-1501199033;0;-2;1018;140;0;560;-10;-41;1012;-883;808;-55
-1500642847;-1;-1;1018;210;0;560;-10;-41;1012;-873;801;-61
-1500086641;0;-2;1017;140;0;490;-8;-40;1012;-883;820;-61
-1499530445;0;-2;1017;140;0;490;-9;-39;1014;-883;820;-61
-1498974245;-1;-1;1019;210;0;560;-9;-39;1014;-879;820;-57
-1498418049;-1;-1;1019;140;70;560;-9;-40;1009;-879;814;-52
-1497861847;0;-1;1019;140;70;560;-9;-40;1009;-879;814;-52
-1497305657;-1;-1;1020;140;0;490;-9;-38;1015;-879;813;-58
-1496749455;-1;-1;1020;140;0;490;-8;-41;1012;-879;813;-58
-1496193267;-1;0;1018;210;0;490;-8;-41;1012;-882;826;-61
-1495637083;0;-2;1018;140;70;560;-10;-39;1015;-885;822;-48
-1495080877;0;-2;1018;140;70;560;-10;-39;1010;-885;822;-48
-1494524691;0;-1;1018;140;70;490;-11;-37;1010;-883;810;-60
-1493968489;0;-1;1018;140;0;490;-10;-39;1011;-876;813;-63
-1493412299;-1;-2;1018;140;0;490;-10;-39;1011;-876;813;-63
-1492856091;-1;-2;1019;140;0;490;-9;-40;1012;-883;822;-58
-1492299895;-1;-2;1019;140;0;490;-10;-40;1014;-886;814;-57
-1491743701;-1;-2;1018;210;0;490;-10;-40;1014;-886;814;-57
-1491187515;0;-2;1018;140;0;560;-9;-41;1009;-882;814;-57
-1490631303;0;-2;1018;140;0;560;-9;-41;1009;-882;814;-57
-1490075107;-1;-2;1018;140;70;490;-9;-37;1010;-885;810;-48
-1489518913;-1;-2;1018;140;0;490;-9;-40;1011;-882;810;-55
-1488962723;-1;-1;1017;140;0;490;-9;-40;1011;-882;810;-55
-1488406515;-1;-1;1018;210;0;490;-9;-39;1014;-882;816;-57
-1487850339;-1;-1;1018;210;0;490;-9;-39;1012;-879;822;-49
-1487294123;-1;-1;1018;140;0;560;-10;-38;1012;-879;822;-49
-1486737939;-1;-1;1020;140;0;490;-9;-40;1016;-870;810;-54
-1486181739;-1;-1;1020;140;0;490;-9;-40;1016;-870;810;-60
-1485625547;0;-1;1018;210;0;560;-8;-40;1010;-883;807;-60
-1485069359;0;-1;1018;210;70;560;-9;-38;1013;-882;826;-54
-1484513147;0;0;1020;210;70;560;-9;-38;1013;-882;826;-54
-1483956949;-1;-2;1017;140;70;490;-11;-39;1008;-879;810;-57
-1483400755;-1;-2;1017;140;70;490;-11;-39;1008;-874;820;-61
-1482844567;-1;-2;1018;140;0;560;-10;-39;1008;-874;820;-61
-1482288361;-1;-1;1017;210;0;490;-8;-38;1012;-886;816;-64
-1481732169;0;-1;1017;210;0;490;-8;-38;1012;-885;810;-58
-1481175987;0;-1;1019;210;0;490;-11;-38;1014;-885;810;-58
-1480619785;0;-1;1019;210;0;490;-11;-38;1012;-877;819;-55
-1480063577;0;-2;1019;140;0;490;-10;-39;1012;-877;819;-55
-1479507397;0;-1;1017;210;0;490;-10;-40;1011;-870;825;-49
-1478951197;0;-1;1017;210;0;490;-10;-40;1011;-879;814;-57
-1478394997;0;-1;1019;210;0;560;-8;-41;1013;-879;814;-57
-1477838793;0;-1;1017;210;0;560;-11;-37;1012;-871;802;-61
-1477282599;-1;-1;1017;210;0;560;-11;-37;1012;-891;814;-54
-1476726405;0;-2;1018;210;0;490;-10;-38;1010;-891;814;-54
-1476170205;0;-2;1018;210;0;490;-10;-38;1010;-886;814;-55
-1475614027;0;-2;1018;210;0;560;-10;-40;1012;-883;820;-57
-1475057813;0;-1;1019;140;0;490;-8;-39;1011;-883;820;-57
-1474501627;0;-1;1019;140;0;490;-8;-39;1011;-888;817;-61
-1473945439;-1;-2;1019;210;0;560;-10;-40;1012;-888;817;-61
-1473389235;-1;-2;1019;140;70;560;-10;-40;1008;-879;825;-57
-1472833029;0;-2;1018;140;70;560;-10;-38;1008;-880;816;-57
-1472276841;-1;-1;1018;140;0;560;-9;-41;1012;-880;816;-57
-1471720645;-1;-1;1018;140;0;560;-9;-41;1012;-880;819;-63
-1471164445;-1;-1;1018;210;0;490;-8;-40;1010;-877;819;-63
-1470608249;-1;-3;1019;210;0;490;-10;-37;1014;-877;819;-63
-1470052051;-1;-3;1019;210;0;490;-10;-37;1014;-879;810;-61
-1469495865;-1;-2;1018;140;0;490;-9;-39;1006;-879;810;-61
-1468939669;-1;-2;1018;140;0;490;-9;-39;1006;-871;814;-61
-1468383461;-1;-1;1019;140;0;490;-9;-38;1013;-882;819;-52
-1467827269;-1;-1;1018;140;0;490;-9;-39;1011;-882;819;-52
-1467271077;-1;-1;1018;140;0;490;-9;-39;1011;-877;814;-57
-1466714891;-1;-1;1018;140;0;560;-10;-38;1011;-874;808;-58
-1466158689;-1;-1;1018;210;0;490;-10;-38;1017;-874;808;-58
-1465602499;-1;-1;1018;210;0;490;-10;-37;1017;-880;811;-61
-1465046291;-1;-2;1019;210;0;490;-10;-39;1010;-882;810;-63
-1464490095;-1;-2;1019;210;0;560;-10;-39;1010;-882;810;-63
-1463933905;0;-1;1019;210;0;560;-9;-40;1013;-873;816;-52
-1463377701;0;-1;1018;140;70;490;-9;-40;1016;-873;816;-52
-1462821501;0;-1;1018;140;70;490;-9;-40;1016;-885;816;-58
-1462265305;0;-2;1019;210;0;560;-10;-42;1006;-876;816;-51
-1461709113;0;-2;1018;140;0;560;-10;-42;1006;-876;816;-51
-1461152923;0;-2;1018;140;0;560;-10;-40;1011;-882;820;-57
-1460596729;0;-2;1019;140;70;490;-11;-38;1007;-871;819;-61
-1460040519;0;-2;1019;140;70;490;-11;-38;1007;-871;819;-61
-1459484323;0;-2;1018;140;70;490;-10;-43;1014;-879;814;-54
-1458928139;0;-1;1018;210;70;560;-10;-43;1012;-880;808;-52
-1458371937;0;-1;1018;210;70;560;-7;-40;1012;-880;808;-52
-1457815747;0;0;1019;210;70;560;-8;-37;1009;-877;808;-55
-1457259559;0;0;1019;140;70;560;-8;-37;1009;-877;808;-55
-1456703347;0;-1;1018;140;70;560;-11;-39;1012;-891;805;-54
-1456147159;0;-2;1018;140;0;560;-10;-39;1017;-885;808;-66
-1455590957;0;-2;1018;140;0;560;-10;-39;1017;-885;808;-66
-1455034775;0;-2;1018;140;70;560;-9;-42;1006;-889;817;-63
;;;;;;;;;;;;
;;;;;;;;;;;;
;;;;;;;;;;;;
;;;;;;;;;;;;
;;;;;;;;;;;;
;;;;;;;;;;;;
Beginn Messung cnt = 39 ;;;;;;;;;;;;
