600360125;-8;-5;1019;210;-70;980;-19;-22;1005;-556;364;-102
600916313;-8;-5;1019;210;-70;980;-19;-22;1005;-556;352;-103
601472513;-8;-6;1018;210;-70;980;-20;-22;1005;-550;355;-108
602028701;-8;-6;1018;210;-70;980;-20;-21;1009;-550;355;-108
602584905;-7;-6;1019;210;-70;980;-20;-21;1009;-555;363;-114
603141101;-9;-6;1019;210;-70;980;-18;-24;1007;-550;357;-103
603697293;-9;-6;1019;210;-70;980;-18;-24;1010;-550;357;-103
604253489;-9;-5;1018;210;-70;980;-20;-23;1010;-549;361;-99
604809679;-9;-5;1018;210;-70;980;-19;-22;1004;-549;361;-99
605365883;-8;-5;1019;210;-70;980;-19;-22;1004;-555;358;-106
605922081;-8;-6;1019;210;-70;980;-18;-22;1010;-555;358;-109
606478279;-8;-6;1019;210;-70;980;-19;-20;1006;-555;358;-109
607034461;-8;-5;1019;210;-70;980;-19;-20;1006;-555;360;-108
607590671;-6;-5;1018;210;-70;980;-19;-22;1008;-555;364;-105
608146857;-6;-5;1018;210;-70;980;-19;-22;1008;-555;364;-105
608703059;-9;-5;1018;210;0;1050;-20;-22;1006;-547;360;-109
609259251;-9;-5;1018;210;0;980;-20;-21;1010;-547;358;-111
609815443;-8;-5;1020;210;0;980;-20;-21;1010;-549;358;-111
610371647;-8;-6;1019;210;-70;980;-20;-22;1013;-555;366;-103
610927835;-8;-6;1019;210;-70;980;-20;-22;1009;-555;366;-103
611484039;-7;-6;1018;140;-70;980;-19;-23;1009;-544;357;-106
612040237;-9;-4;1020;210;-70;980;-18;-17;1008;-549;354;-109
612596433;-9;-4;1020;210;-70;980;-18;-17;1008;-549;354;-109
613152619;-7;-5;1016;140;-70;980;-19;-24;1006;-547;361;-106
613708821;-7;-5;1016;210;-70;980;-19;-24;1012;-553;357;-111
614265015;-8;-4;1018;210;-70;980;-19;-24;1012;-553;357;-111
614821209;-8;-5;1020;280;0;980;-20;-23;1005;-540;358;-106
615377413;-8;-5;1020;280;0;980;-20;-23;1005;-540;358;-106
615933623;-7;-5;1017;210;-70;980;-19;-22;1008;-552;363;-103
616489801;-7;-6;1017;210;0;980;-19;-20;1004;-553;372;-100
617046003;-7;-6;1017;210;0;980;-19;-20;1004;-553;372;-100
617602191;-8;-5;1022;210;-70;980;-20;-20;1009;-544;360;-103
618158395;-8;-5;1022;210;-70;980;-20;-20;1006;-555;360;-111
618714589;-9;-5;1018;210;-70;980;-19;-20;1006;-555;360;-111
619270777;-8;-5;1018;210;-70;980;-20;-20;1010;-541;354;-112
619826975;-8;-5;1018;210;-70;980;-20;-20;1010;-547;361;-112
620383167;-9;-5;1019;210;-70;980;-18;-23;1011;-547;361;-112
620939369;-9;-5;1017;140;-70;980;-20;-21;1003;-541;357;-115
621495569;-8;-6;1017;140;-70;980;-20;-21;1003;-541;357;-115
622051767;-8;-6;1019;210;0;980;-20;-22;1007;-538;348;-112
622607957;-8;-6;1019;210;0;910;-20;-22;1007;-547;349;-108
623164157;-7;-6;1020;210;-70;910;-20;-22;1005;-547;349;-108
623720347;-6;-6;1017;210;0;980;-18;-21;1007;-553;352;-114
624276539;-6;-6;1017;210;0;980;-18;-21;1007;-555;348;-105
624832745;-9;-6;1017;210;0;1050;-18;-23;1012;-555;348;-105
625388937;-9;-6;1017;210;-70;1050;-18;-23;1008;-547;364;-108
625945131;-8;-6;1021;210;-70;1050;-19;-23;1008;-547;364;-105
626501335;-8;-5;1018;210;-70;1050;-19;-21;1006;-550;346;-105
627057525;-8;-5;1018;210;-70;1050;-19;-21;1006;-559;358;-109
627613727;-8;-5;1017;210;-70;980;-21;-22;1003;-559;358;-109
628169923;-8;-5;1020;210;-70;980;-19;-21;1004;-547;366;-106
628726113;-8;-5;1020;210;-70;980;-19;-21;1004;-553;348;-103
629282313;-7;-6;1016;140;0;1050;-19;-19;1002;-553;348;-103
629838501;-7;-6;1016;210;-70;980;-19;-19;1002;-547;349;-103
630394705;-7;-6;1018;210;-70;980;-19;-20;1008;-552;355;-111
630950901;-8;-5;1021;210;-70;980;-19;-23;1008;-552;355;-111
631507091;-8;-5;1021;210;-70;980;-19;-23;1008;-546;360;-99
632063289;-8;-5;1017;140;0;980;-20;-21;1007;-546;360;-99
632619479;-7;-6;1020;210;0;980;-20;-21;1006;-555;357;-102
633175683;-7;-6;1020;210;0;980;-19;-22;1006;-555;360;-106
633731881;-9;-4;1020;280;-70;980;-17;-23;1003;-555;360;-106
634288079;-9;-4;1020;210;-70;980;-17;-23;1003;-553;352;-111
634844283;-8;-5;1017;210;-70;980;-20;-18;1003;-550;358;-108
635400471;-8;-6;1019;210;-70;1050;-19;-23;1012;-550;358;-108
635956657;-8;-6;1019;210;-70;1050;-19;-23;1012;-553;360;-109
636512859;-8;-6;1021;210;-70;980;-20;-17;1003;-553;357;-111
637069051;-8;-5;1016;140;-70;980;-20;-17;1003;-547;357;-111
637625243;-8;-5;1016;140;-70;980;-20;-23;1004;-543;357;-109
638181447;-7;-6;1019;210;-70;980;-19;-24;1015;-543;357;-109
638737637;-7;-6;1019;210;-70;980;-19;-24;1015;-555;357;-106
639293835;-8;-5;1021;210;-70;980;-19;-23;1006;-559;360;-117
639850039;-7;-6;1017;140;-70;980;-19;-23;1004;-559;360;-117
640406233;-7;-6;1017;140;-70;980;-20;-20;1004;-547;355;-111
640962429;-8;-5;1019;210;-70;980;-18;-21;1007;-553;358;-100
641518621;-8;-5;1022;210;-70;980;-18;-21;1007;-553;358;-100
642074815;-8;-6;1022;210;-70;980;-19;-23;1007;-553;360;-99
642631011;-8;-6;1015;140;-70;980;-21;-22;1004;-553;360;-99
643187213;-8;-6;1015;140;-70;980;-21;-22;1004;-553;355;-106
643743399;-7;-6;1020;210;-70;980;-20;-22;1009;-556;364;-106
644299601;-8;-5;1020;210;-70;980;-20;-22;1009;-556;364;-106
644855803;-8;-5;1020;210;-70;980;-19;-21;1004;-544;364;-112
645411991;-8;-5;1015;210;-70;980;-23;-19;1005;-544;360;-117
645968195;-8;-5;1015;210;-70;980;-23;-19;1005;-544;360;-117
646524389;-8;-6;1020;210;-70;980;-19;-22;1010;-546;364;-97
647080577;-8;-4;1020;210;-70;910;-19;-22;1012;-555;364;-108
647636775;-8;-4;1020;210;-70;910;-20;-26;1012;-555;364;-108
648192979;-8;-5;1017;210;-70;980;-19;-20;1007;-549;364;-106
648749167;-7;-5;1018;210;-70;980;-19;-20;1007;-549;364;-106
649305369;-7;-5;1018;210;-70;980;-19;-22;1005;-553;363;-108
649861567;-7;-6;1019;210;-70;980;-19;-20;1007;-556;361;-115
650417769;-7;-6;1019;210;-70;980;-19;-20;1007;-556;361;-115
650973957;-8;-5;1018;210;-70;980;-19;-23;1001;-550;357;-115
651530147;-8;-5;1020;210;-70;980;-19;-23;1001;-559;355;-111
652086339;-8;-5;1020;210;-70;980;-19;-20;1010;-559;355;-111
652642545;-8;-6;1019;210;0;980;-18;-23;1005;-555;364;-115
653198737;-8;-6;1017;210;-70;980;-18;-23;1005;-555;364;-115
653754931;-8;-6;1017;210;-70;980;-19;-23;1009;-558;358;-115
654311135;-7;-6;1020;210;-70;980;-19;-23;1004;-552;361;-111
654867325;-7;-6;1020;140;-70;980;-19;-22;1004;-552;361;-111
655423525;-8;-5;1018;140;-70;980;-18;-21;1008;-546;357;-108
655979723;-8;-5;1017;210;-70;980;-18;-21;1008;-553;369;-115
656535925;-8;-5;1017;210;-70;980;-20;-20;1011;-553;369;-115
657092113;-7;-4;1021;210;-70;980;-19;-21;1007;-549;360;-109
657648301;-7;-4;1018;210;0;980;-19;-21;1007;-550;349;-102
658204505;-9;-4;1018;210;0;980;-20;-22;1009;-550;349;-102
658760701;-8;-5;1017;210;-70;980;-20;-22;1009;-549;364;-112
659316891;-8;-5;1017;210;-70;980;-19;-26;1007;-549;364;-112
659873089;-7;-6;1021;210;-70;980;-20;-20;1004;-555;354;-117
660429283;-8;-6;1019;210;-70;980;-20;-20;1004;-561;364;-102
660985483;-8;-6;1019;210;-70;980;-20;-23;1001;-561;364;-102
661541681;-8;-6;1017;140;-70;980;-20;-23;1008;-553;358;-102
662097877;-8;-6;1020;210;-70;980;-19;-20;1008;-552;360;-103
662654063;-8;-5;1020;210;-70;980;-20;-21;1007;-552;360;-103
663210271;-8;-3;1019;210;-70;980;-20;-21;1007;-546;348;-106
663766457;-8;-3;1019;210;-70;980;-21;-23;1006;-546;348;-115
664322655;-8;-5;1018;210;-70;980;-20;-25;1009;-550;348;-115
664878857;-8;-6;1020;210;-70;980;-20;-25;1009;-558;352;-105
665435043;-8;-6;1020;210;-70;980;-20;-23;1008;-558;352;-105
665991247;-8;-6;1017;140;-70;980;-20;-23;1008;-550;358;-111
666547443;-8;-6;1017;210;-70;980;-20;-21;1006;-555;364;-115
667103635;-9;-5;1019;210;-70;980;-21;-21;1006;-555;364;-115
667659839;-8;-5;1019;210;-70;980;-21;-21;1006;-546;349;-108
668216035;-8;-5;1019;210;-70;980;-19;-20;1005;-549;354;-117
668772217;-8;-5;1017;210;-70;980;-19;-20;1006;-549;354;-117
669328421;-8;-5;1019;210;0;980;-20;-23;1006;-549;361;-109
669884615;-8;-5;1019;210;0;980;-19;-22;1007;-549;361;-109
670440811;-9;-5;1020;210;-70;980;-19;-22;1007;-553;361;-118
670997013;-9;-5;1020;210;-70;980;-18;-21;1006;-553;360;-111
671553199;-9;-4;1018;210;-70;980;-20;-24;1011;-553;360;-111
672109413;-9;-6;1019;210;-70;980;-20;-24;1011;-547;364;-106
672665601;-9;-6;1019;210;-70;980;-19;-20;1007;-559;360;-118
673221793;-8;-6;1019;210;-70;980;-19;-20;1007;-559;360;-118
673777995;-7;-5;1018;210;0;1050;-20;-21;1004;-561;354;-105
674334189;-7;-5;1018;210;0;1050;-21;-20;1007;-561;361;-108
674890377;-9;-6;1018;210;0;980;-21;-20;1007;-552;361;-108
675446575;-9;-6;1018;280;-70;980;-20;-25;1006;-553;367;-109
676002779;-8;-5;1019;280;-70;980;-20;-25;1010;-553;367;-109
676558967;-8;-6;1018;210;0;980;-19;-24;1010;-555;361;-96
677115163;-8;-6;1018;210;0;980;-19;-25;1003;-565;354;-106
677671367;-9;-6;1020;210;-70;980;-19;-25;1003;-565;354;-106
678227569;-9;-5;1019;210;-70;980;-18;-22;1007;-550;360;-112
678783757;-8;-5;1019;210;-70;980;-18;-21;1006;-9;;
840080591;-8;-6;1017;210;-70;980;-20;-20;1004;-541;360;-102
840636795;-8;-5;1019;210;-70;980;-20;-20;1013;-546;361;-103
841192989;-8;-6;1018;210;-70;980;-20;-20;1013;-546;361;-103
841749181;-8;-6;1018;210;-70;980;-20;-22;1007;-547;354;-109
842305375;-8;-4;1017;210;-70;980;-21;-21;1002;-547;352;-90
842861567;-8;-4;1017;210;0;980;-21;-21;1002;-555;352;-90
843417769;-8;-5;1019;210;0;980;-21;-21;1012;-544;351;-100
843973959;-9;-5;1019;140;0;980;-21;-21;1012;-544;351;-100
844530167;-9;-5;1019;140;0;980;-20;-23;1007;-555;357;-103
845086369;-7;-6;1017;210;-70;980;-21;-21;1007;-543;360;-106
845642553;-9;-5;1019;210;-70;980;-21;-21;1007;-543;360;-106
846198745;-9;-5;1019;210;-70;980;-20;-22;1007;-544;351;-102
846754949;-8;-5;1018;210;-70;980;-20;-22;1007;-556;355;-100
847311145;-8;-5;1018;210;-70;980;-20;-23;1006;-556;355;-100
847867335;-8;-6;1017;210;-70;980;-20;-21;1006;-541;360;-103
848423531;-7;-6;1021;280;-70;980;-20;-21;1006;-541;360;-103
848979735;-7;-6;1021;280;-70;980;-21;-23;1006;-547;352;-102
849535925;-8;-5;1018;210;-70;980;-18;-21;1007;-555;358;-108
850092125;-8;-7;1017;210;-70;980;-18;-21;1007;-555;358;-108
850648323;-8;-7;1017;210;-70;980;-19;-22;1010;-550;358;-111
851204507;-8;-5;1021;280;-70;980;-19;-22;1010;-544;361;-105
851760715;-8;-5;1021;140;0;980;-20;-21;1005;-544;361;-105
852316899;-9;-6;1016;140;0;980;-20;-21;1006;-550;358;-103
852873101;-9;-6;1019;210;-70;980;-20;-21;1006;-552;348;-109
853429301;-9;-6;1019;210;-70;980;-20;-20;1005;-552;348;-109
853985487;-8;-4;1020;210;-70;980;-20;-20;1005;-540;363;-108
854541687;-8;-6;1017;210;-70;1050;-19;-22;1010;-540;363;-108
855097879;-8;-6;1017;210;-70;1050;-20;-21;1008;-543;358;-106
855654083;-7;-6;1019;140;-70;980;-20;-21;1008;-549;358;-100
856210281;-7;-6;1019;140;-70;980;-20;-24;1004;-549;358;-100
856766477;-7;-5;1020;210;-70;980;-20;-22;1008;-558;351;-105
857322663;-8;-4;1017;210;-70;980;-20;-22;1008;-561;363;-100
857878869;-8;-4;1017;210;-70;980;-19;-20;998;-561;363;-100
858435057;-7;-5;1018;210;-70;980;-19;-20;998;-549;355;-106
858991259;-7;-5;1020;210;-70;1050;-19;-19;1014;-549;355;-105
859547457;-8;-5;1020;210;-70;1050;-19;-19;1005;-558;360;-105
860103643;-7;-5;1017;210;-70;980;-19;-19;1005;-553;349;-97
860659843;-7;-5;1017;210;-70;980;-20;-23;1014;-553;349;-97
861216041;-7;-6;1019;210;-70;980;-20;-23;1014;-544;360;-103
861772235;-8;-5;1019;210;-70;980;-18;-22;1004;-555;348;-103
862328439;-8;-5;1019;210;-70;980;-19;-23;1009;-555;348;-103
862884633;-8;-5;1018;210;-70;980;-19;-23;1009;-547;349;-96
863440823;-8;-5;1018;210;-70;980;-18;-20;1007;-549;352;-97
863997021;-8;-6;1019;210;-70;980;-19;-20;1005;-549;352;-97
864553215;-8;-4;1019;210;-70;1050;-19;-20;1005;-544;351;-103
865109413;-8;-4;1019;210;-70;1050;-19;-21;1001;-544;351;-103
865665607;-8;-5;1018;210;-70;980;-19;-21;1001;-544;363;-112
866221811;-8;-4;1020;210;-70;980;-19;-22;1010;-552;352;-100
866778013;-8;-4;1020;210;-70;980;-20;-23;1007;-552;352;-100
867334201;-8;-5;1018;210;-70;980;-20;-23;1007;-550;349;-114
867890391;-8;-5;1018;210;-70;980;-20;-23;1005;-553;361;-108
868446595;-8;-7;1017;210;-70;980;-20;-23;1005;-553;361;-108
869002789;-9;-5;1019;210;-70;910;-21;-25;1009;-549;361;-106
869558981;-9;-5;1019;210;-70;910;-20;-20;1008;-549;360;-99
870115175;-7;-5;1019;210;-70;980;-20;-20;1008;-549;360;-99
870671367;-8;-6;1019;210;-70;1050;-19;-21;1003;-559;364;-108
871227569;-8;-6;1019;210;-70;1050;-19;-22;1009;-559;364;-108
871783771;-9;-6;1018;210;-70;1050;-19;-22;1009;-550;351;-105
872339955;-9;-6;1018;210;0;980;-18;-23;1005;-546;355;-106
872896157;-7;-5;1018;210;0;980;-18;-23;1005;-546;355;-106
873452357;-8;-5;1018;210;-70;1050;-19;-19;1007;-544;360;-109
874008545;-8;-5;1018;210;-70;1050;-19;-24;1005;-546;354;-106
874564749;-7;-5;1019;140;-70;980;-19;-24;1005;-546;354;-106
875120945;-8;-6;1019;210;-70;980;-19;-22;1003;-552;360;-106
875677137;-8;-6;1019;210;-70;980;-19;-22;1003;-552;360;-106
876233335;-8;-6;1017;280;-70;980;-20;-23;1004;-543;360;-102
876789535;-8;-6;1017;280;-70;980;-18;-20;1009;-555;364;-99
877345725;-8;-5;1018;210;-70;980;-18;-20;1009;-555;364;-99
877901925;-10;-6;1020;210;0;980;-19;-18;1005;-552;363;-105
878458123;-10;-6;1020;210;0;980;-21;-25;1013;-552;349;-93
879014307;-9;-4;1019;210;-70;980;-21;-25;1013;-552;349;-93
879570515;-9;-4;1015;210;-70;980;-20;-21;1004;-546;357;-103
880126699;-8;-7;1015;210;-70;980;-20;-21;1004;-552;363;-99
880682901;-8;-5;1020;210;-70;980;-19;-24;1007;-552;363;-99
881239101;-8;-5;1020;210;-70;980;-19;-20;1011;-540;361;-106
881795287;-8;-6;1019;210;0;1050;-19;-20;1011;-540;361;-106
882351487;-7;-6;1016;210;-70;980;-20;-21;998;-549;363;-100
882907691;-7;-6;1016;210;-70;980;-20;-21;998;-556;360;-106
883463881;-8;-6;1019;210;-70;980;-19;-19;1012;-556;360;-106
884020083;-8;-6;1019;210;-70;980;-20;-20;1006;-559;360;-103
884576279;-8;-5;1018;210;-70;980;-20;-20;1006;-556;357;-93
885132483;-7;-7;1018;210;-70;980;-19;-22;1010;-556;357;-93
885688669;-7;-7;1018;210;-70;980;-18;-22;1008;-543;361;-102
886244857;-8;-6;1019;210;-70;980;-18;-22;1008;-543;361;-102
886801059;-9;-5;1017;140;-70;980;-22;-22;1011;-553;360;-97
887357257;-9;-5;1017;140;-70;980;-22;-22;1011;-559;361;-102
887913443;-7;-6;1020;210;-70;980;-20;-20;1008;-559;361;-102
888469645;-7;-6;1020;210;-70;980;-18;-24;1009;-555;355;-109
889025835;-8;-5;1018;210;-70;980;-18;-24;1009;-558;358;-106
889582039;-8;-5;1018;140;-70;980;-21;-20;1005;-558;358;-106
890138237;-8;-5;1018;140;-70;980;-21;-20;1008;-556;357;-96
890694433;-7;-6;1019;210;-70;980;-19;-19;1008;-552;361;-103
891250631;-9;-6;1019;140;-70;980;-19;-22;1006;-552;361;-103
891806821;-9;-6;1019;140;-70;980;-19;-22;1006;-543;351;-102
892363015;-9;-5;1018;210;-70;910;-20;-22;1008;-543;351;-102
892919213;-9;-5;1018;210;-70;980;-18;-26;1006;-537;357;-99
893475407;-9;-6;1019;210;-70;980;-18;-26;1006;-547;360;-109
894031611;-8;-5;1019;210;-70;980;-20;-23;1005;-547;360;-109
894587801;-8;-5;1019;210;-70;980;-20;-23;1005;-558;354;-102
895144003;-8;-6;1016;210;-70;980;-16;-21;1004;-544;352;-100
895700191;-8;-5;1017;210;-70;980;-22;-18;1012;-544;352;-100
896256395;-7;-5;1017;210;-70;980;-22;-18;1012;-553;348;-99
896812589;-8;-4;1021;210;-70;980;-18;-21;1008;-553;348;-100
897368781;-8;-4;1021;210;-70;980;-18;-21;1002;-561;366;-100
897924975;-7;-6;1016;140;0;980;-21;-22;1002;-550;358;-100
898481167;-9;-5;1017;210;0;980;-20;-23;1007;-550;358;-100
899037369;-9;-5;1017;210;0;980;-20;-23;1007;-552;361;-106
899593571;-8;-4;1021;210;-70;1050;-20;-25;1006;-555;348;-111
900149755;-8;-4;1016;210;-70;980;-20;-22;1006;-555;348;-111
900705957;-8;-7;1016;210;-70;980;-20;-22;1006;-556;358;-99
901262147;-7;-5;1019;210;0;1050;-18;-21;1005;-553;357;-97
901818345;-7;-5;1019;210;0;1050;-18;-21;1005;-553;357;-97
902374549;-9;-6;1016;210;0;1050;-18;-21;1011;-544;355;-105
902930739;-8;-4;1020;210;-70;980;-19;-20;1001;-544;355;-105
903486937;-8;-4;1020;210;-70;980;-19;-20;1001;-543;355;-99
904043135;-8;-6;1020;210;-70;980;-19;-21;1006;-547;357;-94
904599327;-8;-6;1020;140;0;980;-19;-21;1004;-547;357;-94
905155519;-7;-6;1018;140;0;980;-20;-20;1004;-553;349;-100
905711715;-8;-5;1019;210;-70;980;-20;-22;1009;-543;361;-100
906267921;-8;-5;1019;210;-70;980;-20;-22;1009;-543;361;-100
906824107;-9;-5;1019;210;-70;980;-18;-25;1011;-538;357;-102
907380313;-8;-5;1017;210;-70;1050;-20;-24;1006;-540;361;-102
907936499;-8;-5;1017;210;-70;1050;-20;-24;1006;-540;361;-102
908492701;-9;-5;1018;210;-70;980;-20;-22;1010;-550;352;-103
909048901;-9;-5;1018;210;-70;980;-20;-22;1010;-550;352;-103
909605099;-9;-5;1020;210;-70;980;-19;-23;1009;-555;363;-105
910161289;-9;-5;1020;210;0;980;-20;-23;1004;-550;352;-102
910717487;-9;-5;1020;210;0;980;-20;-23;1004;-550;352;-102
911273683;-8;-6;1018;210;-70;1050;-20;-22;1005;-562;354;-102
911829881;-8;-6;1020;210;-70;980;-20;-22;1005;-559;357;-105
912386077;-8;-6;1020;210;-70;980;-20;-21;1005;-559;357;-105
912942263;-8;-6;1019;210;0;980;-19;-21;1012;-535;351;-105
913498469;-8;-6;1019;140;-70;980;-19;-21;1012;-535;351;-105
914054657;-7;-6;1016;140;-70;980;-20;-24;1006;-546;358;-99
914610855;-8;-5;1018;210;0;980;-19;-20;1008;-547;361;-109
915167057;-8;-5;1018;210;0;980;-19;-20;1008;-547;361;-109
915723243;-8;-5;1019;210;-70;980;-19;-24;1009;-555;355;-114
916279457;-8;-6;1017;210;-70;980;-19;-24;1009;-546;348;-105
916835635;-8;-6;1017;210;-70;980;-20;-22;1011;-546;348;-105
917391839;-8;-6;1018;210;-70;980;-20;-20;1004;-553;342;-105
917948037;-8;-6;1018;210;-70;980;-20;-20;1004;-549;364;-106
918504235;-8;-6;1020;210;-70;980;-20;-21;1009;-549;364;-106
919060419;-8;-6;1018;210;-70;980;-20;-21;1008;-552;357;-109
919616621;-8;-6;1018;210;-70;980;-19;-22;1008;-552;357;-109
920172815;-8;-7;1017;210;-70;980;-20;-20;1002;-553;357;-91
920729013;-8;-7;1017;210;-70;980;-20;-20;1002;-549;355;-94
921285207;-8;-5;1021;210;-70;980;-20;-21;1008;-549;355;-94
921841411;-8;-5;1019;210;-70;980;-20;-22;1007;-553;357;-97
922397613;-8;-5;1019;210;-70;980;-20;-22;1007;-552;363;-97
922953803;-9;-5;1017;210;-70;980;-20;-21;1007;-552;363;-97
923509987;-8;-4;1019;210;-70;980;-20;-21;1007;-549;358;-103
924066195;-8;-4;1019;210;-70;980;-19;-21;1004;-549;358;-90
924622383;-8;-6;1019;140;-70;980;-21;-21;1007;-546;355;-90
925178581;-8;-6;1019;210;0;980;-21;-21;1007;-556;360;-100
925734777;-7;-6;1017;210;0;980;-20;-19;1010;-556;360;-100
926290967;-7;-5;1020;280;-70;1050;-20;-19;1010;-546;360;-96
926847169;-7;-5;1020;280;-70;1050;-19;-23;1010;-552;355;-108
927403371;-9;-5;1017;140;-70;980;-19;-24;1006;-552;355;-108
927959555;-9;-5;1019;210;-70;980;-19;-24;1006;-556;354;-105
928515769;-9;-5;1019;210;-70;980;-21;-22;1004;-556;354;-100
929071947;-8;-5;1019;210;0;980;-18;-23;1007;-556;354;-100
929628145;-8;-5;1019;210;-70;980;-18;-23;1007;-549;352;-97
930184349;-8;-4;1019;210;-70;980;-20;-22;1004;-549;352;-97
930740545;-8;-5;1018;210;-70;980;-20;-22;1004;-547;351;-100
931296735;-8;-5;1018;210;-70;980;-19;-22;1011;-546;352;-106
931852931;-9;-5;1020;210;-70;1050;-18;-20;1005;-546;352;-106
932409133;-8;-5;1018;210;-70;980;-18;-20;1005;-552;357;-93
932965325;-8;-5;1018;210;-70;980;-21;-21;1005;-543;358;-103
933521525;-8;-5;1017;210;-70;980;-21;-21;1008;-543;358;-103
934077721;-8;-5;1017;210;-70;980;-19;-21;1008;-546;343;-96
934633907;-9;-6;1019;210;-70;980;-20;-22;1007;-546;355;-99
935190115;-8;-4;1019;210;-70;980;-20;-22;1007;-553;355;-99
935746299;-8;-4;1019;210;-70;980;-19;-21;1009;-549;354;-100
936302501;-9;-6;1017;210;-70;980;-17;-25;1006;-549;354;-100
936858701;-9;-6;1020;210;-70;980;-17;-25;1006;-558;351;-103
937414887;-7;-5;1020;210;-70;980;-20;-21;1009;-550;348;-108
937971087;-8;-5;1019;210;0;980;-20;-21;1009;-550;348;-108
938527279;-8;-5;1019;210;0;980;-19;-22;1002;-550;349;-105
939083483;-7;-6;1017;210;-70;980;-20;-23;1009;-561;349;-105
939639681;-9;-5;1019;210;-70;980;-20;-23;1009;-561;349;-105
940195877;-9;-5;1019;210;-70;980;-18;-21;1007;-549;357;-102
940752061;-8;-6;1019;210;0;980;-18;-21;1005;-549;357;-102
941308265;-8;-6;1019;210;0;980;-18;-25;1005;-543;366;-97
941864457;-8;-5;1018;210;0;980;-20;-21;1005;-556;360;-100
942420659;-9;-6;1019;210;-70;980;-20;-21;1005;-556;360;-100
942976857;-9;-6;1019;210;-70;980;-20;-21;1007;-552;349;-100
943533043;-8;-5;1018;210;-70;980;-19;-22;1010;-559;346;-96
944089257;-8;-5;1019;210;-70;980;-19;-22;1010;-559;346;-96
944645435;-8;-5;1019;210;-70;980;-19;-19;1005;-553;343;-102
945201635;-9;-6;1018;210;-70;980;-19;-19;1005;-553;354;-100
945757839;-9;-6;1018;210;-70;980;-20;-22;1006;-556;354;-100
946314033;-7;-5;1020;210;-70;980;-19;-20;1008;-547;351;-85
946870223;-7;-5;1017;210;0;980;-19;-20;1008;-547;351;-85
947426421;-7;-5;1017;210;0;980;-20;-24;1007;-558;348;-96
947982615;-9;-6;1018;210;-70;980;-20;-24;1011;-553;348;-100
948538819;-8;-6;1019;210;-70;980;-17;-24;1011;-553;348;-100
949095015;-8;-6;1019;210;-70;980;-19;-24;1002;-547;345;-102
949651211;-8;-6;1018;210;-70;980;-19;-24;1002;-552;345;-103
950207401;-8;-6;1018;210;-70;980;-20;-23;1008;-552;345;-103
950763591;-8;-5;1020;210;-70;980;-19;-22;1004;-547;354;-99
951319787;-8;-6;1018;210;-70;980;-19;-22;1004;-547;354;-99
951875983;-8;-6;1018;210;-70;980;-19;-21;1009;-550;360;-109
952432189;-9;-4;1019;210;-70;980;-19;-21;1009;-543;363;-87
952988387;-7;-5;1020;210;-70;980;-19;-20;1009;-543;363;-87
953544575;-7;-5;1020;210;-70;980;-19;-21;1006;-549;360;-100
954100769;-8;-5;1017;140;-70;980;-19;-21;1006;-550;354;-100
954656963;-8;-5;1017;140;-70;980;-20;-21;1010;-550;354;-100
955213165;-8;-5;1019;280;-70;980;-20;-21;1006;-544;354;-100
955769355;-9;-5;1020;210;-70;980;-18;-23;1006;-550;357;-97
956325569;-9;-5;1020;210;-70;980;-20;-24;1007;-550;357;-97
956881759;-9;-6;1018;210;-70;910;-20;-24;1007;-547;352;-99
957437945;-9;-6;1018;210;-70;1050;-19;-23;1005;-547;352;-99
957994151;-8;-5;1018;210;-70;1050;-19;-25;1005;-547;355;-105
958550347;-9;-6;1018;140;-70;980;-19;-25;1005;-549;346;-106
959106531;-9;-6;1018;140;-70;980;-19;-21;1006;-549;346;-106
959662733;-8;-4;1019;210;0;980;-19;-21;1006;-540;346;-103
960218935;-8;-5;1019;210;0;980;-19;-19;1004;-550;352;-112
960775119;-8;-5;1019;210;0;980;-19;-21;1009;-550;352;-112
961331321;-9;-5;1018;210;0;980;-19;-21;1009;-547;358;-100
961887521;-9;-5;1018;210;-70;980;-20;-22;1005;-547;358;-99
962443705;-7;-4;1019;210;-70;980;-20;-21;1007;-555;358;-99
962999903;-8;-6;1018;210;-70;980;-21;-21;1007;-549;358;-105
963556099;-8;-6;1018;210;-70;980;-18;-23;1008;-549;358;-105
964112307;-7;-6;1017;210;-70;980;-18;-23;1008;-550;348;-93
964668503;-8;-5;1019;210;-70;980;-20;-24;1007;-544;355;-100
965224687;-8;-5;1019;210;-70;980;-19;-20;1011;-544;355;-100
965780889;-9;-5;1020;210;-70;980;-19;-20;1011;-550;349;-99
966337085;-9;-5;1020;210;-70;980;-19;-22;1003;-546;351;-105
966893287;-8;-6;1018;210;-70;980;-19;-22;1003;-546;351;-105
967449477;-7;-6;1017;210;-70;980;-19;-20;1007;-547;357;-91
968005673;-7;-6;1017;210;-70;980;-19;-23;1006;-547;357;-91
968561883;-9;-5;1019;210;-70;980;-19;-23;1006;-552;349;-105
969118065;-7;-5;1016;210;-70;980;-19;-23;1004;-553;358;-105
969674259;-7;-5;1016;210;-70;980;-19;-23;1005;-553;358;-105
970230463;-9;-6;1019;210;-70;980;-19;-23;1005;-546;348;-100
970786659;-9;-6;1019;210;-70;980;-20;-22;1007;-552;363;-100
971342843;-8;-5;1020;210;-70;980;-20;-22;1007;-552;363;-100
971899045;-9;-6;1017;140;-70;980;-21;-19;1001;-561;354;-96
972455235;-9;-6;1017;140;-70;980;-21;-19;1009;-561;352;-100
973011431;-8;-6;1020;210;-70;980;-21;-19;1009;-547;352;-100
973567627;-8;-5;1019;210;-70;980;-19;-20;1010;-543;355;-99
974123827;-8;-5;1019;210;-70;980;-19;-20;1010;-543;355;-99
974680031;-8;-5;1017;210;-70;980;-20;-24;1010;-543;355;-87
975236221;-8;-5;1017;210;-70;980;-20;-20;1006;-552;358;-100
975792413;-9;-6;1019;210;-70;980;-20;-20;1006;-552;358;-100
976348619;-8;-5;1019;210;-70;980;-18;-26;1008;-553;354;-99
976904815;-8;-5;1019;210;-70;980;-18;-22;1008;-552;352;-105
977461011;-8;-5;1018;210;-70;980;-19;-22;1008;-552;352;-105
978017201;-8;-5;1019;210;0;980;-18;-21;1006;-547;351;-102
978573403;-9;-6;1019;210;0;980;-18;-21;1006;-547;351;-102
979129589;-8;-5;1018;210;-70;980;-20;-22;1005;-552;355;-106
979685783;-8;-5;1018;210;-70;980;-19;-20;1006;-552;357;-106
980241991;-8;-5;1019;210;-70;980;-19;-20;1006;-552;357;-106
980798175;-7;-5;1019;210;-70;980;-19;-22;1007;-550;349;-100
981354375;-7;-5;1019;210;-70;980;-19;-22;1007;-553;358;-102
981910569;-8;-5;1018;140;-70;980;-19;-22;1010;-553;358;-102
982466763;-8;-5;1018;210;-70;980;-20;-24;1004;-558;352;-94
983022965;-8;-6;1018;210;-70;980;-20;-24;1004;-546;352;-94
983579155;-9;-5;1021;210;-70;980;-19;-21;1011;-546;352;-94
984135369;-9;-5;1021;210;-70;980;-19;-25;1002;-550;363;-93
984691553;-8;-7;1019;210;-70;980;-18;-25;1002;-550;363;-93
985247745;-7;-6;1017;210;0;980;-20;-21;1007;-544;348;-91
985803939;-7;-6;1017;210;0;980;-20;-21;1007;-544;352;-96
986360145;-8;-6;1019;210;-70;1050;-20;-21;1005;-544;352;-96
986916331;-8;-6;1019;210;-70;1050;-18;-22;1010;-550;346;-91
987472535;-8;-7;1018;210;-70;1050;-18;-22;1010;-552;360;-100
988028735;-9;-5;1019;210;-70;980;-17;-26;1006;-552;360;-100
988584919;-9;-5;1019;210;-70;980;-17;-26;1006;-550;361;-108
989141121;-8;-6;1019;210;-70;980;-19;-23;1011;-550;361;-91
989697321;-8;-5;1021;210;-70;980;-18;-21;1007;-544;349;-91
990253505;-8;-5;1021;210;-70;980;-18;-21;1007;-553;351;-93
990809703;-9;-5;1018;210;-70;980;-19;-22;1005;-553;351;-93
991365901;-9;-5;1018;210;-70;980;-21;-21;1007;-547;355;-97
991922103;-9;-5;1019;210;-70;980;-21;-21;1007;-543;357;-97
992478303;-8;-6;1017;140;-70;980;-18;-23;1008;-543;357;-97
993034487;-8;-6;1017;140;-70;980;-18;-23;1008;-547;357;-97
993590689;-8;-6;1019;210;-70;980;-19;-21;1004;-544;357;-94
994146885;-8;-6;1018;210;-70;980;-20;-23;1010;-544;357;-94
994703087;-8;-6;1018;210;-70;980;-20;-23;1010;-559;345;-99
995259277;-9;-6;1018;140;-70;980;-18;-23;1007;-559;345;-99
995815473;-9;-6;1018;140;-70;980;-18;-23;1007;-550;354;-93
996371677;-9;-5;1019;140;-70;980;-18;-21;1006;-547;355;-102
996927865;-8;-6;1019;210;-70;910;-20;-25;1006;-547;355;-102
997484057;-8;-6;1019;210;-70;910;-20;-25;1006;-544;354;-93
998040259;-9;-5;1017;140;-70;980;-19;-21;1007;-540;355;-96
998596459;-9;-5;1018;210;-70;980;-19;-21;1004;-540;355;-96
999152643;-9;-6;1018;210;-70;980;-19;-21;1004;-549;357;-99
999708849;-8;-5;1019;140;-70;980;-21;-21;1011;-549;357;-96
1000265041;-8;-5;1019;140;-70;980;-21;-21;1011;-558;358;-96
1000821239;-9;-5;1019;140;-70;980;-19;-21;1004;-558;358;-93
1001377439;-8;-5;1018;210;-70;980;-19;-23;1008;-558;358;-93
1001933629;-8;-5;1018;210;-70;980;-19;-23;1008;-550;358;-93
1002489831;-9;-5;1018;210;-70;980;-19;-24;1008;-546;354;-99
1003046021;-9;-5;1018;210;-70;980;-19;-24;1008;-546;354;-99
1003602213;-9;-5;1020;210;-70;980;-20;-23;1008;-553;346;-88
1004158419;-9;-6;1017;210;0;980;-19;-22;1008;-549;352;-91
1004714615;-9;-6;1017;210;0;980;-19;-22;1008;-549;352;-91
1005270799;-7;-6;1019;210;-70;980;-20;-21;1007;-544;358;-96
1005827001;-9;-5;1019;280;0;1050;-19;-22;1007;-544;358;-96
1006383197;-9;-5;1019;280;0;1050;-19;-22;1007;-556;355;-94
1006939387;-8;-6;1019;210;-70;980;-19;-21;1006;-544;364;-99
1007495583;-8;-6;1019;210;-70;980;-19;-21;1006;-544;364;-99
1008051789;-8;-6;1017;210;-70;980;-20;-25;1005;-553;354;-93
1008607987;-8;-6;1019;210;-70;980;-19;-22;1008;-553;354;-88
1009164175;-8;-6;1019;210;-70;980;-19;-22;1008;-553;354;-88
1009720369;-9;-5;1019;210;-70;980;-19;-24;1009;-546;351;-85
1010276563;-8;-6;1017;210;-70;980;-19;-24;1009;-546;354;-97
1010832765;-8;-6;1017;210;-70;980;-21;-21;1005;-558;354;-97
1011388955;-9;-6;1018;210;-70;980;-20;-23;1009;-552;363;-87
1011945169;-9;-6;1018;210;-70;980;-20;-23;1009;-552;363;-87
1012501353;-9;-4;1020;210;-70;980;-19;-19;1010;-549;349;-88
1013057545;-9;-5;1016;210;0;980;-20;-21;1002;-540;357;-97
1013613741;-9;-5;1016;210;0;980;-20;-21;1002;-540;357;-97
1014169945;-7;-5;1020;210;0;980;-19;-22;1009;-549;351;-99
1014726131;-7;-5;1020;210;0;980;-19;-22;1009;-552;354;-93
1015282335;-8;-5;1020;210;0;980;-19;-23;1006;-552;354;-93
1015838535;-9;-6;1017;210;-70;980;-20;-23;1004;-546;358;-87
1016394719;-9;-6;1017;210;-70;980;-20;-23;1004;-546;358;-87
1016950921;-7;-5;1019;210;0;980;-20;-23;1010;-550;361;-99
1017507121;-8;-5;1020;210;-70;980;-20;-23;1010;-552;357;-94
1018063305;-8;-5;1020;210;-70;980;-19;-24;1005;-552;357;-94
1018619515;-9;-6;1018;210;-70;980;-19;-22;1005;-549;355;-96
1019175701;-9;-6;1019;210;-70;980;-19;-22;1005;-552;363;-91
1019731903;-7;-6;1019;210;-70;980;-20;-20;1007;-552;363;-91
1020288103;-9;-7;1019;140;-70;980;-21;-21;1006;-547;354;-102
1020844287;-9;-7;1019;140;-70;980;-21;-21;1006;-552;360;-96
1021400489;-7;-5;1018;210;-70;980;-19;-21;1008;-552;360;-96
1021956689;-9;-6;1019;210;-70;980;-19;-21;1008;-541;355;-97
1022512887;-9;-6;1019;210;-70;980;-20;-24;1014;-541;355;-97
1023069077;-8;-4;1019;210;-70;980;-20;-21;1004;-552;358;-105
1023625273;-8;-4;1019;210;-70;910;-20;-21;1004;-546;354;-94
1024181475;-9;-5;1018;210;-70;910;-20;-22;1009;-546;354;-94
1024737665;-8;-6;1018;210;-70;980;-20;-22;1009;-544;354;-88
1025293857;-8;-6;1018;210;-70;980;-18;-23;1006;-549;355;-87
1025850059;-9;-5;1019;210;-70;980;-20;-21;1003;-549;355;-87
1026406259;-8;-6;1016;280;0;1050;-20;-21;1003;-541;349;-90
1026962443;-8;-6;1016;280;0;1050;-20;-24;1009;-541;349;-96
1027518657;-9;-6;1021;280;-70;980;-20;-21;1009;-546;355;-96
1028074841;-9;-6;1021;210;0;1050;-20;-21;1009;-544;364;-91
1028631039;-9;-5;1017;210;0;1050;-20;-23;1009;-544;364;-91
1029187239;-9;-4;1016;210;-70;980;-20;-23;1009;-546;349;-88
1029743429;-9;-4;1016;210;-70;980;-19;-20;1012;-544;352;-99
1030299631;-8;-5;1020;210;0;980;-21;-23;1003;-544;352;-99
1030855821;-9;-5;1018;210;-70;980;-21;-23;1003;-553;361;-96
1031412013;-9;-5;1018;210;-70;980;-19;-21;1013;-552;361;-94
1031968219;-9;-5;1018;210;-70;980;-19;-21;1013;-552;361;-94
1032524413;-9;-5;1018;210;-70;980;-19;-24;1006;-549;366;-88
1033080599;-9;-5;1019;210;-70;980;-18;-22;1010;-549;366;-88
1033636801;-7;-6;1019;210;-70;980;-18;-22;1010;-552;351;-96
1034192997;-7;-6;1019;210;-70;980;-21;-22;1001;-544;351;-87
1034749187;-8;-6;1017;210;-70;980;-19;-24;1007;-544;351;-87
1035305383;-8;-5;1019;210;-70;980;-19;-24;1007;-547;351;-90
1035861591;-9;-5;1019;210;-70;980;-19;-22;1008;-547;349;-90
1036417775;-9;-5;1019;210;-70;980;-19;-22;1008;-547;349;-90
1036973975;-9;-5;1019;210;-70;980;-20;-23;1008;-558;363;-91
1037530169;-8;-5;1018;210;-70;980;-19;-20;1013;-558;354;-90
1038086363;-8;-5;1019;210;-70;980;-19;-20;1013;-552;354;-90
1038642565;-8;-5;1019;210;-70;980;-20;-22;1003;-553;355;-97
1039198755;-7;-5;1017;210;0;980;-20;-22;1003;-553;355;-97
1039754969;-7;-5;1017;210;-70;980;-19;-23;1011;-550;357;-90
1040311153;-9;-6;1021;210;-70;980;-19;-20;1003;-549;351;-90
1040867355;-7;-5;1017;210;-70;980;-19;-20;1003;-549;351;-90
1041423545;-7;-5;1017;210;-70;980;-21;-21;1006;-546;348;-94
1041979745;-8;-5;1019;210;-70;980;-19;-21;1009;-555;361;-85
1042535931;-9;-6;1019;210;-70;980;-19;-21;1009;-555;361;-85
1043092133;-9;-6;1019;210;-70;980;-19;-25;1011;-546;358;-91
1043648331;-8;-5;1019;210;-70;980;-19;-25;1011;-546;358;-91
1044204519;-8;-5;1019;210;-70;980;-19;-23;1006;-546;360;-96
1044760721;-8;-6;1016;210;-70;980;-20;-25;1006;-553;351;-97
1045316921;-8;-6;1019;210;-70;980;-20;-25;1006;-553;351;-97
1045873105;-8;-6;1019;210;-70;980;-19;-21;1006;-547;369;-94
1046429313;-9;-7;1019;210;-70;980;-19;-21;1006;-549;355;-90
1046985501;-8;-6;1018;210;-70;980;-20;-22;1007;-549;355;-90
1047541703;-8;-6;1018;210;-70;980;-20;-21;1012;-544;355;-96
1048097903;-9;-5;1019;210;-70;980;-20;-21;1012;-547;351;-94
1048654087;-9;-5;1019;210;-70;980;-20;-21;1009;-547;351;-94
1049210289;-8;-6;1019;210;-70;980;-20;-21;1006;-552;357;-100
1049766485;-9;-5;1019;210;-70;910;-20;-21;1006;-552;357;-100
1050322687;-9;-5;1019;210;-70;910;-19;-22;1007;-559;354;-94
1050878877;-7;-5;1019;210;0;980;-19;-22;1007;-555;354;-90
1051435073;-8;-6;1016;210;-70;980;-21;-22;1006;-555;354;-90
1051991275;-8;-6;1016;210;-70;980;-19;-23;1008;-552;355;-94
1052547465;-8;-6;1019;280;-70;980;-19;-23;1008;-552;349;-90
1053103659;-8;-6;1019;280;-140;980;-18;-23;1009;-552;349;-90
1053659863;-7;-5;1019;210;-140;980;-18;-23;1009;-555;352;-97
1054216059;-9;-5;1018;210;-70;980;-21;-21;1003;-555;352;-93
1054772243;-9;-5;1018;210;-70;980;-21;-23;1005;-552;361;-93
1055328445;-8;-6;1018;210;-70;980;-21;-23;1005;-552;364;-102
1055884635;-8;-6;1018;140;-70;980;-19;-20;1006;-552;364;-102
1056440831;-8;-5;1018;140;-70;980;-19;-23;1006;-550;351;-96
1056997027;-8;-6;1017;210;-70;980;-19;-23;1006;-550;348;-91
1057553229;-8;-6;1017;210;-70;980;-18;-23;1013;-550;348;-91
1058109431;-8;-6;1020;210;-70;980;-18;-23;1013;-561;354;-99
1058665623;-9;-5;1019;210;-70;980;-18;-22;1009;-555;349;-93
1059221813;-9;-5;1019;210;-70;980;-20;-25;1006;-555;349;-93
1059778019;-9;-4;1016;140;-70;980;-20;-25;1006;-544;355;-91
1060334209;-9;-4;1016;210;-70;980;-19;-17;1009;-544;355;-91
1060890411;-9;-5;1018;210;-70;980;-19;-17;1009;-550;351;-96
1061446613;-8;-6;1018;210;-70;980;-19;-21;1002;-546;349;-85
1062002803;-8;-6;1018;210;-70;980;-18;-20;1006;-546;349;-85
1062558989;-10;-6;1018;210;-70;980;-18;-20;1006;-553;351;-96
1063115183;-9;-5;1018;210;-70;980;-18;-22;1007;-550;366;-90
1063671391;-9;-5;1018;210;-70;980;-19;-24;1010;-550;366;-90
1064227575;-8;-5;1019;210;-70;980;-19;-24;1010;-553;354;-96
1064783777;-8;-5;1019;210;-70;980;-20;-22;1009;-553;354;-91
1065339967;-8;-5;1018;210;-70;980;-20;-22;1009;-561;358;-91
1065896169;-7;-5;1018;210;-70;980;-20;-24;1008;-547;354;-87
1066452371;-7;-5;1018;210;-70;980;-18;-21;1008;-547;354;-87
1067008567;-9;-6;1019;210;-70;980;-18;-21;1008;-553;361;-94
1067564751;-8;-6;1017;210;-70;980;-19;-21;1001;-541;346;-90
1068120953;-8;-6;1017;210;-70;980;-19;-21;1001;-541;346;-90
1068677145;-8;-5;1019;210;-70;980;-21;-20;1010;-544;361;-88
1069233345;-8;-5;1019;210;-70;1050;-20;-20;1007;-553;355;-88
1069789545;-8;-6;1017;210;-70;1050;-20;-20;1007;-553;355;-88
1070345731;-9;-5;1019;210;-70;1050;-19;-24;1012;-552;348;-91
1070901935;-9;-5;1019;210;-70;1050;-18;-22;1005;-552;348;-91
1071458135;-9;-7;1018;210;-70;980;-18;-22;1005;-549;349;-91
1072014319;-8;-6;1019;210;0;980;-19;-24;1003;-555;357;-90
1072570521;-8;-6;1019;210;0;980;-19;-24;1003;-555;357;-90
1073126721;-7;-7;1018;210;-70;1050;-20;-22;1008;-552;345;-90
1073682905;-7;-7;1018;210;-70;1050;-19;-20;1002;-550;357;-88
1074239113;-8;-5;1020;210;-70;1050;-19;-20;1002;-550;357;-88
1074795301;-8;-5;1019;280;0;980;-19;-20;1005;-549;351;-87
1075351503;-8;-5;1019;280;0;980;-19;-20;1005;-559;351;-82
1075907703;-8;-5;1020;210;-70;980;-18;-21;1008;-559;351;-82
1076463887;-8;-5;1019;210;-140;980;-20;-22;1008;-547;361;-87
1077020089;-8;-5;1019;210;-140;980;-20;-22;1008;-547;361;-87
1077576285;-9;-5;1019;210;0;980;-20;-20;1007;-547;355;-100
1078132487;-9;-5;1019;210;0;980;-19;-23;1007;-553;351;-87
1078688677;-8;-6;1017;210;0;980;-19;-23;1007;-553;351;-87
1079244873;-8;-6;1019;210;-70;980;-20;-20;1011;-550;351;-94
1079801069;-8;-6;1019;210;-70;980;-20;-20;1011;-552;349;-88
1080357265;-8;-5;1019;210;-70;980;-19;-24;1003;-552;349;-88
1080913457;-8;-5;1019;210;-70;980;-20;-22;1009;-556;345;-96
1081469663;-9;-5;1019;210;-70;980;-20;-22;1009;-556;345;-96
1082025859;-7;-5;1019;210;-70;980;-20;-21;1005;-561;355;-93
1082582053;-7;-5;1019;210;-70;980;-20;-21;1005;-555;355;-96
1083138257;-7;-6;1019;210;-70;980;-18;-22;1010;-555;355;-96
1083694441;-8;-5;1017;210;-70;980;-20;-23;1006;-556;348;-90
1084250631;-8;-5;1017;210;-70;980;-20;-23;1006;-549;352;-93
1084806827;-8;-6;1018;210;-70;1050;-21;-23;1005;-549;352;-93
1085363029;-8;-6;1018;140;-70;1050;-19;-21;1010;-553;355;-96
1085919231;-8;-6;1019;140;-70;1050;-19;-21;1010;-565;354;-99
1086475423;-8;-5;1019;210;-70;980;-20;-20;1006;-565;354;-99
1087031617;-8;-5;1019;210;-70;980;-20;-20;1006;-550;352;-94
1087587819;-7;-6;1018;210;-70;980;-18;-19;1006;-550;352;-94
1088144009;-9;-6;1018;210;-70;980;-21;-22;1007;-550;351;-94
1088700199;-9;-6;1018;210;-70;980;-21;-22;1007;-555;367;-94
1089256401;-8;-5;1019;210;-70;980;-19;-25;1006;-555;367;-94
1089812597;-8;-5;1019;210;-70;980;-19;-25;1006;-562;361;-99
1090368787;-9;-5;1019;210;-70;980;-20;-20;1006;-549;349;-88
1090924983;-9;-5;1016;210;0;980;-19;-22;1003;-549;349;-88
1091481191;-9;-5;1016;210;0;980;-19;-22;1003;-546;352;-100
1092037387;-9;-4;1019;210;0;980;-18;-21;1009;-546;352;-100
1092593575;-8;-6;1019;210;-70;980;-19;-24;1011;-544;352;-100
1093149769;-8;-6;1019;210;-70;980;-19;-24;1011;-555;355;-94
1093705965;-8;-5;1018;210;0;980;-20;-22;1005;-555;355;-94
1094262159;-8;-5;1018;210;0;980;-20;-22;1005;-553;357;-87
1094818355;-8;-5;1017;210;0;980;-20;-22;1004;-556;352;-94
1095374551;-9;-5;1019;210;-70;980;-19;-21;1011;-556;352;-94
1095930753;-9;-5;1019;210;-70;980;-19;-21;1011;-537;346;-84
1096486955;-8;-5;1019;280;-70;980;-20;-22;1006;-556;351;-88
1097043145;-8;-5;1018;210;0;980;-20;-22;1006;-556;351;-88
1097599345;-9;-5;1018;210;0;980;-18;-22;1009;-543;354;-90
1098155531;-8;-5;1019;280;-70;980;-19;-24;1004;-543;354;-90
1098711735;-8;-5;1019;280;-70;980;-19;-24;1004;-556;351;-94
1099267935;-8;-6;1018;210;-70;980;-20;-23;1008;-552;355;-88
1099824119;-7;-6;1018;210;-70;980;-19;-21;1001;-552;355;-88
1100380321;-7;-6;1018;210;-70;980;-19;-21;1001;-543;357;-93
1100936517;-8;-5;1020;210;-70;980;-20;-23;1006;-546;349;-94
1101492707;-8;-5;1020;140;-70;980;-20;-23;1006;-546;349;-94
1102048913;-9;-5;1019;140;-70;980;-20;-22;1005;-553;367;-93
1102605101;-9;-5;1017;210;-70;980;-20;-25;1003;-553;354;-94
1103161303;-9;-5;1017;210;-70;980;-20;-25;1003;-547;354;-94
1103717501;-8;-5;1019;210;-70;980;-17;-21;1011;-555;361;-87
1104273687;-10;-5;1017;210;0;980;-17;-21;1011;-555;361;-87
1104829889;-10;-5;1017;210;0;980;-19;-21;1006;-553;357;-85
1105386089;-9;-5;1019;210;-70;980;-20;-22;1007;-550;357;-87
1105942287;-9;-5;1019;210;-70;980;-20;-22;1007;-550;357;-87
1106498477;-7;-5;1018;210;-70;980;-18;-22;1003;-555;352;-87
1107054673;-8;-6;1016;210;-70;980;-20;-24;1003;-553;355;-91
1107610863;-8;-6;1016;210;-70;980;-20;-24;1003;-553;355;-91
1108167065;-8;-5;1021;210;-70;980;-21;-23;1010;-552;349;-99
1108723257;-8;-6;1019;210;0;980;-21;-23;1010;-552;349;-99
1109279463;-8;-6;1019;210;0;980;-19;-24;1004;-549;352;-90
1109835659;-7;-5;1018;210;-70;980;-20;-24;1003;-550;357;-88
1110391855;-7;-5;1018;210;-70;910;-20;-24;1003;-550;357;-88
1110948039;-8;-6;1019;210;-70;910;-19;-24;1005;-558;349;-88
1111504241;-8;-6;1019;140;0;980;-19;-24;1005;-550;355;-90
1112060439;-8;-6;1019;140;0;980;-20;-23;1009;-550;355;-90
1112616639;-8;-5;1017;210;-70;980;-20;-22;1004;-553;349;-97
1113172829;-8;-6;1020;210;-70;980;-20;-22;1004;-553;349;-85
1113729031;-8;-6;1020;210;-70;980;-19;-23;1008;-556;349;-85
1114285223;-8;-4;1019;210;-70;980;-19;-21;1007;-549;358;-99
1114841417;-8;-4;1019;210;-70;980;-19;-21;1007;-549;358;-99
1115397613;-9;-5;1017;210;-70;980;-20;-23;1008;-547;355;-88
1115953809;-9;-5;1020;210;-70;980;-20;-23;1008;-550;352;-97
1116510011;-9;-5;1020;210;-70;980;-20;-22;1010;-550;352;-97
1117066201;-8;-6;1018;210;-70;980;-20;-22;1004;-552;361;-94
1117622391;-8;-6;1017;210;-70;980;-20;-22;1004;-552;351;-85
1118178589;-8;-6;1017;210;-70;980;-20;-20;1006;-552;351;-85
1118734783;-8;-5;1020;210;-70;980;-20;-20;1006;-544;355;-87
1119290991;-8;-5;1020;210;-70;980;-20;-22;1007;-544;355;-87
1119847175;-10;-5;1018;210;-70;980;-20;-22;1009;-553;346;-97
1120403377;-7;-5;1019;210;-70;980;-20;-22;1009;-549;357;-84
1120959569;-7;-5;1019;210;-70;980;-19;-25;1005;-549;357;-84
1121515765;-8;-5;1019;210;-70;980;-17;-22;1012;-556;346;-93
1122071959;-8;-5;1019;210;-70;1050;-17;-22;1012;-553;352;-96
1122628155;-8;-6;1017;210;-70;1050;-19;-22;999;-553;352;-96
1123184349;-9;-6;1019;210;-70;980;-19;-22;999;-553;363;-84
1123740553;-9;-6;1019;210;-70;980;-20;-22;1012;-555;352;-87
1124296755;-10;-5;1018;210;-70;980;-18;-24;1006;-555;352;-87
1124852945;-7;-6;1018;210;-70;1050;-18;-24;1006;-543;358;-99
1125409145;-7;-6;1018;210;-70;1050;-21;-24;1012;-543;358;-99
-702825633;-11;982;244;140;140;1050;955;-29;227;-483;25;583
-702269419;-11;979;244;140;140;1050;955;-29;227;-477;28;586
-701713241;-12;981;243;210;140;1050;956;-29;235;-480;25;592
-701157037;-12;981;243;210;140;1050;956;-29;228;-480;25;592
-700600837;-11;982;239;210;140;980;957;-34;228;-477;28;591
-700044643;-12;981;240;70;140;980;955;-35;231;-477;28;589
-699488451;-12;981;240;70;140;980;955;-35;231;-487;30;589
-698932253;-12;980;245;70;210;980;953;-30;232;-475;39;588
-698376061;-12;980;245;210;140;980;955;-31;228;-475;39;588
-697819865;-11;980;243;210;140;980;955;-31;228;-481;30;594
-697263663;-12;982;239;210;140;980;956;-30;229;-475;39;586
-696707477;-12;982;239;210;140;980;956;-30;229;-475;39;586
-696151275;-12;981;241;70;140;980;956;-30;230;-487;28;585
-695595073;-11;980;243;140;70;980;954;-32;234;-480;24;591
-695038889;-11;980;243;140;70;980;954;-32;234;-480;24;591
-694482681;-13;981;243;280;70;980;954;-29;233;-469;34;582
-693926487;-13;981;243;280;0;1050;954;-34;227;-469;34;582
-693370295;-11;980;238;280;0;1050;956;-34;227;-484;34;579
-692814097;-10;981;239;140;-70;980;955;-31;228;-481;37;589
-692257905;-10;981;239;140;-70;980;955;-31;228;-481;37;589
-691701713;-12;981;244;140;0;980;956;-30;229;-481;27;588
-691145517;-10;981;244;210;70;980;955;-31;233;-474;25;595
-690589311;-10;981;244;210;70;980;955;-31;233;-474;25;595
-690033127;-12;981;241;210;70;980;957;-30;226;-474;22;592
-689476929;-12;981;241;210;0;1050;957;-30;226;-474;31;586
-688920733;-11;981;240;210;0;1050;955;-29;230;-474;31;586
-688364531;-12;980;242;210;0;1050;956;-30;233;-475;25;588
-687808337;-12;980;242;210;0;1050;956;-30;233;-475;25;588
-687252145;-11;980;242;280;-70;1050;955;-30;231;-477;22;588
-686695943;-10;981;240;280;-70;1050;955;-33;230;-477;22;588
-686139743;-10;981;240;280;-70;1050;956;-33;230;-477;22;588
-685583551;-13;980;242;210;0;1050;957;-31;233;-486;36;591
-685027351;-13;980;242;210;0;1050;957;-31;233;-480;36;586
-684471161;-10;980;243;140;0;1050;954;-30;236;-480;36;586
-683914969;-10;981;241;210;140;1050;956;-31;226;-471;30;580
-683358765;-10;981;241;210;140;1050;956;-31;226;-471;30;580
-682802577;-11;980;241;140;210;980;957;-32;238;-481;33;582
-682246375;-11;980;241;140;210;980;957;-32;238;-471;33;573
-681690181;-11;981;241;140;210;980;955;-33;226;-471;33;573
-681133977;-12;981;242;140;210;980;954;-29;233;-472;34;589
-680577787;-12;981;242;140;210;980;954;-29;233;-477;28;592
-680021597;-12;979;241;210;0;980;955;-27;228;-477;28;592
-679465393;-13;980;240;210;-280;980;955;-32;232;-478;33;589
-678909195;-13;980;240;210;-280;980;955;-32;232;-478;34;583
-678352999;-11;979;241;210;-350;980;956;-32;236;-481;34;583
-677796801;-11;979;241;280;-350;1050;956;-32;236;-472;25;588
-677240611;-11;981;243;280;-350;1050;956;-30;233;-472;25;588
-676684419;-10;982;241;210;-210;1050;955;-31;229;-484;25;585
-676128221;-10;982;241;210;-210;1050;955;-31;229;-486;28;592
-675572019;-10;980;240;210;-140;1050;956;-34;237;-486;28;592
-675015833;-10;981;242;140;70;1050;956;-34;237;-468;24;576
-674459627;-10;981;242;140;70;1050;955;-35;232;-480;33;583
-673903441;-11;981;242;140;210;980;955;-31;229;-480;33;583
-673347245;-11;981;242;140;280;980;955;-31;229;-474;31;592
-672791039;-12;980;240;140;280;980;957;-31;221;-474;31;592
-672234841;-10;980;240;70;210;980;957;-33;232;-474;27;586
-671678651;-10;980;240;70;210;980;956;-33;232;-486;31;580
-671122453;-12;982;244;70;210;980;954;-27;233;-486;31;580
-670566261;-11;980;243;140;140;1050;954;-27;233;-480;27;598
-670010063;-11;980;243;140;140;1050;955;-34;229;-481;27;577
-669453873;-13;981;240;210;-70;980;956;-32;237;-481;27;577
-668897677;-13;981;240;210;-140;1050;956;-32;237;-474;33;580
-668341475;-11;981;242;210;-140;1050;956;-31;227;-474;37;598
-667785285;-10;981;242;210;-280;1050;956;-31;227;-474;37;598
-667229087;-10;981;242;210;-280;1050;954;-28;230;-483;34;595
-666672893;-11;980;241;280;-210;1050;956;-32;229;-483;34;595
-666116685;-11;981;240;280;-140;1050;956;-32;229;-478;27;589
-665560489;-12;981;240;280;-140;1050;955;-32;234;-480;36;580
-665004297;-12;981;240;210;-210;1050;955;-30;231;-480;36;580
-664448105;-12;981;240;210;-210;1050;955;-30;231;-480;28;589
-663891913;-12;980;241;140;-140;1050;955;-33;235;-472;25;595
-663335711;-10;980;241;140;-140;1050;955;-33;235;-472;25;595
-662779511;-10;980;241;140;-140;1050;956;-32;230;-480;25;583
-662223325;-12;982;242;210;0;980;956;-32;230;-480;25;579
-661667123;-12;982;242;210;0;980;956;-32;230;-475;25;579
-661110931;-11;981;242;210;0;980;954;-31;233;-489;34;588
-660554731;-10;980;242;210;0;980;954;-31;233;-489;34;588
-659998531;-10;980;242;210;0;980;956;-33;231;-483;27;589
-659442345;-12;982;240;210;0;980;957;-30;227;-469;21;586
-658886141;-11;981;239;210;-140;980;957;-30;227;-469;21;586
-658329943;-11;981;239;210;-140;980;954;-32;228;-478;30;594
-657773751;-12;980;242;210;-70;980;954;-29;236;-477;21;595
-657217549;-12;980;242;210;-70;980;956;-29;236;-477;21;595
-656661355;-11;981;242;210;-70;980;957;-28;223;-469;36;594
-656105171;-10;981;241;210;-70;980;957;-28;223;-469;36;594
-655548963;-10;981;241;210;-70;980;954;-31;234;-475;28;579
-654992775;-10;981;241;210;0;980;956;-35;234;-486;25;588
-654436573;-11;981;243;210;70;980;956;-35;234;-486;25;588
-653880373;-11;981;243;210;70;980;955;-33;233;-480;34;588
-653324189;-11;980;242;210;140;980;955;-33;233;-481;33;592
-652767975;-11;980;242;140;210;980;956;-30;224;-481;33;592
-652211787;-11;981;240;140;210;980;955;-33;231;-487;25;588
-651655601;-11;982;240;140;210;980;955;-33;231;-487;28;588
-651099393;-11;982;240;140;210;980;955;-29;231;-468;28;588
-650543205;-11;980;243;140;210;980;955;-32;233;-483;42;594
-649987001;-11;980;244;210;70;980;954;-32;233;-483;42;594
-649430811;-11;980;244;210;70;980;956;-31;234;-478;31;579
-648874619;-12;981;241;280;-70;980;956;-31;234;-474;25;592
-648318413;-12;981;241;210;-140;980;954;-34;226;-474;25;592
-647762217;-11;981;242;210;-140;980;956;-29;230;-478;31;585
-647206021;-11;981;242;140;-140;980;956;-29;230;-478;24;585
-646649837;-11;981;242;140;-140;980;955;-31;229;-478;24;585
-646093641;-11;980;242;210;-140;980;955;-31;229;-475;27;603
-645537443;-11;981;239;210;-70;1050;955;-31;230;-475;27;603
-644981249;-12;981;239;210;-70;1050;954;-33;224;-483;28;580
-644425041;-13;981;240;210;-70;1050;954;-33;224;-480;24;591
-643868845;-13;981;240;210;-70;980;957;-35;236;-480;24;591
-643312651;-11;981;242;140;0;980;956;-33;230;-483;33;577
-642756463;-11;980;243;140;0;980;956;-33;230;-471;34;592
-642200263;-11;980;243;140;0;980;954;-30;227;-471;34;592
-641644073;-11;981;242;210;-70;1050;954;-30;227;-481;27;585
-641087865;-11;981;242;210;0;980;957;-29;227;-481;27;588
-640531663;-10;981;241;210;0;980;956;-32;238;-483;21;588
-639975485;-12;981;242;140;-70;1050;956;-32;238;-480;30;591
-639419287;-12;981;242;140;-70;1050;954;-31;230;-480;30;591
-638863093;-11;980;242;210;0;980;954;-31;230;-483;28;580
-638306885;-13;981;241;210;-70;980;955;-32;229;-475;22;582
-637750701;-13;981;241;210;-70;980;957;-29;232;-475;22;582
-637194499;-11;982;241;210;-140;980;957;-29;232;-474;33;589
-636638309;-11;982;241;210;-280;980;955;-30;226;-480;27;588
-636082113;-10;980;242;210;-280;980;953;-28;235;-480;27;588
-635525911;-11;980;242;210;-280;980;953;-28;235;-471;33;594
-634969715;-11;980;242;210;-280;980;956;-32;233;-471;33;594
-634413527;-11;982;240;280;-280;1050;956;-32;233;-480;27;582
-633857323;-11;981;243;210;-210;1050;955;-30;235;-481;34;592
-633301121;-11;981;243;210;-210;1050;957;-33;233;-481;34;592
-632744931;-10;980;242;210;-280;980;957;-33;233;-489;28;595
-632188731;-10;980;242;280;-280;1050;957;-31;236;-489;28;582
-631632545;-11;981;242;280;-280;1050;957;-31;236;-489;28;582
-631076343;-11;981;240;210;-140;980;955;-32;227;-483;28;586
-630520141;-11;981;240;210;-140;980;954;-30;231;-483;24;588
-629963951;-12;981;242;140;0;980;954;-30;231;-483;24;588
-629407749;-12;980;243;210;0;980;956;-32;233;-478;36;585
-628851555;-12;980;243;210;0;980;955;-35;233;-478;36;585
-628295371;-12;981;241;280;-70;1050;955;-35;233;-475;25;594
-627739169;-12;981;241;280;-70;1050;956;-30;228;-471;27;592
-627182975;-11;981;241;140;-70;1050;956;-30;228;-471;27;592
-626626773;-11;981;242;140;0;980;955;-33;230;-478;30;583
-626070573;-11;981;242;140;0;980;956;-30;234;-483;33;594
-625514389;-11;980;243;140;70;980;956;-30;234;-483;33;594
-624958175;-11;980;241;210;70;980;955;-31;229;-478;28;595
-624401991;-12;981;241;210;70;980;955;-31;229;-478;28;595
-623845793;-12;980;241;210;0;980;956;-31;231;-474;28;585
-623289593;-12;980;241;210;0;980;955;-33;231;-478;36;588
-622733403;-11;980;242;140;0;980;955;-33;231;-478;36;588
-622177201;-11;982;243;210;0;980;955;-30;233;-474;25;586
-621621011;-11;982;243;210;0;980;955;-27;230;-481;34;591
-621064817;-11;981;242;210;0;980;955;-27;230;-481;34;591
-620508617;-11;981;242;210;0;980;955;-32;235;-478;27;591
-619952417;-10;980;241;210;0;980;955;-32;235;-471;30;595
-619396221;-11;980;241;210;-70;1050;955;-30;229;-471;30;595
-618840031;-11;980;241;210;-70;1050;956;-28;231;-478;30;589
-618283835;-11;982;243;280;-70;1050;956;-28;231;-478;30;589
-617727645;-11;981;242;210;-70;980;957;-34;233;-471;34;600
-617171449;-11;981;242;210;-70;980;957;-34;233;-483;28;589
-616615243;-12;980;240;210;-70;980;956;-30;235;-483;28;589
-616059045;-12;980;240;210;-70;980;955;-32;227;-480;28;588
-615502855;-11;980;241;210;-70;980;955;-32;227;-474;25;591
-614946663;-12;981;241;210;-140;980;956;-27;232;-474;25;591
-614390463;-12;981;241;210;-140;980;955;-33;234;-480;24;583
-613834273;-10;982;242;210;-210;980;955;-33;234;-480;24;583
-613278065;-11;982;243;210;-140;980;954;-30;235;-477;28;589
-612721875;-11;982;243;210;-140;980;954;-30;235;-480;33;588
-612165673;-11;980;242;140;-140;980;955;-31;228;-480;33;588
-611609477;-11;980;242;210;-140;980;955;-33;236;-483;25;592
-611053293;-11;981;241;210;-140;980;955;-33;236;-480;31;595
-610497085;-11;981;241;210;-70;980;957;-33;227;-480;31;595
-609940901;-11;981;241;210;-70;980;957;-33;227;-474;25;583
-609384699;-11;982;242;210;-140;980;955;-30;227;-480;25;598
-608828497;-11;980;243;210;-140;1050;954;-27;229;-480;25;598
-608272311;-11;980;243;210;-140;1050;954;-27;229;-471;30;591
-607716117;-11;980;242;280;-140;980;954;-34;231;-471;30;591
-607159917;-11;980;242;280;-210;980;956;-31;236;-486;25;592
-606603725;-10;982;240;210;-210;980;956;-31;236;-477;27;600
-606047523;-11;981;242;140;-210;980;957;-33;228;-477;27;600
-605491331;-11;981;242;140;-210;980;957;-33;228;-475;33;595
-604935131;-11;980;243;140;-140;980;955;-32;232;-480;28;588
-604378931;-11;980;241;210;0;1050;955;-32;231;-480;28;588
-603822745;-11;981;241;210;0;1050;955;-32;231;-475;30;597
-603266541;-11;981;240;210;140;980;954;-31;228;-475;30;591
-602710341;-11;981;240;210;140;980;954;-31;228;-469;24;591
-602154151;-9;981;241;140;70;980;955;-30;230;-474;30;592
-601597949;-11;980;244;210;140;1050;957;-33;233;-474;30;592
-601041759;-11;980;244;210;140;1050;957;-33;233;-480;28;592
-600485569;-10;982;240;280;-70;980;957;-31;228;-480;27;598
-599929369;-10;982;240;210;70;980;956;-30;228;-480;27;598
-599373175;-12;981;242;210;70;980;956;-30;228;-484;28;589
-598816973;-11;980;242;140;0;980;955;-35;236;-489;28;597
-598260773;-11;980;242;140;0;980;955;-35;236;-489;28;597
-597704589;-12;981;242;210;0;980;958;-31;230;-475;28;594
-597148375;-10;981;240;210;0;1050;955;-30;226;-475;28;594
-596592191;-10;981;240;210;0;1050;955;-30;226;-471;28;595
-596035993;-12;981;242;210;0;980;956;-25;235;-475;19;595
-595479793;-12;981;242;140;0;980;956;-25;235;-475;19;595
-594923603;-11;980;243;140;0;980;955;-31;231;-486;22;582
-594367401;-11;982;242;210;-70;980;955;-33;236;-477;33;582
-593811211;-11;982;242;210;-70;980;955;-33;236;-477;33;582
-593255019;-12;981;241;210;-140;1050;956;-29;232;-478;34;598
-592698813;-11;980;242;140;-140;1050;954;-35;233;-478;34;598
-592142617;-11;980;242;140;-140;1050;954;-35;233;-483;31;591
-591586421;-11;981;244;210;-140;980;956;-28;234;-477;39;589
-591030227;-11;981;244;280;-210;980;956;-28;234;-477;39;589
-590474035;-12;981;240;280;-210;980;955;-31;227;-484;19;586
-589917845;-10;981;241;280;-210;1050;956;-32;228;-481;31;592
-589361649;-10;981;241;280;-210;1050;956;-32;228;-481;31;592
-588805441;-10;981;242;280;-210;980;957;-34;234;-474;33;600
-588249245;-11;980;243;210;-210;1050;957;-34;234;-481;31;589
-587693055;-11;980;243;210;-210;1050;956;-32;227;-481;31;589
-587136863;-12;981;241;280;-210;1050;956;-30;223;-478;30;595
-586580663;-12;981;241;280;-140;1050;956;-30;223;-478;30;595
-586024473;-10;981;241;280;-140;1050;956;-30;235;-474;28;589
-585468277;-12;980;243;210;-140;980;956;-32;228;-489;30;589
-584912075;-12;980;243;210;-140;980;956;-32;228;-489;30;589
-584355885;-10;980;242;210;-70;1050;954;-31;230;-477;22;582
-583799685;-10;980;242;210;0;1050;954;-31;230;-477;21;589
-583243487;-11;980;242;210;0;1050;957;-30;229;-477;21;589
-582687285;-11;980;240;210;0;980;957;-33;234;-477;28;579
-582131089;-11;980;240;210;0;980;957;-33;234;-477;28;603
-581574897;-11;980;242;210;70;980;955;-30;229;-475;27;603
-581018709;-11;981;243;210;70;980;955;-30;229;-480;33;576
-580462513;-11;981;243;210;70;980;955;-32;229;-480;33;576
-579906311;-13;981;240;210;0;1050;954;-34;234;-478;24;588
-579350117;-13;981;240;210;70;980;954;-34;234;-466;24;597
-578793925;-10;981;240;210;70;980;957;-33;229;-466;24;597
-578237729;-11;981;242;70;210;980;956;-30;231;-477;21;583
-577681531;-11;981;242;70;210;980;956;-30;231;-480;27;589
-577125331;-11;981;243;140;280;1050;957;-32;230;-480;27;589
-576569131;-12;981;241;140;280;1050;957;-32;230;-478;25;585
-576012945;-12;981;241;140;280;1050;956;-32;230;-478;25;585
-575456741;-11;981;241;140;280;980;955;-29;231;-486;30;588
-574900543;-11;981;241;210;280;980;955;-29;231;-484;34;579
-574344351;-12;981;241;210;280;980;956;-30;233;-484;34;579
-573788149;-11;982;243;210;280;980;956;-30;233;-472;31;592
-573231959;-11;982;243;210;280;980;954;-30;235;-478;30;591
-572675763;-12;981;242;140;140;980;956;-30;230;-478;30;591
-572119569;-11;982;241;210;0;980;956;-30;230;-478;28;592
-571563375;-11;982;241;210;0;980;956;-34;229;-478;27;583
-571007173;-12;980;241;210;-70;980;956;-33;231;-475;27;583
-570450973;-12;980;241;210;0;980;956;-33;231;-475;33;591
-569894789;-11;981;242;210;0;980;957;-32;227;-475;33;591
-569338575;-12;982;241;210;-70;980;957;-32;227;-481;21;580
-568782387;-12;982;241;210;-70;980;955;-31;227;-475;27;592
-568226189;-12;981;242;140;0;980;956;-34;230;-475;27;592
-567669993;-12;981;243;140;0;980;956;-34;230;-480;27;582
-567113803;-10;981;243;140;0;980;955;-30;231;-481;21;600
-566557607;-11;981;241;210;0;980;955;-30;231;-481;21;600
-566001411;-11;981;241;210;0;980;956;-35;227;-469;34;583
-565445219;-10;981;241;210;0;980;957;-33;234;-469;34;583
-564889013;-11;981;242;140;0;980;957;-33;234;-483;24;583
-564332817;-11;981;242;140;0;980;954;-32;227;-480;34;589
-563776621;-11;980;243;210;70;980;956;-31;231;-480;34;589
-563220437;-11;980;242;210;70;1050;956;-31;231;-478;27;592
-562664241;-12;981;242;210;70;1050;957;-29;229;-475;28;583
-562108043;-11;981;241;210;-70;980;957;-29;229;-475;28;583
-561551849;-11;981;241;210;-70;980;955;-32;233;-478;28;589
-560995641;-12;980;243;210;-70;980;957;-33;233;-478;27;597
-560439445;-11;981;242;210;-140;980;957;-33;233;-477;27;597
-559883255;-11;981;242;210;-140;980;956;-31;229;-472;30;586
-559327063;-11;981;242;210;-140;1050;956;-31;229;-472;30;586
-558770863;-11;981;242;210;-70;1050;956;-31;231;-480;25;580
-558214673;-10;981;242;210;-70;1050;954;-35;233;-477;30;586
-557658465;-10;979;242;210;-140;1050;954;-35;233;-477;30;586
-557102275;-10;979;242;210;-140;1050;957;-32;225;-466;18;585
-556546085;-11;981;242;210;-210;980;957;-28;231;-474;21;582
-555989883;-12;981;243;210;-140;980;957;-28;231;-474;21;582
-555433687;-12;981;243;210;-140;980;957;-32;230;-480;28;588
-554877487;-10;980;241;210;-210;980;957;-32;230;-480;28;588
-554321301;-10;980;241;210;-210;980;956;-30;236;-472;30;585
-553765099;-11;982;241;210;-210;980;956;-28;231;-484;28;585
-553208909;-11;980;242;210;-280;1050;956;-28;231;-484;28;585
-552652713;-11;980;242;210;-280;1050;955;-35;232;-484;33;586
-552096511;-9;982;241;210;-280;1050;955;-35;232;-481;18;592
-551540317;-10;981;243;210;-70;1050;955;-30;237;-481;18;592
-550984127;-10;981;243;210;-70;1050;956;-32;225;-475;25;582
-550427923;-12;982;243;210;-70;980;956;-32;225;-484;27;586
-549871733;-12;982;243;210;-140;980;956;-32;238;-484;27;586
-549315537;-11;980;242;210;-140;980;956;-33;229;-483;30;583
-548759331;-10;981;240;210;-70;1050;956;-33;229;-483;30;583
-548203145;-10;981;240;210;-70;1050;956;-32;232;-472;28;594
-547646943;-11;981;242;210;-140;980;956;-32;232;-483;21;591
-547090741;-11;982;242;210;-140;980;955;-31;225;-483;21;591
-546534551;-12;982;242;210;-140;980;956;-30;232;-475;27;582
-545978349;-10;981;241;210;-140;1050;956;-30;232;-474;25;598
-545422159;-10;981;241;210;-140;980;956;-32;231;-474;25;598
-544865969;-11;981;242;210;-70;980;956;-32;231;-468;33;592
-544309769;-11;981;240;210;0;980;957;-32;229;-468;33;592
-543753575;-11;981;240;210;0;980;956;-30;231;-484;24;592
-543197373;-11;981;243;140;70;980;956;-30;231;-474;28;576
-542641173;-11;981;243;140;140;980;956;-30;233;-474;28;576
-542084989;-11;981;241;140;140;980;955;-32;235;-478;31;588
-541528775;-12;980;242;140;140;980;955;-32;235;-475;22;595
-540972591;-12;980;242;140;140;980;956;-27;233;-475;22;595
-540416393;-12;981;243;140;140;980;956;-27;233;-478;33;588
-539860193;-10;983;242;210;-70;1050;956;-32;226;-474;22;588
-539304005;-10;983;242;210;-70;1050;955;-32;238;-474;22;588
-538747807;-12;980;243;210;-70;980;955;-32;238;-480;21;583
-538191607;-12;980;243;210;-210;980;956;-30;228;-480;21;583
-537635417;-11;982;240;210;-210;980;956;-30;228;-472;36;592
-537079217;-11;981;242;140;0;1050;954;-30;231;-483;24;591
-536523023;-11;981;242;140;0;1050;957;-32;233;-483;24;591
-535966821;-11;980;242;210;0;1050;957;-32;233;-486;25;591
-535410631;-12;981;243;140;0;980;957;-33;231;-487;27;585
-534854441;-12;981;243;140;0;980;958;-28;230;-487;27;585
-534298245;-11;981;242;140;-70;1050;958;-28;230;-481;31;591
-533742049;-11;981;242;140;-70;1050;956;-32;229;-481;31;591
-533185841;-11;979;242;140;-70;1050;956;-32;229;-478;27;595
-532629645;-12;981;242;210;-70;980;957;-30;234;-483;36;582
-532073453;-12;981;242;210;-70;980;956;-32;228;-483;36;582
-531517259;-11;980;242;280;-70;980;956;-32;228;-484;25;586
-530961063;-13;981;242;210;-70;980;956;-28;230;-478;25;583
-530404873;-13;981;242;210;-70;980;956;-28;230;-478;25;583
-529848665;-12;981;242;210;-140;980;956;-31;228;-475;25;588
-529292481;-12;981;242;210;-210;1050;956;-31;233;-484;18;594
-528736273;-12;981;242;210;-210;1050;956;-31;233;-484;18;594
-528180083;-11;980;241;280;-280;1050;955;-32;230;-475;34;591
-527623887;-11;980;241;280;-280;1050;955;-31;232;-475;34;591
-527067687;-11;981;242;280;-280;1050;955;-31;232;-478;21;597
-526511501;-11;981;242;210;-280;1050;955;-33;233;-478;25;589
-525955299;-10;981;242;210;-280;1050;955;-33;233;-478;25;589
-525399097;-10;981;242;210;-210;980;955;-31;232;-481;21;585
-524842911;-10;981;242;210;-210;980;955;-35;225;-477;27;579
-524286717;-10;981;241;210;-70;980;955;-35;225;-477;27;579
-523730517;-11;981;241;210;140;980;958;-33;235;-472;28;586
-523174325;-11;981;241;210;140;980;958;-33;235;-472;28;591
-522618119;-11;981;242;140;210;980;956;-33;227;-483;22;591
-522061931;-11;981;242;140;210;980;955;-32;231;-478;28;595
-521505731;-12;980;242;140;210;980;955;-32;231;-478;28;595
-520949531;-12;981;242;140;140;980;956;-31;229;-478;22;594
-520393345;-12;981;242;140;140;980;955;-33;233;-483;24;592
-519837145;-10;980;241;140;140;980;955;-33;233;-483;24;592
-519280953;-11;980;243;140;0;1050;955;-31;229;-481;28;585
-518724751;-11;980;243;140;0;1050;955;-31;229;-484;37;588
-518168549;-11;981;241;210;-70;980;955;-34;230;-484;37;588
-517612359;-11;981;241;210;0;980;955;-31;231;-475;24;589
-517056163;-11;981;241;210;0;980;955;-31;231;-475;24;589
-516499969;-12;981;242;140;70;980;955;-30;226;-483;33;594
-515943775;-12;981;242;140;70;980;955;-30;226;-472;40;595
-515387569;-11;982;243;210;0;980;956;-27;232;-472;40;595
-514831373;-11;981;243;210;-70;980;955;-34;233;-483;36;583
-514275189;-11;981;243;210;-70;980;955;-34;233;-475;27;579
-513718975;-12;979;242;210;-140;980;956;-31;233;-475;27;579
-513162791;-12;979;242;210;-210;980;955;-30;225;-478;25;582
-512606601;-11;981;242;210;-210;980;955;-30;225;-478;25;585
-512050405;-11;981;241;210;-140;980;957;-31;236;-478;19;585
-511494205;-11;981;241;210;-140;980;957;-31;236;-469;30;591
-510938007;-12;981;243;210;-140;980;955;-32;233;-469;30;591
-510381811;-11;981;242;210;-140;980;956;-30;234;-483;28;589
-509825617;-11;981;242;210;-140;980;956;-30;234;-487;27;591
-509269417;-12;981;242;210;-70;980;956;-32;226;-487;27;591
-508713223;-12;981;242;210;-70;980;956;-32;226;-483;22;592
-508157021;-11;979;241;210;-70;980;955;-32;233;-480;19;585
-507600827;-11;980;242;210;-70;980;956;-35;230;-480;19;585
-507044641;-11;980;242;210;-70;980;956;-35;230;-483;36;594
-506488445;-10;982;241;280;-70;1050;956;-32;227;-483;36;594
-505932249;-10;982;243;210;-70;980;955;-31;230;-477;28;586
-505376041;-12;982;243;210;-70;980;955;-31;230;-483;34;588
-504819845;-11;980;243;140;-70;980;956;-32;227;-483;34;588
-504263655;-11;980;243;140;-70;1050;956;-32;227;-478;24;591
-503707463;-10;981;242;140;0;1050;957;-30;227;-477;30;588
-503151257;-11;982;242;140;70;980;957;-32;233;-477;30;588
-502595073;-11;982;242;140;70;980;957;-32;233;-478;27;580
-502038877;-11;980;242;140;210;980;956;-31;231;-478;30;588
-501482675;-11;980;242;210;210;980;956;-31;231;-483;30;588
-500926485;-10;981;242;210;210;980;955;-30;231;-478;24;588
-500370283;-11;980;241;210;140;980;957;-31;230;-478;24;588
-499814087;-11;980;241;210;140;980;957;-31;230;-472;27;588
-499257885;-12;981;241;210;0;980;955;-29;234;-478;24;583
-498701701;-13;981;241;210;-70;980;955;-30;230;-478;24;583
